Force X (N);Force Y (N);Force Z (N);Torque X (N-m);Torque Y (N-m);Torque Z (N-m);Frequency = 1000;Averaging Level = 16;F/T Serial Number = FT38684;Time Started = 29.11.2023 23:00:18
0.00508154043927789;-0.01771105453372;0.0660460889339447;-0.000186700752237812;0.000300781917758286;0.000359798577846959
0.00794338900595903;-0.0293167009949684;0.0563712306320667;-0.000287225528154522;0.000212952567380853;0.000224565446842462
-0.00155251286923885;-0.00184365315362811;0.0530826151371002;-0.000261463894275948;0.000582418753765523;0.000471095991088077
-0.00624949904158711;-0.0141247063875198;0.0719345957040787;0.00012593150313478;0.00044485877151601;0.000248853728407994
-0.00691417884081602;-0.00931200943887234;0.0716606453061104;-6.4569256210234E-05;0.000606356130447239;0.000163639924721792
-0.00373799004592001;-0.00596372643485665;0.0560464076697826;-6.19136990280822E-05;0.000255935447057709;5.47724412172101E-05
0.000905212946236134;-0.00765000330284238;0.0563093014061451;5.7457964430796E-05;0.000303847016766667;0.000571697892155498
0.0046852775849402;-0.00902599841356277;0.0634465664625168;5.35543913429137E-05;0.000326820474583656;0.000159586721565574
0.000908141722902656;-0.0154588930308819;0.0788189917802811;5.19558016094379E-05;0.000253172795055434;0.000380216224584728
-0.00443341163918376;-0.00942559260874987;0.0523511432111263;0.000249838485615328;0.000218946719542146;1.01915647974238E-05
-0.00275289779528975;-0.0145787224173546;0.0673632547259331;-0.000191510000149719;0.000500643509440124;0.000447206170065328
-0.0035334040876478;-0.00824779458343983;0.0439767986536026;0.000122583340271376;0.000524139846675098;7.97666689322796E-06
0.000841926084831357;0.000510263023898005;0.0647052749991417;0.000320271647069603;-4.9511218094267E-05;0.000173734617419541
0.00226241513155401;-0.0239032246172428;0.0680743977427483;6.16840188740753E-05;0.000538901949767023;0.000175447188667022
0.00333959353156388;-0.00763477711006999;0.0615729987621307;-0.000204343072255142;0.000232739053899422;1.42507888085674E-05
-0.00597666250541806;-0.00363067770376801;0.0520211160182953;0.000151211497723125;0.000233795319218189;0.000411734188674018
-0.00542212277650833;-0.00581151526421309;0.07829899340868;-8.16728424979374E-05;0.000179983966518193;2.13918665394885E-05
-0.000235892366617918;-0.0129577219486237;0.0929329991340637;0.000139563184347935;0.000325663655530661;7.21641263226047E-05
-0.00819879025220871;-0.000515425112098455;0.0549766905605793;0.0002836512576323;0.000340437225531787;0.000414181005908176
0.00699344370514154;-0.0149819180369377;0.0941656976938248;0.000126922255731188;-8.7684289610479E-05;0.000343085528584197
0.0121241649612784;-0.0195414796471596;0.087026484310627;-0.000304058368783444;0.000290703435894102;2.54849874181673E-05
-0.0028002851177007;-0.0152510423213243;0.0519349239766598;-0.000102440193586517;0.000130825399537571;-2.05408796318807E-05
-0.0156377907842398;-0.00707142660394311;0.036406833678484;-3.19306091114413E-05;0.000364702893421054;0.000188630554475822
0.000640820944681764;-0.0102696754038334;0.0536746606230736;4.37373491877224E-05;0.000405368453357369;4.03643571189605E-05
-0.00477606290951371;-0.0130432825535536;0.0505321957170963;-6.96546048857272E-05;0.000238581997109577;0.000380933255655691
-0.000263362191617489;-0.0197746995836496;0.0957980751991272;4.94914711453021E-05;0.00037713983329013;-9.9206154118292E-05
-0.0155808068811893;-0.00519082462415099;0.0475816242396832;-0.000108018008177169;0.000574259785935283;0.000166317215189338
-0.00877364352345467;-0.00304475286975503;0.0813700333237648;0.000203031129785813;0.000178224130650051;0.000224187271669507
-0.00566677842289209;-0.011253148317337;0.0574729964137077;-3.50196496583521E-05;0.000181151903234422;0.000427005026722327
-0.00215870654210448;-0.0120422290638089;0.0795416086912155;-0.000370333000319079;0.000301689346088097;7.88695469964296E-05
-0.0026350892148912;-0.00644787074998021;0.0643956363201141;-8.64003377500921E-05;0.000210299054742791;4.3997624743497E-05
0.0038025074172765;-0.00373812206089497;0.0900255143642426;0.000246959505602717;0.000168380749528296;0.000343897001584992
-0.00203559314832091;-0.0176185667514801;0.0689869597554207;-0.000146286998642609;0.000639036414213479;0.000548917450942099
-0.00492080394178629;-0.0113524943590164;0.0730586722493172;-5.24179558851756E-05;0.000421165401348844;-0.000109136730316095
-0.0107115413993597;-0.00075233168900013;0.0813238099217415;0.000240452311118133;0.000153047614730895;0.000238534252275713
0.000527839292772114;-0.0134876649826765;0.072749525308609;-0.000202387105673552;0.000152048247400671;0.000290394556941465
-0.00238608825020492;-0.0108393607661128;0.0565316379070282;0.000104912585811689;0.000440789764979854;0.000156381138367578
0.000307596521452069;0.000514568295329809;0.069988064467907;-8.31740107969381E-05;0.000373261485947296;0.000148858889588155
0.00413484033197165;0.000585165107622743;0.0939659476280212;7.59641770855524E-05;0.000284447974991053;0.000289110466837883
-0.00616876687854528;-0.0194092802703381;0.078935295343399;0.000135835827677511;0.000262510380707681;0.000193149651749991
0.00765078142285347;-0.0163235403597355;0.0775326415896416;-1.48690342030022E-05;0.000293013290502131;-6.4184408984147E-05
0.00411828886717558;-0.0014475891366601;0.0771494135260582;5.99790728301741E-05;0.000204956828383729;0.000395331822801381
-0.00764954276382923;-0.0214947145432234;0.061039712280035;0.000208606492378749;0.000477892259368673;0.000185975877684541
-0.013609953224659;-0.00928822159767151;0.0729047209024429;4.49399121862371E-05;0.000329458911437541;0.000277004379313439
-0.000553351826965809;-0.0220298916101456;0.0812899544835091;-0.000260071246884763;0.000237869273405522;0.000164636367117055
-0.000343593535944819;-0.0251934640109539;0.043969139456749;-0.000108934407762717;0.000466162950033322;0.000464169454062358
0.0016301452415064;-0.00606551393866539;0.0494474619626999;0.000160989002324641;0.000242631242144853;0.000224669478484429
0.0121871447190642;-0.00225550378672779;0.080563485622406;0.000394112808862701;0.00015813743812032;0.000297731370665133
-0.00349175906740129;-0.0170212145894766;0.0454391650855541;5.79646402911749E-05;0.00055328756570816;0.000466383789898828
-0.00202749902382493;-0.0183185543864965;0.0577364303171635;-8.03816510597244E-05;0.000309195049339905;0.000169270992046222
-0.00411675497889519;-0.00939065776765347;0.0914466381072998;0.000230121164349839;0.000209783582249656;7.10998574504629E-05
-0.00248928205110133;-0.00910412333905697;0.0924050211906433;-0.000218159824726172;0.000541041023097932;0.000344832631526515
0.00601518619805574;-0.0159280579537153;0.0744852274656296;-8.07837350293994E-05;0.000136612929054536;6.22662555542775E-05
-0.000947259832173586;-0.00623974716290832;0.0463748015463352;6.72569003654644E-05;0.000132913613924757;0.000465835852082819
-7.27702863514423E-05;-0.00307809049263597;0.10679304599762;0.000162772223120555;0.000431584863690659;0.000166300553246401
-0.00564758339896798;-0.0206859055906534;0.0982084721326828;-0.000159102593897842;0.000351554190274328;-0.000170993691426702
-0.00407660566270351;-0.000635000644251704;0.0534428879618645;0.000107894746179227;0.000361678627086803;0.000112490801257081
-0.00358177581802011;-0.0159783810377121;0.0686690434813499;-0.000201790651772171;0.000377359945559874;0.000532853417098522
0.00464752409607172;-0.0114130284637213;0.0936800986528397;-0.000273808487690985;0.000203425195650198;0.00018604050274007
-0.00394741725176573;-0.0164107047021389;0.068902775645256;-0.000133735942654312;0.000493074650876224;6.06926441832911E-05
0.00202753371559083;-0.00117793632671237;0.0758166909217834;0.000219404711970128;-3.21621701004915E-06;0.000264773640083149
0.00429088529199362;-0.00134109472855926;0.0770265311002731;-6.23956111667212E-06;0.000165119708981365;0.000394909933675081
0.00129918195307255;-0.0103978384286165;0.0981486067175865;-0.000202032111701556;0.000578849168960005;0.000233241749810986
-0.0119343521073461;-0.00713086826726794;0.0829292312264442;0.00024168637173716;0.000264751142822206;0.000124437414342538
-0.000891649629920721;-0.00417226133868098;0.0898447409272194;0.000174949323991314;0.000163431410328485;0.00037182288360782
0.00143477425444871;-0.0151782687753439;0.100908808410168;-7.78664470999502E-05;0.000123120364150964;0.000346381973940879
0.00917896721512079;-0.0213482510298491;0.0828210040926933;-0.000365848158253357;0.000469550868729129;0.000324982509482652
0.00251584383659065;-0.00469400826841593;0.0775832906365395;0.000241519112023525;0.000329395959852263;2.35229599638842E-05
-0.00446383282542229;0.00888569746166468;0.0908807963132858;3.79680132027715E-05;0.000451583764515817;0.000503728981129825
-0.0092233270406723;-0.0158027708530426;0.0494736321270466;4.5383807446342E-05;0.000475557491881773;0.00015205804083962
-0.00891248695552349;-0.0101321097463369;0.0815212056040764;8.50872311275452E-05;0.000453450542408973;0.000353754061507061
0.00784717034548521;-0.0240408927202225;0.0999420136213303;-9.34814815991558E-05;0.000363443832611665;0.000432849308708683
-0.000752202700823545;-0.0190386287868023;0.0771860927343369;-0.000238696156884544;0.000393457507016137;-8.00962880020961E-06
-0.00620579719543457;-0.00509608210995793;0.0465771406888962;0.000139539712108672;0.000443029101006687;0.000467552250484005
-0.00786168780177832;-0.00512289674952626;0.082843080163002;9.85234073596075E-05;0.000432742381235585;0.000268909963779151
-0.00747049227356911;-0.00941058900207281;0.0811826139688492;-0.00013068898988422;0.000364689214620739;0.000109080283436924
-0.0105515234172344;-0.00772708188742399;0.0756518095731735;-3.48405192198697E-05;0.000440209347289056;0.000494145671837032
0.0137379830703139;-0.0203868001699448;0.0704819858074188;-9.21652681427076E-05;0.000202005030587316;0.000634301919490099
0.00548868486657739;-0.0173196978867054;0.0706605538725853;0.000109270658867899;0.000256306870141998;0.00016180457896553
-0.00104939844459295;-0.0132473688572645;0.0745900571346283;6.30417998763733E-05;0.000346889952197671;0.000694251386448741
0.00138770509511232;-0.0153875648975372;0.0679288282990456;0.000143502096761949;0.000427508377470076;8.97995341802016E-05
-0.00738866301253438;-0.0072216265834868;0.0691595152020454;0.000176006855326705;0.000553941063117236;-0.000123700840049423
-0.00555711006745696;-0.00471770437434316;0.029955193400383;0.000210115395020694;0.000473119085654616;0.000259675463894382
-0.00495567265897989;-0.0242723431438208;0.0830392464995384;1.11985973489936E-05;0.000256816507317126;0.00045227594091557
0.000659996643662453;-0.0150138027966022;0.0740684568881989;-0.00041549961315468;0.000451894418802112;0.000349362700944766
-0.0036848655436188;-0.0150302033871412;0.0785516127943993;-0.00014783583173994;0.0004035652091261;0.000308437418425456
0.00122899911366403;-0.00411937152966857;0.0532304309308529;-4.94027262902819E-05;0.000169751147041097;0.000268651056103408
-0.00155514874495566;-0.00816861726343632;0.126141741871834;6.09507042099722E-05;0.000225126699660905;0.000287750735878944
0.000786919379606843;-0.0256468337029219;0.0663367956876755;-8.65563051775098E-05;0.000369446584954858;0.00037366637843661
-0.000220140675082803;-0.00845128297805786;0.0676249787211418;9.9801218311768E-05;0.000362876307917759;0.000261810346273705
-0.00440365448594093;-0.000913422089070082;0.0923097282648087;-2.86168142338283E-05;0.000320877588819712;0.000459408853203058
-0.00356713496148586;-0.0169518049806356;0.0841147527098656;-0.000117780669825152;0.000275034515652806;0.000553809455595911
0.0132494391873479;-0.00851427111774683;0.0798426494002342;-0.00016128655988723;3.52021779690403E-05;0.00012271769810468
-0.00590754160657525;-0.00511617353186011;0.0519833527505398;-1.73131593328435E-05;0.000507944845594466;0.000513044302351773
0.00200261501595378;-0.010650647804141;0.0955697521567345;3.9835533243604E-05;0.000405411323299631;0.000561383145395666
-0.008248595520854;-0.017832737416029;0.0761624425649643;1.31793149193982E-05;0.000613635522313416;-9.31132308323868E-05
-0.00581266544759274;-0.0206981264054775;0.045682106167078;0.000124641810543835;0.000644385465420783;7.95608357293531E-05
-0.00146391429007053;-0.00238580023869872;0.0824978351593018;-3.46409178746399E-05;0.000113940630399156;0.000109781060018577
-0.00826551858335733;-0.0129353348165751;0.0866984128952026;-0.000133863853989169;0.00020345718075987;0.000310910778352991
0.00390835665166378;-0.00933036301285028;0.04224993288517;-6.46722037345171E-05;0.000293101009447128;0.000435937254223973
0.0014944733120501;-0.00850832834839821;0.0853818729519844;-0.000101855068351142;0.000187255835044198;0.000512290396727622
0.0037061374168843;-0.0201482232660055;0.105638965964317;-6.64427425363101E-05;0.000652144313789904;0.000207915305509232
0.00437135947868228;-0.00611226540058851;0.0797930657863617;-0.000193709289305843;0.000332998897647485;0.000152481079567224
-0.000236440915614367;-0.00485090957954526;0.0577893070876598;0.000190656544873491;0.000218879897147417;0.000343086809152737
-0.00653467234224081;-0.000844007823616266;0.0657294765114784;-6.99942393111996E-06;0.000266139686573297;0.000317746482323855
0.000901204999536276;-0.0112302843481302;0.0731809884309769;1.20316944958176E-05;0.000422734097810462;0.000493624131195247
-0.00164996273815632;-0.0115356668829918;0.0883130505681038;-7.60286784498021E-05;0.000259322696365416;0.000183830488822423
0.00857708789408207;-0.00543801579624414;0.0789345875382423;0.000235790183069184;0.000159030998474918;0.000381941703381017
-0.0056242966093123;-0.012661362066865;0.0511242337524891;0.000200814887648448;0.000554652360733598;0.000326313282130286
0.325507551431656;-0.0642327070236206;0.361731976270676;0.00288345711305738;0.0105586173012853;0.0274028293788433
0.0396319329738617;-0.0720924884080887;-0.471795082092285;0.000672573922201991;0.00301237055100501;-0.0207716189324856
0.192339718341827;-0.397504210472107;-0.482637852430344;0.00256205350160599;-0.0106508387252688;0.0288373567163944
-0.168802976608276;0.403022468090057;-0.302910268306732;0.00382741680368781;-0.0264510773122311;0.0454451739788055
-0.739340901374817;0.110366225242615;-0.524179995059967;-0.027476254850626;-0.0866722539067268;0.0600350983440876
-0.572918295860291;0.408669173717499;1.11044347286224;-0.0297139398753643;0.00158898113295436;0.0252675861120224
0.644723296165466;1.00896048545837;0.414669632911682;-0.0726325288414955;0.028927031904459;0.0581059679389
0.957992792129517;-0.991891443729401;0.0812848806381226;0.0387962609529495;0.0944449454545975;0.111460894346237
1.68873763084412;-1.57181453704834;-1.11969554424286;0.0651264488697052;0.02949452213943;0.199515491724014
-0.603348553180695;-0.451459586620331;0.125546082854271;0.046583317220211;-0.078974574804306;0.0528291314840317
-0.980984687805176;1.84075617790222;-0.115563109517097;-0.0839479342103004;-0.0322446152567863;0.114929795265198
1.39187371730804;0.514481544494629;0.149355605244637;-0.0282359849661589;0.0824723094701767;0.0421837903559208
0.0238146781921387;-0.475159645080566;0.553308725357056;0.0707126706838608;0.0152641041204333;0.0735698267817497
-0.365782976150513;0.315056085586548;0.00834893435239792;-0.0109850764274597;-0.0373301208019257;0.0898691266775131
0.571898818016052;-0.252082586288452;0.537462532520294;-0.0102039566263556;0.0464123785495758;0.10038597881794
-0.720375061035156;-0.824891924858093;0.582795202732086;0.0206008404493332;-0.0518810898065567;0.0931845158338547
0.0190751552581787;0.680811285972595;-0.0139009580016136;-0.0869526788592339;0.0413542091846466;0.124378018081188
1.48323726654053;-1.25298309326172;0.57305121421814;0.119393184781075;0.0758101940155029;0.180227145552635
-1.89863872528076;0.594048738479614;0.382179260253906;-0.0412644296884537;-0.117824971675873;0.0550333112478256
0.994755983352661;-0.216233253479004;0.741543292999268;0.00969646964222193;0.0729144662618637;0.101580642163754
-0.762727975845337;0.151801109313965;0.380725204944611;-0.0336466357111931;-0.052989773452282;0.103502973914146
0.827805995941162;-0.478478014469147;0.77374541759491;0.0187111645936966;0.0713547319173813;0.0724683180451393
-0.237363338470459;0.462759137153625;0.576175332069397;-0.0170709490776062;-0.0258993972092867;0.104240238666534
0.529242157936096;-1.02730846405029;0.347795695066452;0.059613898396492;0.0383523069322109;0.0770168006420136
-1.35809588432312;1.15043604373932;1.26935410499573;-0.0701063573360443;-0.0812538117170334;0.113823264837265
1.42418050765991;-0.692060351371765;0.896102130413055;0.0434960275888443;0.0796254426240921;0.0946061611175537
-0.440079212188721;0.76781964302063;0.33586198091507;-0.0363359041512012;-0.0134469661861658;0.0884446799755096
-0.45886504650116;-0.146945357322693;0.657559633255005;0.0327913984656334;-0.0232734028249979;0.0897534638643265
0.407237768173218;0.412416577339172;1.13916647434235;0.00410048849880695;0.029878368601203;0.114193573594093
0.56616735458374;0.397871017456055;1.00869071483612;-0.0325370207428932;0.00278292037546635;0.103479288518429
0.331259608268738;-0.986626148223877;1.38746881484985;0.0327582284808159;-0.0120656238868833;0.109866440296173
-0.708180665969849;0.309362590312958;1.47852730751038;-0.00179889425635338;-0.00310967955738306;0.0674550756812096
0.229330062866211;-0.228838801383972;0.874441921710968;-0.00873412936925888;0.0153734339401126;0.0617684349417686
-0.075361967086792;-0.268476247787476;2.0410487651825;-0.0073242112994194;0.000414879992604256;0.104721024632454
-0.460281133651733;-0.169907569885254;1.73699152469635;-0.00154730724170804;-0.0167262367904186;0.0689707472920418
0.25068211555481;0.252090454101563;2.38108277320862;0.0035589886829257;0.0188097432255745;0.164765894412994
0.0486518740653992;-0.634671807289124;1.45477449893951;-0.00983945559710264;-0.0159696936607361;0.0434465818107128
0.274480819702148;0.28290057182312;2.20109105110168;0.0119210882112384;0.0113906171172857;0.148842483758926
0.223715305328369;0.0800503492355347;2.17527389526367;-0.00868644006550312;-7.77263194322586E-05;0.0983470603823662
-0.654279708862305;0.846433162689209;2.07977914810181;-0.0303360484540462;-0.0319452211260796;0.570948898792267
-1.47600173950195;-1.08774662017822;2.42541170120239;0.112160831689835;-0.0499710366129875;0.691882789134979
2.43091869354248;1.91623377799988;4.07225847244263;-0.0901599004864693;0.178003594279289;0.385651111602783
2.92429637908936;-0.0646519660949707;2.97693538665771;0.0230159610509872;0.137479826807976;0.295078545808792
0.984695136547089;-1.27162146568298;5.06718063354492;0.0422130264341831;0.031993892043829;0.0668927878141403
0.910786151885986;-0.940168499946594;4.7649884223938;-0.00197631400078535;0.0268463827669621;0.124452866613865
1.92553687095642;-0.893870830535889;3.92338466644287;0.0295488461852074;0.110605411231518;0.138474464416504
0.88850212097168;0.180305480957031;4.78135251998901;0.00735557032749057;0.0283406972885132;0.101119577884674
0.843804597854614;-0.300661563873291;3.58904314041138;0.00550380721688271;0.0491344965994358;0.153305739164352
2.23010349273682;-0.406927287578583;4.6732292175293;0.0243149753659964;0.108967363834381;0.105148732662201
0.271027803421021;-0.33186936378479;3.72217988967896;0.0451524555683136;0.0109992129728198;0.093738816678524
1.30510115623474;-0.000830143690109253;4.61315202713013;0.00819788128137589;0.0714134275913239;0.0625902488827705
1.74924921989441;0.151737123727798;4.97659540176392;0.0293634384870529;0.106322057545185;0.0739431902766228
1.41142928600311;-0.380604922771454;4.67628192901611;0.0136893130838871;0.0704778358340263;0.0907754749059677
0.897095203399658;-0.249312952160835;3.91375637054443;-0.0217675883322954;0.0494086593389511;0.0309595018625259
1.83819913864136;-0.845201373100281;4.64787578582764;0.0160887874662876;0.0840545073151588;0.0873341113328934
1.11110520362854;-0.470755279064178;4.76894760131836;0.0252887662500143;0.0517404265701771;0.109567761421204
1.74670124053955;-0.635154247283936;4.45633316040039;0.0118533298373222;0.0748488679528236;0.0851197093725204
1.47949528694153;-0.767286777496338;4.34842491149902;0.0207761432975531;0.0680803805589676;0.123516991734505
1.41485118865967;-0.384700775146484;4.24699354171753;0.0139384940266609;0.0626221522688866;0.149660766124725
1.37630701065063;0.0268582105636597;4.54735946655273;0.0202669203281403;0.0630600228905678;0.137933045625687
1.41015493869781;-0.141875505447388;4.42065191268921;0.0224261619150639;0.058800533413887;0.123821832239628
0.84957754611969;0.420323103666306;4.34879207611084;0.0191388353705406;0.0441746339201927;0.0797774866223335
1.12054264545441;0.226578950881958;4.08948993682861;0.00977504067122936;0.0574514158070087;0.110401459038258
1.2110652923584;-0.54729950428009;4.4111499786377;0.0195940528064966;0.0692490786314011;0.058976773172617
0.998929440975189;-0.342209368944168;4.02475690841675;0.022348441183567;0.0369273275136948;0.0335273034870625
1.31598126888275;-0.451608926057816;4.28148984909058;0.0207664147019386;0.0419227853417397;0.0655778646469116
1.65671575069427;-0.345190525054932;4.05407333374023;0.0293637663125992;0.0823524668812752;0.099565252661705
1.75224721431732;-1.13038313388824;3.79118299484253;0.0151713751256466;0.081412747502327;0.0640218704938889
1.26345860958099;-0.0811630487442017;4.52489042282104;0.00269450503401458;0.0699754953384399;0.0807910710573196
1.16791439056396;-0.46127861738205;4.24708795547485;0.00477677909657359;0.0663661658763886;0.104951329529285
1.23684561252594;-0.295652031898499;4.45060586929321;0.0111097451299429;0.0594309791922569;0.115981817245483
1.41731214523315;0.258463501930237;3.74492692947388;0.0175731610506773;0.0750648975372314;0.126359641551971
1.12892580032349;0.18079948425293;4.14436960220337;0.0242489371448755;0.0626247748732567;0.0997661799192429
0.907947778701782;0.319212913513184;4.36945581436157;0.024136682972312;0.0647146701812744;0.137761816382408
1.17111039161682;0.142886757850647;4.10525941848755;0.0123414620757103;0.0624149963259697;0.131623968482018
1.24942290782928;0.0645615458488464;4.13224506378174;0.0224664378911257;0.0585247576236725;0.0882203429937363
0.936780452728271;-0.163714587688446;4.5366735458374;0.014166614972055;0.0512077286839485;0.090743288397789
1.04736506938934;-0.605962872505188;4.23732852935791;0.0253171008080244;0.0526446104049683;0.0494932755827904
1.1285400390625;-0.537138223648071;3.92152309417725;0.00530528929084539;0.0439388155937195;0.0592108070850372
1.22898936271667;-1.16075015068054;4.11983776092529;0.0182314924895763;0.0502666011452675;0.0656461790204048
1.52523946762085;-0.951862752437592;4.03913640975952;0.0212397128343582;0.0542731322348118;0.0674076676368713
1.2794816493988;-0.682039380073547;4.30062198638916;0.0269669033586979;0.0507715977728367;0.0929874926805496
1.26956677436829;-0.331770241260529;3.63517141342163;0.019132386893034;0.0752953886985779;0.0969245210289955
1.79967260360718;-0.588548421859741;4.30839586257935;0.0210196040570736;0.0915186107158661;0.165004283189774
1.51585936546326;0.415798723697662;3.90756559371948;0.00345165422186255;0.0819258913397789;0.125976756215096
1.54721331596375;-0.185933709144592;4.66518020629883;0.000560425221920013;0.0626816526055336;0.129226818680763
1.26211845874786;-0.191012024879456;4.24993228912354;0.00809836946427822;0.0673000067472458;0.10279643535614
1.28224956989288;0.140668153762817;4.08626747131348;0.0217762589454651;0.0693481788039207;0.0961969643831253
0.924112439155579;0.170726418495178;4.17752122879028;0.0222955718636513;0.0703081339597702;0.0831171870231628
0.822919249534607;0.469122767448425;4.24329423904419;0.0190150737762451;0.0615495145320892;0.0885457992553711
1.13057780265808;-0.334948658943176;4.33598136901855;0.0129097495228052;0.0591399744153023;0.117065250873566
1.3317528963089;-0.493795216083527;4.15164470672607;0.0249850191175938;0.0534656010568142;0.0748652145266533
1.08500719070435;-0.180096566677094;4.19185495376587;0.0209291931241751;0.0477577187120914;0.0550878904759884
1.22973918914795;-0.540271282196045;4.08163833618164;0.0114542078226805;0.0438857190310955;0.0478120073676109
1.47826504707336;-0.453854739665985;3.83029079437256;0.0135438861325383;0.0566574558615685;0.0834390968084335
1.44698286056519;-0.94289618730545;4.13791561126709;0.0234541930258274;0.0612219385802746;0.103843092918396
1.49011015892029;-0.787736535072327;4.16732692718506;0.019417442381382;0.0529703684151173;0.0771592631936073
1.0676212310791;-0.120320916175842;4.55037832260132;0.0223346762359142;0.0582274794578552;0.128337487578392
1.5865558385849;-0.306183576583862;4.00689554214478;0.0225897654891014;0.0871531441807747;0.106690615415573
1.75338888168335;-0.396987676620483;3.73243880271912;0.012827068567276;0.0913694128394127;0.13970835506916
1.56315088272095;0.0483837127685547;4.21889400482178;0.000391291920095682;0.0736357197165489;0.129526346921921
1.51848173141479;-0.219058513641357;4.23848628997803;0.0055412114597857;0.0631207451224327;0.115336291491985
1.12182426452637;0.0953900814056396;4.23761034011841;0.0135884378105402;0.0700692608952522;0.137298002839088
0.957580804824829;0.663776218891144;4.07527017593384;0.0125761274248362;0.0711646527051926;0.110614277422428
1.17283225059509;0.0533115267753601;4.40288925170898;0.0265999659895897;0.0631265193223953;0.102506667375565
1.14122354984283;-0.116042613983154;4.48053407669067;0.00852464884519577;0.0703156664967537;0.10645903646946
1.06690955162048;0.217493414878845;4.46073341369629;0.0149600096046925;0.0623046457767487;0.118189729750156
1.67959308624268;-0.217759430408478;4.39571571350098;0.0270707532763481;0.0663061738014221;0.0830854326486588
1.33458483219147;-0.407488524913788;4.71234560012817;0.015707790851593;0.0483401194214821;0.0791225433349609
1.17909026145935;-0.0319322347640991;4.12743425369263;0.0314458161592484;0.0513318553566933;0.0754114091396332
0.992654204368591;-0.225364714860916;3.94760847091675;0.0109203420579433;0.0491433441638947;0.062413677573204
1.45075440406799;-0.866907000541687;4.11684560775757;0.0209139734506607;0.0619177892804146;0.0743120089173317
1.57724475860596;-1.11343502998352;4.41078519821167;0.0165806338191032;0.0519379638135433;0.0451080165803432
1.10580503940582;-0.352316915988922;3.952472448349;0.0267757996916771;0.0561971142888069;0.0724103674292564
1.6071445941925;-1.12158477306366;3.99089932441711;0.0156426150351763;0.0736435279250145;0.0883119106292725
1.50951981544495;-0.536934614181519;3.8180775642395;0.0208647828549147;0.0915415361523628;0.13263726234436
1.43117833137512;-0.315083384513855;3.84342455863953;0.00131314899772406;0.0816151350736618;0.123688615858555
1.51038098335266;-0.538029134273529;4.35132312774658;-0.00123821385204792;0.0638901740312576;0.107943899929523
1.11635279655457;-0.157912850379944;3.87433624267578;0.0093646701425314;0.0704420506954193;0.106907427310944
1.18480348587036;0.0761032104492188;4.29967641830444;0.0179284475743771;0.0734301283955574;0.122337952256203
1.51751959323883;-0.197297811508179;4.262526512146;0.0189409218728542;0.0716010630130768;0.122053541243076
1.31739282608032;0.0446840524673462;4.52507925033569;0.0151114799082279;0.074924647808075;0.117133192718029
1.15321707725525;0.214700818061829;4.30131721496582;0.0188943482935429;0.0638253688812256;0.118012949824333
1.27280116081238;-0.155338644981384;4.32906150817871;0.0239543952047825;0.0676850080490112;0.123777955770493
1.40358817577362;0.277961134910584;4.66335248947144;0.020174290984869;0.0629625469446182;0.116729661822319
0.820522785186768;0.00740808248519897;4.09373235702515;0.024432610720396;0.052977230399847;0.0964321792125702
0.994176268577576;0.231992691755295;3.82838582992554;0.00502992607653141;0.0519638620316982;0.0682012960314751
1.15232264995575;0.0476436316967011;3.87088823318481;0.0192810390144587;0.0582677759230137;0.0465268641710281
1.47458934783936;-0.473129510879517;4.36040735244751;0.0239456482231617;0.0508140809834003;0.0580297373235226
1.42661416530609;-0.882581293582916;4.28710079193115;0.0208838414400816;0.0530874766409397;0.0471304729580879
1.02097702026367;-0.351905256509781;4.093430519104;0.0151143651455641;0.0656881481409073;0.0294199753552675
1.81610655784607;-1.38725686073303;4.54746150970459;0.0169771648943424;0.0761567279696465;0.0259355194866657
1.73751091957092;-0.414496928453445;4.66125726699829;0.00854977779090405;0.0867138281464577;0.0745033994317055
1.32448220252991;-0.744165897369385;3.84657502174377;0.00610778713598847;0.0565249025821686;0.0607349947094917
1.53281855583191;-0.609614193439484;4.79842615127563;0.0162586718797684;0.0722928270697594;0.0803700387477875
1.7217972278595;-0.799366176128387;4.24189805984497;0.0141384657472372;0.0676693692803383;0.1048324406147
1.51747369766235;-0.50800096988678;4.32486724853516;0.0308134369552135;0.0735568255186081;0.11628369987011
1.43259108066559;-0.380725145339966;4.77248764038086;0.0127981826663017;0.0724129378795624;0.0961051806807518
1.6571809053421;-0.767716526985168;4.69621896743774;0.0204075071960688;0.0675615966320038;0.131586149334908
1.52530956268311;-0.181461215019226;4.27940034866333;0.0184176489710808;0.0754764378070831;0.160800158977509
1.6449031829834;-0.189565300941467;4.52305364608765;0.0236031077802181;0.0645713806152344;0.165086358785629
1.3073947429657;-0.0605373382568359;4.09814596176147;0.0309765264391899;0.0620574131608009;0.120904020965099
0.885089635848999;0.193829298019409;3.85943007469177;0.0009098662994802;0.0540920682251453;0.115634575486183
1.34308528900146;0.33979344367981;4.22814893722534;0.012978432700038;0.0641006305813789;0.151135921478271
1.1889271736145;-0.145365834236145;4.10282707214355;0.016886480152607;0.0654582157731056;0.114592924714088
1.04723942279816;-0.15742027759552;4.33240699768066;0.0292929839342833;0.0625267177820206;0.111316367983818
1.20290970802307;0.427786588668823;4.12570810317993;0.0237763673067093;0.0683369338512421;0.108379639685154
1.57221221923828;-0.313422441482544;4.57051372528076;0.0194369368255138;0.0912866964936256;0.0988792032003403
1.59721529483795;-0.0130699872970581;4.44490051269531;0.0154517656192183;0.0977706983685493;0.117746829986572
1.04141545295715;-0.0242972373962402;4.43194150924683;0.00551652256399393;0.0661269128322601;0.0688378512859344
1.57953584194183;-0.622239947319031;4.55502796173096;0.00342665472999215;0.0613375268876553;0.070620022714138
1.25228893756866;-0.160216748714447;4.51951932907104;0.0101157184690237;0.0603203773498535;0.0807280391454697
1.16815519332886;-0.706685662269592;4.29195833206177;0.0208796784281731;0.0643397122621536;0.0614561438560486
1.39239406585693;-0.580328345298767;4.23017168045044;0.010663079097867;0.0672194808721542;0.0699660629034042
1.9608473777771;-1.12060558795929;4.75258684158325;0.0164375510066748;0.0601450391113758;0.0821959674358368
1.48743867874146;-0.859633207321167;4.18156480789185;0.0061264424584806;0.0701809823513031;0.0693249180912972
1.56880927085876;-1.31871962547302;4.20147609710693;0.0236768499016762;0.0712463706731796;0.077582485973835
1.50113987922668;-1.08051562309265;4.0464973449707;0.0211793165653944;0.0596096739172935;0.0918500572443008
1.23952400684357;-0.871078968048096;4.60092782974243;0.0136315552517772;0.0550571531057358;0.089738667011261
1.35182452201843;-0.574477672576904;4.31197118759155;0.00968295428901911;0.0580251589417458;0.100075662136078
1.41987907886505;-0.72424042224884;4.18886995315552;0.0167326014488935;0.0648304224014282;0.123385980725288
1.52847528457642;-1.16767609119415;4.06239700317383;0.0177521873265505;0.0631390884518623;0.109779067337513
1.55931448936462;-0.701137542724609;4.47660255432129;0.015313807874918;0.0601400248706341;0.106961235404015
1.91450166702271;-0.545970678329468;4.58699703216553;0.0170988030731678;0.0848144590854645;0.140487685799599
1.84120607376099;-0.4868004322052;4.00761556625366;0.0126153724268079;0.102817840874195;0.163118153810501
1.51104605197906;0.173136472702026;4.57093238830566;-0.00341716222465038;0.0792475938796997;0.108305186033249
1.28922116756439;-0.0291540622711182;4.16047143936157;0.0099970530718565;0.0645493939518929;0.10874155908823
1.06190085411072;-0.049845814704895;4.3761944770813;0.0113376108929515;0.0581677854061127;0.103052414953709
1.22700524330139;0.200844943523407;4.22460651397705;0.0206486694514751;0.0686322599649429;0.107378579676151
1.28650319576263;0.112277865409851;4.34072828292847;0.0131730455905199;0.0738683044910431;0.091642789542675
1.17904710769653;0.430291414260864;4.53399467468262;0.0311767347157002;0.0750821754336357;0.15234063565731
1.39813220500946;0.371258556842804;4.4230489730835;0.0219008009880781;0.0714420974254608;0.108525633811951
1.39237976074219;0.160156011581421;4.60214042663574;0.0201811566948891;0.0733572617173195;0.123383544385433
1.14425659179688;-0.0524705648422241;4.09121561050415;0.0252044685184956;0.0617429465055466;0.0673347860574722
1.42961895465851;-0.382306396961212;4.34377765655518;0.0132867302745581;0.0488277673721313;0.106309667229652
1.0935605764389;0.0156784057617188;4.14106607437134;0.00917407311499119;0.0503993406891823;0.0729037970304489
1.28010427951813;-0.541259050369263;4.54990196228027;0.00748463068157434;0.0576788708567619;0.0616601258516312
1.27126955986023;-0.731491088867188;4.48069190979004;0.0216182861477137;0.0541067756712437;0.0538382306694984
1.37114226818085;-0.404045641422272;4.16970443725586;0.0211085844784975;0.0476667732000351;0.0537446029484272
1.36695683002472;-0.42200893163681;4.15107727050781;0.0140073336660862;0.0735756158828735;0.0500797145068645
1.81952619552612;-1.1494255065918;4.38701629638672;0.015794076025486;0.0921023339033127;0.0590441897511482
1.55947947502136;-0.752086281776428;4.44375467300415;0.0100920870900154;0.0819456502795219;0.0871996358036995
1.50341165065765;-0.715933203697205;4.3333683013916;-0.00375734781846404;0.0634141638875008;0.0538250990211964
1.39912283420563;-0.861412882804871;4.08484411239624;0.00828772969543934;0.0608295686542988;0.0555502511560917
1.28917193412781;-1.04294610023499;4.44112825393677;0.00623438693583012;0.0679314360022545;0.0663129016757011
1.51355457305908;-0.861939370632172;4.47308301925659;0.0169214978814125;0.0732006579637527;0.100308381021023
1.41117715835571;-0.367569804191589;4.36620140075684;0.0238853991031647;0.0721284598112106;0.14191247522831
1.52016592025757;-0.609209418296814;4.64403629302979;0.0214593764394522;0.0733564049005508;0.133395150303841
1.51612460613251;-0.545971155166626;4.49990463256836;0.0139473844319582;0.0735369920730591;0.125333845615387
1.56265759468079;-0.526651859283447;4.24298715591431;0.0140295699238777;0.069227546453476;0.15134234726429
1.73883497714996;-0.703644752502441;4.3903112411499;0.0204922426491976;0.0575247220695019;0.132764160633087
1.41434991359711;-0.520592749118805;4.04259443283081;0.000340018887072802;0.0539439097046852;0.111756265163422
1.4934241771698;-0.380640983581543;4.450364112854;0.0131091792136431;0.068047471344471;0.138796284794807
1.59195494651794;-0.554951071739197;4.09451770782471;0.00942155532538891;0.062056478112936;0.0982289910316467
1.42276656627655;-0.0566169023513794;4.17666816711426;0.0288060735911131;0.0565197914838791;0.123278558254242
1.74537146091461;-0.270922899246216;4.01456117630005;0.0158792920410633;0.0713726282119751;0.121970742940903
1.66923260688782;0.189555883407593;4.4518780708313;0.0219052452594042;0.0893648788332939;0.135090366005898
1.72337436676025;0.405666947364807;4.5319938659668;0.0163177661597729;0.099805936217308;0.137709558010101
1.33779692649841;0.182679235935211;4.21681499481201;0.00378433708101511;0.0752833336591721;0.10511377453804
1.18066990375519;0.148671507835388;4.71858310699463;0.0158997066318989;0.0654190257191658;0.110991686582565
1.21914732456207;0.421141862869263;4.30147409439087;0.00451057776808739;0.0671128630638123;0.0939577668905258
0.727910161018372;0.187712728977203;4.36350202560425;0.0245116129517555;0.0669635757803917;0.0955872759222984
1.20009315013885;0.0211566090583801;4.32530355453491;0.0103703625500202;0.0705966949462891;0.0654764771461487
1.14628612995148;0.0513982772827148;4.22590827941895;0.0163011942058802;0.0623318925499916;0.0802755877375603
1.5425021648407;-0.457550525665283;4.76790857315063;0.0202463008463383;0.0701795518398285;0.101986721158028
1.61169195175171;-0.362361550331116;4.36058473587036;0.0213364847004414;0.0715692043304443;0.109667003154755
1.31037139892578;-0.699042499065399;4.74763154983521;0.0192122105509043;0.0531145669519901;0.0784670636057854
1.11750447750092;-0.138573616743088;4.36004209518433;0.0147623009979725;0.0453212186694145;0.040006797760725
1.34854292869568;-0.494946002960205;4.305579662323;0.00977461598813534;0.0558868497610092;0.0796434730291367
1.40723550319672;-0.262225210666656;4.35939168930054;0.00736553082242608;0.060527179390192;0.0962603911757469
1.56518244743347;-0.759744763374329;4.49837017059326;0.0232864487916231;0.0549163818359375;0.0594100691378117
1.28501462936401;-0.498572558164597;4.25244903564453;0.0160294510424137;0.0544054247438908;0.0561558231711388
1.52442622184753;-0.907132744789124;4.222252368927;0.0150195397436619;0.0623636245727539;0.0512871518731117
1.84388864040375;-0.639449000358582;4.35129165649414;0.0231467541307211;0.103233344852924;0.071766808629036
1.53997111320496;-0.889657497406006;4.55615663528442;0.00271502509713173;0.0827073529362679;0.0516010634601116
1.62439811229706;-0.801217555999756;4.07474374771118;0.00488969031721354;0.0653636753559113;0.0636588335037231
1.24414157867432;-0.0210633277893066;4.43180084228516;0.00824117846786976;0.064004585146904;0.0849900469183922
1.54902589321136;-0.383595883846283;4.08472919464111;0.0277083925902843;0.0715479850769043;0.092132605612278
1.54102158546448;-0.302049279212952;4.01003932952881;0.0188040416687727;0.0815665498375893;0.112724870443344
1.31379902362823;-0.324349522590637;4.09883451461792;0.0130720771849155;0.0641455203294754;0.108502045273781
1.95405554771423;-0.664279162883759;4.32098007202148;0.0269908625632524;0.0800259411334991;0.0986703336238861
1.38204765319824;-0.677105784416199;4.3746280670166;0.00640200218185782;0.0667556300759315;0.0991771146655083
1.6289963722229;-0.802702784538269;4.34876585006714;0.0235373266041279;0.0722363889217377;0.173295021057129
1.62178349494934;-0.351202964782715;4.10321044921875;0.0251879636198282;0.0640877038240433;0.115853190422058
1.23621559143066;0.107641339302063;3.75691366195679;0.00188174657523632;0.0550974197685719;0.120633080601692
1.1585750579834;-0.514401197433472;4.31265926361084;0.0103309443220496;0.0637039765715599;0.133583799004555
1.31161212921143;-0.464977502822876;4.06665420532227;0.0176314655691385;0.065337136387825;0.114868357777596
1.16567826271057;0.0210656523704529;3.55038261413574;0.0199914388358593;0.0517609193921089;0.102502301335335
1.3460967540741;-0.205015480518341;4.4229850769043;0.0127974543720484;0.06456258893013;0.102490715682507
2.00500202178955;-0.193286180496216;4.03555059432983;0.0182068515568972;0.0914228558540344;0.14741612970829
1.83696150779724;0.188027501106262;4.16363477706909;0.0201639942824841;0.100636944174767;0.134186312556267
1.53141021728516;0.426055908203125;3.99763870239258;-0.00642732670530677;0.0796269401907921;0.103020183742046
1.2677983045578;-0.0950732827186584;4.60891103744507;0.00739947333931923;0.0630637183785439;0.0896017774939537
1.07933866977692;-0.167996048927307;4.5565710067749;0.00810011103749275;0.0641044154763222;0.108983598649502
1.07951807975769;0.27797257900238;4.6068639755249;0.0226975083351135;0.0767109766602516;0.127023637294769
1.59067833423615;-0.169090151786804;4.32878112792969;0.0279285870492458;0.0737537518143654;0.102748662233353
1.27593123912811;0.38894921541214;4.4455885887146;0.00904478318989277;0.0701148957014084;0.109505623579025
1.20904564857483;-0.11981201171875;4.346116065979;0.0224097110331059;0.0729772970080376;0.141684859991074
1.44598960876465;0.197269082069397;4.59641170501709;0.024770824238658;0.0804733708500862;0.140885829925537
1.33883416652679;0.37259441614151;4.75016784667969;0.0250655245035887;0.0619111433625221;0.0946634560823441
0.902987599372864;0.0451725125312805;3.85090970993042;0.0189790539443493;0.0537113361060619;0.0692170932888985
0.956920146942139;0.236756086349487;4.23414945602417;0.0129125379025936;0.0561103746294975;0.110340543091297
1.13869333267212;-0.251826167106628;4.36693096160889;0.01304264459759;0.0577743127942085;0.0564783811569214
1.24832940101624;-0.578845620155334;4.15314197540283;0.0175078082829714;0.0528671853244305;0.076805517077446
0.994353473186493;-0.288715839385986;4.46545600891113;0.0236282739788294;0.050905205309391;0.0696385502815247
1.40124309062958;-0.381803452968597;4.12134790420532;0.0146578401327133;0.06253432482481;0.0673989430069923
1.57262766361237;-0.432023108005524;4.22532510757446;0.0221320744603872;0.0932528078556061;0.0688967928290367
1.25095772743225;0.245019406080246;4.51918458938599;0.00379665708169341;0.0884397849440575;0.0556032285094261
1.13448631763458;-0.361890971660614;4.2192759513855;0.00656785862520337;0.0573956482112408;0.0735231041908264
1.15799844264984;-0.555225789546967;4.27621984481812;0.00162910879589617;0.0629396513104439;0.0494256801903248
1.33139538764954;-0.785361528396606;4.41630029678345;0.0128508554771543;0.0605876706540585;0.0616349950432777
1.71252202987671;-0.779420852661133;4.34597301483154;0.0222204495221376;0.0643952190876007;0.0793402343988419
1.58179247379303;-1.02657461166382;4.6352972984314;0.00801432505249977;0.0631473138928413;0.0646001100540161
1.46081125736237;-0.968537271022797;4.28933238983154;0.0165220834314823;0.0644300654530525;0.0607530139386654
1.7319962978363;-1.08464825153351;4.74551630020142;0.00583588052541018;0.0683363676071167;0.078069269657135
1.71978831291199;-1.08368182182312;4.14969348907471;0.0212693624198437;0.0674652755260468;0.101005554199219
1.67756474018097;-0.843255281448364;4.15312576293945;0.0317437872290611;0.0596470758318901;0.0941596701741219
1.42389869689941;-0.767400324344635;4.29212665557861;0.0116529297083616;0.050195749849081;0.103953652083874
1.45786166191101;-0.679908454418182;4.02685785293579;0.0112298335880041;0.062990590929985;0.0867298319935799
1.43122208118439;-0.765027105808258;3.65043139457703;0.0127205224707723;0.0677051544189453;0.0889838486909866
1.40593886375427;-0.775640904903412;4.04149675369263;0.0291626881808043;0.0613106526434422;0.0901824161410332
1.16613662242889;-0.162126421928406;4.40479946136475;0.020586185157299;0.0592765845358372;0.111863829195499
1.698450922966;-0.86931836605072;3.93419718742371;0.0207435879856348;0.0839340090751648;0.114107504487038
1.66940712928772;-0.392619967460632;3.92092204093933;0.0155466143041849;0.106218680739403;0.115956619381905
1.62572395801544;-0.675797045230865;4.12898302078247;-0.0127230174839497;0.0850276798009872;0.106351777911186
1.19045209884644;-0.407047986984253;4.14286184310913;0.00494856899604201;0.0655778646469116;0.11498387157917
1.17553353309631;-0.732626557350159;4.05533838272095;0.00528839975595474;0.0615463219583035;0.126050665974617
1.33762955665588;-0.284738779067993;4.16409826278687;0.0120272003114223;0.0738897398114204;0.128558412194252
1.62834405899048;-0.416718125343323;4.40556812286377;0.0195740461349487;0.0700750350952148;0.125781491398811
1.42265963554382;-0.56652045249939;3.96285820007324;0.0104160206392407;0.0709190368652344;0.131732523441315
1.57734394073486;-0.352301120758057;4.1937518119812;0.0166978556662798;0.066974364221096;0.131352454423904
1.77761769294739;-0.295550584793091;4.42642641067505;0.0133661208674312;0.0745959579944611;0.134571105241776
1.61776161193848;-0.256589412689209;4.51736211776733;0.0261142924427986;0.071943037211895;0.152336627244949
1.25924134254456;-0.25262713432312;4.25300550460815;0.020435843616724;0.0653274208307266;0.160575568675995
1.22231435775757;0.45404839515686;3.47036528587341;-0.00342222163453698;0.0538508072495461;0.112705767154694
1.14202129840851;-0.648913502693176;4.30805826187134;0.0105895455926657;0.0635996833443642;0.113584265112877
1.44433546066284;-0.404005646705627;4.01547718048096;0.00845959596335888;0.0654068067669868;0.11154367774725
0.857614159584045;0.0597070455551147;4.11804628372192;0.0270433202385902;0.0542779751121998;0.0913489907979965
1.24019932746887;0.145824253559113;4.45835542678833;0.0213861968368292;0.0668024644255638;0.115370497107506
1.53355145454407;0.110864520072937;4.48438835144043;0.0197690166532993;0.086250364780426;0.105046987533569
1.72773027420044;0.230162739753723;4.5266227722168;0.0175840072333813;0.110626667737961;0.15241664648056
1.16508328914642;0.425791203975677;4.51407194137573;-0.00909445062279701;0.0724982395768166;0.0762456879019737
1.1997766494751;-0.15823096036911;4.48496961593628;0.0215861052274704;0.0661033764481544;0.0910610407590866
1.13526582717896;0.172470033168793;4.78236436843872;0.00873890612274408;0.0705437809228897;0.104308597743511
1.20780098438263;0.206119418144226;4.66585159301758;0.0233439281582832;0.0629548951983452;0.0952419489622116
1.63145768642426;-0.496212124824524;4.18233108520508;0.0133533012121916;0.0743148848414421;0.0829499959945679
0.931217193603516;0.226877450942993;4.2822732925415;0.0213782321661711;0.0651439428329468;0.118071883916855
0.995833575725555;-0.263510227203369;4.28741598129272;0.0150248371064663;0.0664835199713707;0.0521397814154625
1.18972301483154;-0.249122500419617;4.53229951858521;0.0144719537347555;0.0691094771027565;0.12170285731554
1.16802620887756;0.132798492908478;4.07370042800903;0.0281092431396246;0.0658116266131401;0.0916466116905212
1.14176774024963;-0.347817063331604;3.82856488227844;0.0113348476588726;0.0541400834918022;0.108772091567516
0.599133908748627;0.222080379724503;4.28384780883789;0.00722482427954674;0.0524411350488663;0.0562575720250607
0.83734130859375;-0.469556450843811;4.06191349029541;0.0124760754406452;0.0574106276035309;0.0968497544527054
1.28281724452972;-0.654152631759644;4.09391498565674;0.0193536337465048;0.0545453242957592;0.0730317160487175
1.2901394367218;-0.414478838443756;4.39928102493286;0.011368690058589;0.0486977994441986;0.0694906264543533
1.44729292392731;-0.358755618333817;4.0801796913147;0.0155343022197485;0.0635808929800987;0.0683119967579842
1.62382960319519;-0.373999744653702;4.72210264205933;0.0229304172098637;0.0991395488381386;0.0806958973407745
1.09142589569092;0.119577378034592;4.14170598983765;0.00857026223093271;0.0839842483401299;0.0673718079924583
1.32225704193115;-0.150678038597107;3.84332633018494;-0.00156744685955346;0.0675292760133743;0.0786158367991447
1.32436084747314;-0.861400604248047;3.96324157714844;-0.00208080071024597;0.0546917170286179;0.0595696233212948
1.19453203678131;-0.487102329730988;3.8276379108429;0.0174780003726482;0.0641400218009949;0.0677238702774048
1.32644629478455;-0.289267838001251;4.20370054244995;0.0174389947205782;0.0605569407343864;0.0759647935628891
1.56270694732666;-0.7372105717659;3.82467699050903;0.0218628235161304;0.0657135173678398;0.0520796962082386
1.74796259403229;-0.809085786342621;4.08500480651855;0.0102059878408909;0.0661448910832405;0.0535139255225658
1.3534699678421;-0.690864086151123;3.90094399452209;0.0109217157587409;0.0641166493296623;0.089677557349205
1.41833651065826;-0.754219532012939;4.23224210739136;0.0216978564858437;0.0719413608312607;0.111386336386204
1.34922313690186;-0.726326942443848;3.89084267616272;0.029549453407526;0.0654294043779373;0.112040229141712
1.25652682781219;-0.666079044342041;4.00838565826416;0.00401544943451881;0.0493660271167755;0.0799877345561981
1.04280471801758;-0.641341149806976;4.13325452804565;0.0108473710715771;0.0505803339183331;0.0852279663085938
1.37134718894958;-0.793569624423981;4.15015983581543;0.0181685797870159;0.0637557283043861;0.112990535795689
1.6111204624176;-0.912282466888428;3.86339521408081;0.0287534445524216;0.0535479336977005;0.0630529373884201
1.42697548866272;-0.653643846511841;4.13068771362305;0.0155572453513741;0.0662441626191139;0.0869934558868408
1.64579463005066;-0.958695769309998;4.2020902633667;0.0126825924962759;0.0709429234266281;0.0812404602766037
1.77449905872345;-0.894152462482452;4.15251636505127;0.0234456546604633;0.10231377184391;0.124227903783321
1.85119664669037;-0.627599239349365;4.45874786376953;-0.00129693560302258;0.0886212140321732;0.102162070572376
1.44779944419861;-0.432640433311462;4.29625940322876;0.0076477830298245;0.0641358196735382;0.112993724644184
1.30769526958466;-0.461453437805176;4.21152877807617;0.00656665489077568;0.0672096088528633;0.0974452644586563
1.46513974666595;-0.476557075977325;4.02497863769531;0.0206217207014561;0.0663502886891365;0.0830962061882019
1.43784463405609;-0.52716201543808;3.58788824081421;0.0212683863937855;0.0738817006349564;0.0896974876523018
1.2781308889389;-0.313921868801117;4.08765602111816;0.0101327244192362;0.0639037564396858;0.0988539680838585
1.69275152683258;-0.571793437004089;3.55885434150696;0.0270720571279526;0.0776234567165375;0.119508229196072
1.56673693656921;-0.516836404800415;4.10799741744995;0.0066922320984304;0.0718049630522728;0.139882773160934
1.71196937561035;-0.877822995185852;3.65643095970154;0.0189446937292814;0.0682640224695206;0.133695483207703
1.55720281600952;-0.579138517379761;3.98942828178406;0.0169681869447231;0.0595905184745789;0.145983040332794
1.37330031394958;-0.0229974389076233;4.06784725189209;0.00770174758508801;0.0541814528405666;0.105846889317036
1.30875039100647;-0.285169839859009;3.68004775047302;0.010023295879364;0.0576273500919342;0.153950467705727
1.37780177593231;-0.452426910400391;3.92946815490723;0.0195696614682674;0.0625341385602951;0.120147682726383
1.49910485744476;-0.389641523361206;3.44080233573914;0.0233715232461691;0.0579160563647747;0.118418291211128
1.2840530872345;-0.220449090003967;3.75030303001404;0.0121048856526613;0.0581254065036774;0.102135978639126
1.9291011095047;-0.397175908088684;4.43465757369995;0.0225104670971632;0.0885127782821655;0.106957226991653
1.90946900844574;-0.332201838493347;4.12568807601929;0.0147179905325174;0.103883802890778;0.133822172880173
1.70640790462494;0.0787196159362793;4.25483751296997;0.00116599397733808;0.0859819576144218;0.121073514223099
1.52993834018707;-0.180758059024811;4.3603196144104;0.000655554700642824;0.0636836290359497;0.10968367010355
1.33327889442444;-0.245300531387329;3.93623185157776;0.0115454737097025;0.0600519888103008;0.10574434697628
1.5521332025528;-0.144717931747437;4.07746267318726;0.0156650207936764;0.0635916292667389;0.118554890155792
1.56922352313995;-0.181719541549683;3.85779738426209;0.0173906404525042;0.0727096423506737;0.120700694620609
1.65686821937561;-0.148905873298645;3.89385795593262;0.0179158244282007;0.0744818076491356;0.135016262531281
1.68147492408752;-0.0422948598861694;4.38206338882446;0.0127595644444227;0.0645453706383705;0.124133609235287
1.50835251808167;0.408922076225281;3.86392498016357;0.0172706190496683;0.0719959288835526;0.124040931463242
1.70371675491333;-0.150885820388794;3.72947478294373;0.0216702073812485;0.0635580569505692;0.13295641541481
1.30715322494507;-0.188223838806152;3.9185574054718;0.0139468796551228;0.0622964985668659;0.13121585547924
1.22522079944611;-0.0546005964279175;3.82709717750549;0.00545313907787204;0.049325093626976;0.09682846814394
1.02497267723083;0.318082630634308;3.88728165626526;0.015145368874073;0.0611519888043404;0.104367554187775
1.49656999111176;-0.212269186973572;3.65744733810425;0.01395233720541;0.0568912588059902;0.11700277030468
1.16698288917542;0.324285894632339;3.89816069602966;0.0270809251815081;0.0535573624074459;0.0743423849344254
1.38481092453003;0.326019167900085;3.9675464630127;0.0139909740537405;0.0675028041005135;0.0998396575450897
1.76532709598541;0.0192798972129822;4.08423614501953;0.0229973997920752;0.0906683057546616;0.117849506437778
1.4423189163208;0.311373889446259;4.09724569320679;0.0154258320108056;0.104209415614605;0.104845739901066
1.25887811183929;0.225899934768677;4.06607389450073;0.00435603968799114;0.0736976712942123;0.0935247465968132
1.20545864105225;0.221105337142944;4.38535213470459;0.00771759217604995;0.0592234656214714;0.0869556739926338
1.09746170043945;0.37125027179718;4.19938468933105;0.0105932876467705;0.0682752579450607;0.0972994863986969
0.734808444976807;-0.0260475873947144;4.47821950912476;0.01427504979074;0.057617012411356;0.0843867659568787
1.52680730819702;-0.0389467477798462;3.76251602172852;0.0156806316226721;0.0797858610749245;0.121980682015419
1.10037660598755;0.223039865493774;4.32289361953735;0.0184305179864168;0.0685926899313927;0.100873395800591
1.37956702709198;0.111832559108734;4.43445920944214;0.0152006894350052;0.0656722635030746;0.0941318422555923
1.74346339702606;0.0117206573486328;3.94485139846802;0.0236303731799126;0.0735468119382858;0.117213621735573
1.45617580413818;-0.456730335950851;4.15417909622192;0.0142756151035428;0.0657787993550301;0.0736489966511726
0.999061942100525;0.194884717464447;3.6824939250946;0.0199783965945244;0.0562726110219955;0.0645085275173187
1.2085165977478;0.183634698390961;3.43940997123718;-0.00194463133811951;0.0506857521831989;0.10245505720377
1.09663343429565;0.208078861236572;3.83149170875549;0.0169046185910702;0.0577901490032673;0.0505980402231216
1.20737624168396;-0.631776332855225;4.43337774276733;0.0218640938401222;0.0569566413760185;0.0810443758964539
1.12384033203125;-0.561175227165222;4.33341121673584;0.006946359295398;0.0447186678647995;0.0553635582327843
1.51505434513092;-0.795945644378662;3.94922542572021;0.0117003321647644;0.0596270337700844;0.0729078575968742
1.69807648658752;-0.366937339305878;4.24825763702393;0.0149276638403535;0.102746337652206;0.0710828527808189
1.50996947288513;-0.264871060848236;4.54929542541504;0.00988053344190121;0.0888588726520538;0.0681717917323112
1.37605941295624;-0.408459722995758;4.09048843383789;0.00504375621676445;0.0696462094783783;0.0749932825565338
1.1360068321228;-0.452287137508392;4.46606683731079;-7.59674003347754E-06;0.0536315366625786;0.0379981249570847
1.19428133964539;-0.372612714767456;4.2970118522644;0.00817414559423923;0.0595681592822075;0.0609367489814758
1.12586998939514;-0.391692638397217;4.28068685531616;0.0163598209619522;0.0676895976066589;0.0563294813036919
1.22415494918823;-0.516416370868683;4.36415386199951;0.020349707454443;0.0680645406246185;0.0903888493776321
1.57324719429016;-0.575925230979919;4.46210861206055;0.0114713795483112;0.0648249685764313;0.0678122937679291
1.43510866165161;-0.689301013946533;4.36173009872437;0.00693428423255682;0.0634054839611053;0.0740724205970764
1.68329977989197;-1.10555815696716;4.4039568901062;0.0162786282598972;0.0705025121569633;0.103945635259151
1.35876476764679;-0.851303339004517;4.14474678039551;0.0243881400674582;0.0613120011985302;0.0870522856712341
1.34212338924408;-0.481783092021942;3.8813898563385;0.0172948092222214;0.0501068532466888;0.0581923015415668
1.15450954437256;-0.433393359184265;4.57148885726929;0.0136119509115815;0.0496309287846088;0.0724767819046974
1.55723762512207;-0.92942076921463;3.74008798599243;0.00512972846627235;0.0618118420243263;0.0906281247735024
1.45541167259216;-1.10484397411346;4.05592346191406;0.0240198280662298;0.0509470775723457;0.0650155395269394
1.36081230640411;-0.700826406478882;4.40916776657104;0.0174466203898191;0.0527115613222122;0.100583627820015
1.43653702735901;-0.740210354328156;3.70259523391724;0.014785542152822;0.0685659423470497;0.0755902528762817
2.25276303291321;-1.32655692100525;4.42001152038574;0.0318823307752609;0.0964605659246445;0.111747056245804
1.56262254714966;-0.411772191524506;4.20924615859985;0.0053566163405776;0.0927813798189163;0.085659958422184
1.38919544219971;-0.869121432304382;4.06994104385376;0.000671843881718814;0.0608823709189892;0.06484005600214
1.15376424789429;-0.57529890537262;4.10996627807617;0.00810272619128227;0.060007743537426;0.0936948955059052
1.72013640403748;-0.746762633323669;4.29437685012817;0.0213659591972828;0.0620180368423462;0.0975519940257072
1.33269286155701;-1.00170159339905;3.88497161865234;0.0161157511174679;0.0699257180094719;0.0800338312983513
1.62950527667999;-1.18056201934814;4.10844278335571;0.0114254700019956;0.0644313246011734;0.103434905409813
1.342400431633;-1.03966319561005;3.75336670875549;0.0186302233487368;0.0686143487691879;0.12814474105835
1.62387955188751;-0.548734545707703;4.60431957244873;0.014801224693656;0.0689852237701416;0.129179745912552
1.71535134315491;-0.51229339838028;4.38515567779541;0.0346889086067677;0.0716355890035629;0.108973331749439
1.74498558044434;-0.939973473548889;4.28811168670654;0.0220969319343567;0.0634429752826691;0.0879077315330505
1.44682598114014;-0.544832348823547;4.5456805229187;0.0117414202541113;0.0545834451913834;0.111733041703701
1.35366094112396;-0.444014072418213;4.28682422637939;0.0185144990682602;0.0538321807980537;0.102255284786224
1.35474097728729;-0.754029512405396;4.036208152771;0.0143162794411182;0.063032403588295;0.117413811385632
1.51779091358185;-0.661837041378021;3.89233303070068;0.0311911515891552;0.0572254844009876;0.083266019821167
0.858479499816895;-0.462762773036957;4.64435529708862;0.0187569782137871;0.0487814322113991;0.081462636590004
1.81189358234406;-0.893321335315704;4.36998558044434;0.0214020647108555;0.082457073032856;0.125173211097717
1.96770000457764;-0.731189250946045;4.01751375198364;0.0196911804378033;0.10634421557188;0.117104291915894
1.66532468795776;-0.474976599216461;4.05845832824707;0.00521963648498058;0.0824694633483887;0.110130161046982
1.42823398113251;-0.681341230869293;4.19070529937744;0.00562371965497732;0.0649867132306099;0.106050252914429
1.2909916639328;-0.669561684131622;4.22715759277344;0.00944716483354568;0.0573496706783772;0.0857974588871002
1.34602642059326;-0.318772494792938;4.24760913848877;0.0233850181102753;0.0636744499206543;0.10074183344841
1.4353244304657;-0.714361131191254;3.99257111549377;0.0162330120801926;0.0672835111618042;0.112861514091492
1.51671516895294;-0.825384676456451;4.05275869369507;0.0189213808625937;0.0700207427144051;0.109896220266819
1.30720973014832;-0.376055359840393;4.12330532073975;0.0226300060749054;0.067117914557457;0.141214549541473
1.61179232597351;-0.536243796348572;4.33374547958374;0.0224382542073727;0.0738227888941765;0.12387041002512
1.62097525596619;-0.416583895683289;3.94768619537354;0.0278922617435455;0.0702344700694084;0.141846477985382
1.43931198120117;-0.477682709693909;3.91142606735229;0.0244660079479218;0.0623532123863697;0.12086970359087
1.37862050533295;-0.467088639736176;3.76318979263306;-0.000373193062841892;0.0509461537003517;0.105104170739651
1.10988140106201;-0.577011585235596;4.09229373931885;0.0128205260261893;0.0565036162734032;0.135701328516006
1.52985322475433;-0.641182780265808;3.75178813934326;0.0124136442318559;0.0670496895909309;0.115221485495567
1.74571979045868;-0.879197418689728;3.62623977661133;0.0332353748381138;0.0552766732871532;0.104275777935982
1.24553191661835;-0.518020629882813;4.25958204269409;0.0128983333706856;0.0601502694189548;0.096585638821125
1.75027406215668;-0.435413360595703;4.35348081588745;0.0214302353560925;0.0780205652117729;0.123393431305885
1.94764232635498;-0.176486492156982;3.50798583030701;0.0189457647502422;0.109896466135979;0.138204380869865
1.61396193504333;-0.46259593963623;4.17443990707397;-0.00115422299131751;0.0803389325737953;0.104175239801407
1.38998746871948;-0.220864176750183;3.96528434753418;0.0114385671913624;0.0717111602425575;0.156300872564316
1.28005957603455;0.0262343883514404;3.6828453540802;0.00809508096426725;0.0606696866452694;0.132681503891945
1.41818284988403;-0.419745087623596;3.64545726776123;0.0139995347708464;0.0694325268268585;0.141693696379662
1.65111088752747;-0.146151661872864;3.59456300735474;0.016508461907506;0.075304202735424;0.109723791480064
1.06263518333435;0.0192965269088745;3.40644764900208;0.0204886253923178;0.0639583468437195;0.15500271320343
1.82065439224243;-0.215700328350067;3.79217457771301;0.0150948278605938;0.0701132565736771;0.118761412799358
1.72840666770935;-0.469420909881592;3.74707198143005;0.0127826705574989;0.0731722116470337;0.158235058188438
1.36747670173645;0.346728682518005;3.8287250995636;0.0313479080796242;0.0736970007419586;0.148575752973557
1.21982336044312;-0.173172950744629;3.6898365020752;0.0244840681552887;0.0618885532021523;0.108366616070271
1.06115400791168;0.0907899141311646;3.80467367172241;0.00378700625151396;0.0556049570441246;0.110927492380142
1.04044914245605;-0.247231125831604;3.77476453781128;0.0137720918282866;0.0602763630449772;0.136698693037033
1.61471748352051;-0.531848907470703;3.70783233642578;0.0180812440812588;0.0635504424571991;0.115128628909588
1.27267599105835;0.340917766094208;3.55956196784973;0.0238008629530668;0.0593381226062775;0.0951210856437683
1.10799264907837;0.133775591850281;3.78961205482483;0.0217778738588095;0.0655733048915863;0.126769408583641
1.91430747509003;-0.267783999443054;4.13690042495728;0.0240046754479408;0.0902383551001549;0.135213404893875
1.98611426353455;0.149895668029785;3.98633074760437;0.0171490143984556;0.103849656879902;0.142380490899086
1.23856830596924;0.398350477218628;4.11124324798584;-0.0049158725887537;0.081400990486145;0.116316989064217
1.29735481739044;-0.0892708301544189;4.40660095214844;0.00970036908984184;0.0636157467961311;0.110677503049374
1.00705671310425;0.388452053070068;4.02124118804932;0.0177124701440334;0.0652324706315994;0.11059981584549
1.65918707847595;-0.00726383924484253;4.02142238616943;0.0148537270724773;0.0683309957385063;0.114865869283676
1.85060548782349;-0.163878679275513;3.84977388381958;0.0236959997564554;0.077463798224926;0.104769289493561
1.18099522590637;0.147704720497131;3.69825053215027;0.0175029840320349;0.0723327845335007;0.137355789542198
1.32202637195587;0.2988041639328;4.19943189620972;0.017802657559514;0.0629758387804031;0.093987375497818
1.73424863815308;-0.307077944278717;3.93735814094543;0.0202500149607658;0.0760858282446861;0.115876220166683
0.996726512908936;0.284780979156494;3.63185286521912;0.0297518242150545;0.0633282512426376;0.11974461376667
1.33889698982239;0.101101875305176;3.81548762321472;0.0221223253756762;0.0642303079366684;0.132624551653862
0.961022853851318;0.536493599414825;3.62472796440125;0.0141317946836352;0.05696801841259;0.112194120883942
1.00106406211853;0.380483269691467;4.10115480422974;0.0178208984434605;0.062431201338768;0.118417084217072
1.51622784137726;-0.547645807266235;3.62383842468262;0.0239486880600452;0.0602901540696621;0.111420698463917
1.03289675712585;-0.00391584634780884;3.66606855392456;0.0188985839486122;0.0598030760884285;0.06229218095541
0.992685079574585;0.105417668819427;3.71593070030212;0.0214383397251368;0.0591587051749229;0.0932729691267014
1.54864656925201;0.0632643699645996;4.10002088546753;0.0235141701996326;0.0935598462820053;0.10993418097496
1.49885904788971;0.30149108171463;4.04352617263794;0.00658755470067263;0.100942775607109;0.0857202187180519
1.02249181270599;0.468375504016876;3.98033022880554;0.0124705554917455;0.074780099093914;0.102863572537899
1.2490816116333;0.242006838321686;4.62033700942993;0.00423337146639824;0.0668568313121796;0.0885523557662964
0.871402025222778;0.299322247505188;4.07221126556396;0.0162350255995989;0.0633062273263931;0.095737412571907
0.927423715591431;0.0337288975715637;4.02284288406372;0.0180417466908693;0.0666046291589737;0.0781835094094276
1.11433792114258;0.00250887870788574;4.1985297203064;0.0199581272900105;0.0698203146457672;0.0728961452841759
0.819555044174194;0.0457724332809448;4.20755386352539;0.0195550974458456;0.0675428658723831;0.0705580338835716
1.01459181308746;0.0941293835639954;4.07760238647461;0.0163062978535891;0.0653917491436005;0.0972755029797554
1.37761664390564;-0.2818443775177;4.29445362091064;0.0211573708802462;0.0701907575130463;0.114748559892178
1.14481687545776;0.0106459259986877;4.17095565795898;0.0298333819955587;0.0658819973468781;0.0898746177554131
1.19342792034149;-0.207246601581573;3.77504277229309;0.0163818448781967;0.0547426827251911;0.0875262022018433
0.914067983627319;-0.12911593914032;3.85824370384216;0.0056968298740685;0.0499123558402061;0.0927554816007614
1.32739853858948;-0.699014067649841;4.17135286331177;0.0155148711055517;0.0568650290369987;0.0473550446331501
1.15137255191803;-0.693734645843506;4.29068088531494;0.0217381324619055;0.0534173920750618;0.0753564909100533
1.42335104942322;-0.429972618818283;3.72029376029968;0.0233406443148851;0.0527494996786118;0.0585192963480949
1.54025399684906;-0.590936720371246;4.14720869064331;0.0178097672760487;0.0717064514756203;0.0815645232796669
1.71481990814209;-0.611299633979797;4.40376424789429;0.0210077781230211;0.0914741382002831;0.0909608826041222
1.43148577213287;-0.117744565010071;3.92514514923096;0.019445039331913;0.0992882996797562;0.0857083573937416
1.24532759189606;-0.109415680170059;3.82441854476929;-0.000619202386587858;0.0630459934473038;0.0509749054908752
1.17400598526001;-0.221274524927139;4.21230220794678;0.00881432928144932;0.0611374527215958;0.0541145838797092
0.971559226512909;-0.55577290058136;4.03215551376343;0.0135305188596249;0.0614934153854847;0.0259689725935459
0.933912336826324;-0.53254222869873;4.29590845108032;0.027681689709425;0.0604700855910778;0.0600470528006554
1.08011388778687;-0.25894957780838;3.97209882736206;0.0151060884818435;0.0714724883437157;0.0653472915291786
1.44371390342712;-0.118095278739929;4.53753662109375;0.017993001267314;0.0650463104248047;0.0839716121554375
1.38110423088074;-0.35263603925705;4.39553356170654;0.015216919593513;0.0663947463035584;0.0870295539498329
1.70620322227478;-0.879754483699799;4.26156187057495;0.0194548964500427;0.0695679262280464;0.0980325117707253
1.24371957778931;-0.561187028884888;3.91828846931458;0.0272512063384056;0.0637808591127396;0.0664222091436386
1.16624999046326;-0.614657580852509;4.08843278884888;0.0223906971514225;0.0499643720686436;0.0588144585490227
0.871447682380676;-0.253263354301453;3.67676115036011;0.00384749216027558;0.05411371961236;0.0724778175354004
1.39383149147034;-0.811288475990295;3.7643768787384;0.00511254789307714;0.0513925962150097;0.0128464139997959
1.48770046234131;-0.979829967021942;4.24983835220337;0.0295599047094584;0.047813817858696;0.0271180737763643
1.34689021110535;-0.981182277202606;3.9132125377655;0.0136223118752241;0.0499504916369915;0.0596191063523293
1.67666697502136;-0.91953033208847;4.11150407791138;0.0235011596232653;0.0613722652196884;0.0591182745993137
1.82469999790192;-0.308020085096359;4.41539001464844;0.0253649037331343;0.10150933265686;0.0499674715101719
1.41642892360687;-0.326095402240753;4.3664722442627;0.0127810295671225;0.090728186070919;0.100255995988846
0.937825083732605;-0.213543236255646;3.96502137184143;0.00497711915522814;0.0624236166477203;0.0741039961576462
1.2292206287384;-0.50975102186203;4.22944068908691;0.00173996551893651;0.0563153699040413;0.0684703886508942
1.49162077903748;-0.579521059989929;4.28620386123657;0.0155438985675573;0.06009691208601;0.0790022239089012
1.23737144470215;-0.157045960426331;3.93005585670471;0.0182752218097448;0.0716523006558418;0.0751227959990501
1.00279092788696;-0.298164278268814;3.71254467964172;0.0211529899388552;0.0652913153171539;0.0492432564496994
1.7833057641983;-1.08950281143188;4.27072525024414;0.015976008027792;0.0669216364622116;0.0943558588624001
1.28902339935303;-1.15035676956177;4.24917984008789;0.00848516449332237;0.0549044050276279;0.0792739614844322
1.83007156848907;-0.584780097007751;3.73985648155212;0.021036185324192;0.0738661736249924;0.109789662063122
1.59504306316376;-0.490505039691925;4.10454082489014;0.0279196482151747;0.065757118165493;0.0852212235331535
1.33577156066895;-0.590946912765503;3.82909512519836;0.0146560044959188;0.0495311431586742;0.0706737041473389
1.07811903953552;-0.622655630111694;3.70754504203796;0.0136889526620507;0.0500312000513077;0.065747894346714
1.30378973484039;-1.1725959777832;3.77665019035339;0.00795737933367491;0.0604311116039753;0.0762189775705338
1.23053812980652;-0.787439465522766;3.82614374160767;0.0280488487333059;0.0531001538038254;0.0531222335994244
1.2332079410553;-0.750553727149963;3.86146473884583;0.0236294604837894;0.0527495928108692;0.0582039318978786
1.36960911750793;-0.969058990478516;3.94945669174194;0.0212609563022852;0.066108226776123;0.0590048506855965
2.03875494003296;-0.936358571052551;4.19748449325562;0.026005195453763;0.0935604944825172;0.087757796049118
1.63116443157196;-0.351502120494843;3.84074664115906;0.000137110706418753;0.0967110469937325;0.0983698442578316
1.09589457511902;-1.02052438259125;3.90654158592224;0.00609918031841516;0.057340245693922;0.0359915681183338
1.41173267364502;-0.445665657520294;3.88644528388977;0.00931606069207191;0.0598734989762306;0.0839983150362968
1.66023135185242;-1.02841377258301;3.87188911437988;0.0183809138834476;0.0644679442048073;0.097758375108242
1.31190955638885;-0.834468245506287;4.06426477432251;0.0175933223217726;0.0713979154825211;0.0691508054733276
1.49502861499786;-0.845223248004913;4.01010704040527;0.0200510118156672;0.0666206702589989;0.0986039265990257
1.45942986011505;-0.76958167552948;3.80363154411316;0.0131000820547342;0.0622540302574635;0.0458955727517605
1.48515331745148;-0.828964114189148;4.15491533279419;0.0110478047281504;0.0707501694560051;0.106427229940891
1.51066398620605;-1.17956912517548;4.06192445755005;0.0205886512994766;0.0652745589613914;0.0636546760797501
1.41516864299774;-1.03795909881592;3.98188543319702;0.0213866289705038;0.0636873543262482;0.101000726222992
1.11048054695129;-0.621299624443054;3.75238633155823;0.0103930048644543;0.0515315160155296;0.0978078916668892
1.39015889167786;-0.857013165950775;3.99941039085388;0.0105109373107553;0.0521675869822502;0.0814253464341164
1.49711728096008;-0.772628962993622;3.40550661087036;0.0122865177690983;0.0651813074946404;0.107465855777264
1.42788434028625;-1.14818298816681;3.14208126068115;0.0192718245089054;0.0596447214484215;-0.0287731066346169
0.570226669311523;-0.51372241973877;3.43689751625061;0.0167349297553301;0.0265561863780022;-0.0131411384791136
0.883794605731964;0.226137578487396;3.28103017807007;-0.0342768505215645;0.0497807487845421;-0.0146904289722443
0.654833137989044;0.430211305618286;2.73567295074463;-0.0475518479943275;0.0280238315463066;-0.0157406069338322
-0.19380097091198;0.718320548534393;2.50003838539124;-0.0384805016219616;-0.0205782651901245;-0.0174205265939236
-0.0818940699100494;-0.211869746446609;2.71489644050598;0.00579743133857846;-0.0229523666203022;-0.0168156567960978
0.170614928007126;-0.416030555963516;1.98333775997162;0.0234973337501287;0.00609425362199545;-0.014577966183424
0.21736741065979;0.0120942890644073;2.2626793384552;-0.00565359881147742;0.0191145390272141;-0.0150992488488555
0.179285824298859;0.353289127349854;1.82532298564911;-0.029581755399704;0.00631272187456489;-0.0146964518353343
-0.35415056347847;-0.134320944547653;2.06214070320129;0.00262478739023209;-0.0292885676026344;-0.014150220900774
0.0678943693637848;-0.408086031675339;1.26327872276306;0.0236428063362837;0.00999097339808941;-0.0157830845564604
0.332568883895874;0.291124492883682;2.01608085632324;-0.0236122831702232;0.0260666776448488;-0.0132995070889592
-0.120674386620522;-0.0259698331356049;1.37229883670807;-0.00596375437453389;-0.0219136364758015;-0.00995703414082527
0.148614227771759;-0.514753460884094;1.14129829406738;0.029626626521349;0.00872844643890858;-0.0091710202395916
0.176250144839287;0.394314467906952;1.47736096382141;-0.0292071346193552;0.0193498339504004;-0.0145332459360361
-0.286412060260773;-0.204758152365685;1.14682352542877;0.00726716546341777;-0.0224194377660751;-0.0140779186040163
0.265371203422546;-0.234593167901039;0.850234031677246;0.0176802016794682;0.0267145708203316;-0.0143944974988699
-0.109411038458347;0.44386813044548;0.909543097019196;-0.0311824567615986;-0.00337456353008747;-0.0143172163516283
-0.0804832279682159;-0.610981106758118;1.13223767280579;0.0354208275675774;-0.00285385362803936;-0.0134711312130094
0.184330642223358;0.521628201007843;0.872109413146973;-0.027756966650486;0.0228565074503422;-0.00944113917648792
-0.265005320310593;-0.444000422954559;0.676448881626129;0.01785808801651;-0.0212891977280378;-0.0125800296664238
0.330326199531555;0.155871212482452;0.613692224025726;-0.00947708450257778;0.0357556492090225;-0.0139405820518732
-0.375836372375488;-0.0939930230379105;0.574767291545868;-0.00168151850812137;-0.026799488812685;-0.0131653547286987
0.441977977752686;-0.222855985164642;0.489794582128525;0.0122977746650577;0.0348108895123005;-0.0125329457223415
-0.389029949903488;0.160567849874496;0.574371993541718;-0.0152710285037756;-0.0250074602663517;-0.0147247714921832
0.428367972373962;-0.313435554504395;0.477119863033295;0.0175302214920521;0.0336801186203957;-0.0098055237904191
-0.355035722255707;0.180602133274078;0.562863111495972;-0.0177028514444828;-0.0221240185201168;-0.0123064834624529
0.392635196447372;-0.261021673679352;0.402889162302017;0.0131601030007005;0.0325549393892288;-0.0126923639327288
-0.313207983970642;-0.0113885551691055;0.401960402727127;-0.00806183088570833;-0.0214229561388493;-0.0122982412576675
0.334053337574005;-0.0874466747045517;0.253507286310196;0.00131781992968172;0.0300641991198063;-0.0134930927306414
-0.179872781038284;-0.264743268489838;0.275607645511627;0.00696780439466238;-0.0187360513955355;-0.0133949741721153
0.20389449596405;0.119233801960945;0.184089139103889;-0.0143097341060638;0.0245176889002323;-0.0145157426595688
-0.116622000932693;-0.363476783037186;0.156438171863556;0.0202485285699368;-0.00676659028977156;-0.0107594365254045
-0.0463682264089584;0.325013399124146;0.0190178565680981;-0.024532325565815;0.00784636102616787;-0.0122743360698223
0.140951663255692;-0.317128390073776;-0.0198178216814995;0.0244913343340158;0.0134597774595022;-0.0142995622009039
-0.24289083480835;0.177434504032135;0.0888060629367828;-0.0164212677627802;-0.0114188920706511;-0.0108312191441655
0.238881960511208;-0.133393332362175;0.190887287259102;0.00639766687527299;0.0248513985425234;-0.011645769700408
-0.122421845793724;-0.160974100232124;0.2377068400383;0.00752515345811844;-0.0117224417626858;-0.0111330011859536
-0.0611673444509506;0.240075826644897;-0.0211206898093224;-0.01836321875453;0.0114832175895572;-0.0115792416036129
0.283700853586197;-0.277288824319839;-0.0980957522988319;0.0263750739395618;0.015304597094655;-0.0147481076419353
-0.472982734441757;0.259787082672119;-0.00298970798030496;-0.0125625776126981;-0.0174370277673006;-0.0138902990147471
0.303943991661072;-0.0506682097911835;0.0887645035982132;-0.000871303607709706;0.0272435434162617;-0.00980480015277863
-0.0309160649776459;-0.263363987207413;-0.0244804844260216;0.018585953861475;-0.00326328398659825;-0.012098528444767
-0.350893318653107;0.254397243261337;-0.307091057300568;-0.0195919275283813;-0.00826279912143946;-0.0107316225767136
0.560040891170502;-0.18270206451416;-0.0210738703608513;0.0101538933813572;0.0343834981322289;-0.013922156766057
-0.422839969396591;-0.132559284567833;0.0250039789825678;0.014015031978488;-0.0177335329353809;-0.0110565656796098
-0.127252012491226;0.283290386199951;-0.268198728561401;-0.0195053499191999;0.00437451433390379;-0.0154352942481637
0.437351405620575;-0.21136586368084;-0.0510764047503471;0.0117265926674008;0.030244879424572;-0.0129945836961269
-0.543805480003357;-0.231487214565277;-0.056672316044569;0.00980719365179539;-0.0209308844059706;-0.0162468310445547
0.100713849067688;0.197728469967842;-0.290551722049713;-0.0192238055169582;0.0085994154214859;-0.0104941092431545
0.229914128780365;-0.0999675393104553;-0.0930391624569893;0.00895138271152973;0.0241190474480391;-0.0136489933356643
-0.271894067525864;-0.206809252500534;-0.177484035491943;0.0159744024276733;-0.0107575496658683;-0.00768875330686569
-0.0420941412448883;0.151210024952888;-0.232425332069397;-0.0155156347900629;-0.000239604152739048;-0.0104972310364246
0.160255014896393;0.0673295557498932;-0.167710289359093;-0.000241063069552183;0.0213633831590414;-0.0126775372773409
0.0183435380458832;-0.331731408834457;-0.299899697303772;0.0193842425942421;0.00356508325785398;-0.0138358734548092
-0.38955020904541;0.170774027705193;-0.0843139067292213;-0.00413347501307726;-0.0131186526268721;-0.00822283606976271
0.341890931129456;0.334583938121796;-0.314186900854111;-0.0145394885912538;0.0181860290467739;0.00469048414379358
0.172293111681938;0.0276160836219788;-0.233388677239418;0.0156254526227713;0.0186331104487181;-0.012916523963213
-0.302197128534317;-0.284332454204559;-0.311689347028732;0.0132559631019831;-0.0140312537550926;-0.0146385282278061
-0.0686573386192322;0.225078850984573;-0.353904902935028;-0.0162493959069252;0.000260414904914796;-0.0113059394061565
0.214120998978615;0.138570010662079;-0.224586933851242;-0.00453873677179217;0.0221042931079865;-0.011235686019063
0.0418517291545868;-0.301653116941452;-0.362231940031052;0.0211807731539011;0.00773662282153964;-0.00994651205837727
-0.250096678733826;-0.164886981248856;-0.27636656165123;0.00578636769205332;-0.0108924154192209;-0.0117673287168145
-0.0545890182256699;0.297284930944443;-0.432458698749542;-0.0174709353595972;0.00256151426583529;-0.0100758308544755
0.252279758453369;0.0980370491743088;-0.278699308633804;-0.000963570084422827;0.0230747107416391;-0.0111899832263589
0.0121814906597137;-0.373683631420136;-0.442536443471909;0.0230729728937149;0.00717277638614178;-0.0109383929520845
-0.24606990814209;-0.104934595525265;-0.318912476301193;0.00492020510137081;-0.0121485441923141;-0.0111442869529128
-0.0731946155428886;0.378545463085175;-0.353233903646469;-0.0191368162631989;0.00216533453203738;-0.0112998932600021
0.221343070268631;-0.0193771570920944;-0.337339252233505;-0.000261198147200048;0.0207553002983332;-0.0110145714133978
0.120082661509514;-0.312539666891098;-0.368429988622665;0.0175005104392767;0.0127629917114973;-0.00820426736027002
-0.182772368192673;-0.107064165174961;-0.394478380680084;0.0105366604402661;-0.00688760774210095;-0.00777576537802815
-0.160932809114456;0.153306573629379;-0.396477073431015;-0.0113165332004428;-0.0065140831284225;-0.00721084186807275
0.0920325815677643;0.125256359577179;-0.365260034799576;-0.00803940556943417;0.0147506929934025;-0.00898351147770882
0.175986051559448;-0.1521385461092;-0.328657507896423;0.00865004677325487;0.0176734551787376;-0.00974869169294834
0.0116870999336243;-0.136250764131546;-0.41440537571907;0.012634445913136;0.00452988361939788;-0.010711221024394
-0.216291263699532;-0.103990331292152;-0.387803703546524;0.00608093291521072;-0.00767055572941899;-0.0109298760071397
-0.115755975246429;0.141967833042145;-0.355587869882584;-0.00935230776667595;-0.00179217453114688;-0.00973768439143896
0.115132749080658;0.151483997702599;-0.3762566447258;-0.00667337095364928;0.0141774034127593;-0.0104026505723596
0.168788313865662;-0.123215869069099;-0.376030534505844;0.00643590744584799;0.0166529230773449;-0.0152547787874937
-0.0348343253135681;-0.266832053661346;-0.375170767307281;0.0137561708688736;0.00464844238013029;-0.0154668092727661
-0.214598178863525;-0.0602374859154224;-0.441131174564362;0.00662474380806088;-0.00741331139579415;-0.00853856466710567
-0.192386910319328;0.113783471286297;-0.367259651422501;-0.00782631244510412;-0.00547370268031955;-0.0137690408155322
0.0893548429012299;0.137102901935577;-0.428000926971436;-0.00918487086892128;0.0116877658292651;-0.00901728123426437
0.220930129289627;-0.0356626957654953;-0.385205119848251;0.00197667721658945;0.0194282811135054;-0.00867532752454281
0.0579701662063599;-0.11011178791523;-0.380734324455261;0.0119614405557513;0.0100903287529945;-0.0100711919367313
-0.112940698862076;-0.209964007139206;-0.420040458440781;0.0123749952763319;-0.00180765951517969;-0.00651219580322504
-0.200537517666817;-0.0604359954595566;-0.371026515960693;0.00324014201760292;-0.00613513495773077;-0.00730223022401333
