"Force X (N)";"Force Y (N)";"Force Z (N)";"Torque X (N-m)";"Torque Y (N-m)";"Torque Z (N-m)";"Frequency = 1000";"Averaging Level = 16";"F/T Serial Number = FT38684";"Time Started = 29.11.2023 23:02:39"
"0,000935155956540257";"0,00426674913614988";"0,00280448794364929";"-0,000149531013448723";"0,00043621935765259";"-8,20469140307978E-05"
"0,00535510573536158";"0,00894633028656244";"0,0235161334276199";"-0,00024893507361412";"0,000331132730934769";"-8,19683918962255E-07"
"-0,00201879371888936";"0,00283005042001605";"0,00983021687716246";"-4,85620439576451E-05";"0,00031525146914646";"6,3392781157745E-06"
"-0,00537259411066771";"0,00204301346093416";"0,0388807281851768";"-0,000162700802320614";"0,000147517916047946";"-0,000182594958459958"
"-0,00817801803350449";"0,000757856760174036";"0,0317655466496944";"-0,000152201770106331";"-1,04699938674457E-06";"2,79356790997554E-05"
"-0,00094126514159143";"-0,00415160087868571";"0,00561139266937971";"-0,00011923439160455";"0,000190505190403201";"7,45066354284063E-05"
"0,00111368962097913";"0,00555434729903936";"0,0321610122919083";"-7,14107591193169E-05";"0,000322016247082502";"-4,01816214434803E-05"
"-0,000807093281764537";"-0,00632295850664377";"0,0181667469441891";"-0,000155015688505955";"0,000152031003381126";"2,24087216338376E-05"
"-0,004083804320544";"0,000403572397772223";"0,0169213116168976";"-4,29122592322528E-05";"0,000421365257352591";"-4,75595734314993E-05"
"0,00159581750631332";"-0,00275943195447326";"0,0374916009604931";"-0,00023774232249707";"-6,15186581853777E-06";"-0,000184222546522506"
"-0,00870932172983885";"-0,00540941441431642";"0,0167375467717648";"-0,000152777560288087";"0,00033867999445647";"9,39131277846172E-05"
"-0,00278440699912608";"-0,00240382645279169";"0,0476128607988358";"-0,00014897774963174";"0,000442802353063598";"-6,24580425210297E-05"
"-0,0029503689147532";"0,00654842751100659";"0,0153740309178829";"-6,76992203807458E-05";"0,000426794867962599";"-1,88644517038483E-05"
"0,00619117449969053";"-0,00112631474621594";"0,0307276081293821";"-9,30774986045435E-05";"-1,30777316371677E-05";"2,85638489003759E-05"
"-0,00897595379501581";"0,00643817568197846";"0,0505343824625015";"0,000133497611386701";"0,000460279756225646";"-4,55396075267345E-05"
"0,0119454357773066";"0,00187182507943362";"0,00417277123779058";"-0,000209543155506253";"0,000230834441026673";"0,000276280479738489"
"-0,0119890347123146";"0,00913925562053919";"0,0189597140997648";"-0,000322923791827634";"0,000416803814005107";"0,000167940772371367"
"-0,00289283250458539";"0,00136253354139626";"0,0153833674266934";"-3,71709938917775E-05";"0,000232080506975763";"0,000137210707180202"
"-0,00357653596438468";"0,00281262490898371";"0,0109372083097696";"-0,0002743988588918";"0,000432800239650533";"0,000135821639560163"
"-0,00574939791113138";"0,0075003351084888";"0,0377094186842442";"7,54569482523948E-05";"0,000162340322276577";"-0,000124556027003564"
"-0,0139410905539989";"0,00735374912619591";"0,0112340040504932";"0,000155942776473239";"0,000348605768522248";"0,000164822151418775"
"0,00328449998050928";"0,00547817582264543";"0,0292309019714594";"-0,000230734149226919";"0,000451968953711912";"0,000216990345506929"
"-0,00817580614238977";"-0,0030899066478014";"0,0233609192073345";"-0,000382028927560896";"0,000350151734892279";"6,8085195380263E-05"
"-0,0036487749312073";"0,00354561442509294";"0,0432625748217106";"-0,00022029054525774";"0,000565694586839527";"-0,000120689459436107"
"-0,00198638485744596";"-0,00487111415714026";"0,021093750372529";"-7,79975816840306E-05";"0,000251137535087764";"-1,84333330253139E-05"
"-0,0141301704570651";"0,0127484016120434";"0,0120282750576735";"-0,000119356882350985";"0,000221764581510797";"0,000121355944429524"
"-0,00660333503037691";"0,00933893583714962";"0,03340033441782";"6,32637384114787E-05";"0,000130590371554717";"8,83886677911505E-05"
"-0,00360602699220181";"-0,00137723190709949";"0,0194132141768932";"-0,000189606318599544";"0,000237977263168432";"6,66896303300746E-05"
"-0,00667769741266966";"0,00776697369292378";"0,0306528527289629";"-6,10252827755176E-05";"0,000430760526796803";"0,000145686994073913"
"-0,00460996106266975";"0,000123930047266185";"0,0334469899535179";"-0,000155701549374498";"0,000311389565467834";"-1,22812598419841E-05"
"-0,00801098998636007";"0,000653361552394927";"0,0337446145713329";"0,000116066075861454";"0,000255535909673199";"-8,36863764561713E-05"
"-0,0130517696961761";"0,0031164912506938";"0,0344878546893597";"-0,000249217118835077";"0,00028103293152526";"-6,99379525030963E-05"
"-0,016672158613801";"0,0041046142578125";"0,0405595190823078";"-2,17655287997331E-05";"0,000645316671580076";"6,43024250166491E-05"
"0,00563403870910406";"-0,00837957952171564";"0,0360992066562176";"-0,000392028974601999";"0,000138119867187925";"0,000316984805976972"
"-0,00940248928964138";"0,00977224484086037";"0,0515127591788769";"2,38764387177071E-05";"0,00017760913760867";"-0,000146985636092722"
"-0,00781643390655518";"0,000728845421690494";"0,00973673816770315";"-6,44305109744892E-05";"0,000278108345810324";"-5,20178036822472E-05"
"-0,00762466713786125";"0,00187922385521233";"0,0166173819452524";"-0,000123786187032238";"0,000291691423626617";"2,2880998585606E-05"
"-0,0121342483907938";"0,0104960761964321";"0,00641145650297403";"-0,000200741909793578";"0,000219346256926656";"1,81454961420968E-05"
"0,00119372759945691";"0,00135689508169889";"0,0209120288491249";"-0,00012488903303165";"0,000230267352890223";"0,000139876356115565"
"-0,00650019338354468";"-0,00881838798522949";"0,023622227832675";"-0,000332237454131246";"0,000416122318711132";"0,000139893279992975"
"-0,0102513385936618";"0,0202364847064018";"0,0316956676542759";"-4,3783693399746E-05";"0,000366454507457092";"0,00020422347006388"
"-0,0138467326760292";"-0,00130770727992058";"-0,00982786994427443";"4,56187626696192E-06";"0,000268132629571483";"0,000268036732450128"
"-0,000260206870734692";"0,00749745778739452";"0,00575213180854917";"0,000162709737196565";"0,000145659229019657";"7,63509378884919E-05"
"-0,0089766401797533";"1,89258717000484E-05";"-0,00135673431213945";"-5,12026417709421E-05";"0,0004297370032873";"0,000230277262744494"
"0,000345729873515666";"0,00267430138774216";"0,0264089033007622";"-0,000272203964414075";"0,000458428054116666";"5,74057194171473E-05"
"-0,00661078281700611";"-0,00414188392460346";"0,0194607768207788";"-0,000165934936376289";"0,00025982508668676";"0,000166671758051962"
"-0,00253964494913816";"0,0101664578542113";"0,0403330102562904";"-8,48306590341963E-05";"0,000271492754109204";"-5,08883858856279E-05"
"-0,0115001536905766";"-0,00360676553100348";"0,0306364446878433";"-0,00011741623893613";"0,000269162759650499";"5,69509065826423E-05"
"-0,00684123253449798";"0,00718084629625082";"-0,000116834082291462";"6,86500716255978E-05";"8,81730811670423E-05";"5,81583335588221E-05"
"-0,0133605105802417";"-0,00573123199865222";"0,0137212462723255";"-0,000224439601879567";"0,000281358021311462";"0,000163258329848759"
"-0,00341679155826569";"-0,000124667771160603";"0,0122487526386976";"-0,000270606920821592";"0,000184056698344648";"4,87054930999875E-05"
"-0,00494303554296494";"-0,0014366484247148";"0,0252729412168264";"-0,000146862555993721";"0,000586468260735273";"0,000128691055579111"
"0,00114634574856609";"-0,00953509751707315";"0,0406831689178944";"-6,35533651802689E-05";"5,02388975291979E-05";"0,000118229450890794"
"-0,0096035897731781";"0,00807611923664808";"0,023565411567688";"-0,000167878592037596";"0,000512559025082737";"-0,00035927994758822"
"-0,0115205235779285";"0,0127177461981773";"0,0178938210010529";"-9,60235483944416E-05";"0,000502303009852767";"5,42632114957087E-05"
"-0,0127491112798452";"0,00147013273090124";"0,0125431204214692";"4,8182479076786E-05";"0,000250352284638211";"0,000264393514953554"
"-0,0010083019733429";"0,00552691612392664";"0,0434947647154331";"6,2697145040147E-05";"0,000311966723529622";"-3,48790272255428E-05"
"-0,00900320243090391";"-0,0155280400067568";"0,0198234990239143";"-0,00011013935727533";"0,00035303458571434";"5,13885752297938E-05"
"0,00357103580608964";"-0,00620621582493186";"0,0368310362100601";"7,13550325599499E-05";"0,000304555229377002";"9,01475868886337E-05"
"-0,006726891733706";"-0,00555101502686739";"0,0392051786184311";"-0,000129302032291889";"0,000392644404200837";"0,000104764258139767"
"-0,00803022086620331";"0,00737473648041487";"0,0414380915462971";"-0,000149943109136075";"2,50491102633532E-05";"-5,27259253431112E-05"
"-0,0134602999314666";"0,00393079640343785";"0,0361811518669128";"-8,85014160303399E-05";"0,000427097023930401";"4,68004727736115E-05"
"-0,00447501614689827";"0,00822195038199425";"0,0150467753410339";"-0,000123758014524356";"0,000165619101608172";"5,10764439241029E-05"
"-0,00179842882789671";"-0,00154425180517137";"0,0307565927505493";"-0,000119850890769158";"0,000237385407672264";"-0,000185797456651926"
"-0,00566557655110955";"-0,00157796824350953";"0,0433320254087448";"-9,95899681583978E-05";"0,000306585658108816";"-5,09029268869199E-05"
"-0,00144932372495532";"-0,00122603634372354";"0,0375532023608685";"-0,000187970508704893";"0,000174478453118354";"0,00024688063422218"
"-0,0175202880054712";"0,00747345946729183";"0,00253473897464573";"-2,45147384703159E-05";"0,000374281982658431";"0,000203229137696326"
"-0,00844660308212042";"0,0076839211396873";"0,0417295135557652";"-0,000150343999848701";"0,000496867985930294";"6,47697524982505E-05"
"0,00103570171631873";"-0,00771729182451963";"0,037929967045784";"-0,000117956362373661";"0,000271209777565673";"3,60491321771406E-06"
"-0,011111319065094";"-0,00024362513795495";"0,0429759696125984";"-0,000250389741268009";"0,00030849757604301";"0,000105921950307675"
"-0,0055553806014359";"-0,00701029039919376";"0,0418970957398415";"-0,000183187919901684";"0,000280933134490624";"0,00010517421469558"
"0,00299110286869109";"0,00098431808874011";"0,0294565036892891";"-0,000124670172226615";"0,00037307757884264";"-7,02734687365592E-05"
"-0,0148647148162127";"0,00647910358384252";"0,0427808910608292";"-0,000250633573159575";"0,000335941120283678";"0,000149401632370427"
"-0,00368339568376541";"0,00630981056019664";"0,0194205045700073";"-9,36254509724677E-05";"0,000317546451697126";"0,000225881871301681"
"-0,0056284386664629";"-0,00788578391075134";"0,029328640550375";"-0,000123969817650504";"0,00016330651124008";"0,000242108275415376"
"-0,0208238326013088";"0,00158315058797598";"0,0301859620958567";"-0,000423469871748239";"0,000690053391736001";"0,000244494207436219"
"-0,0103163402527571";"0,00564173236489296";"0,0290286056697369";"-0,000210753045394085";"0,000430816144216806";"8,66877890075557E-05"
"-0,00398187479004264";"0,00820816867053509";"0,0568118095397949";"-0,000253479258390144";"0,000167646037880331";"-0,000101997153251432"
"-0,01745480671525";"-0,000333029311150312";"0,0530747547745705";"4,08225678256713E-05";"0,000260508124483749";"-0,000147546859807335"
"-0,00175903446506709";"0,00272685708478093";"0,0461516380310059";"-9,12039977265522E-05";"0,000370566354831681";"-1,97419631149387E-05"
"-0,00341926421970129";"-0,00792266242206097";"0,0305697321891785";"-0,000280116393696517";"0,000213660474400967";"0,000242763184360228"
"-0,00597973028197885";"0,00377585692331195";"0,0329942665994167";"-0,000355786120053381";"0,000245472881942987";"0,00011592391092563"
"-0,00580766657367349";"-0,0125018963590264";"0,0322884358465672";"-0,000109970365883783";"0,000215782638406381";"0,000128612708067521"
"-0,00843472220003605";"0,00335363438352942";"0,0571863688528538";"-0,000109334680018947";"0,000353728799382225";"-0,000172987987753004"
"-0,00511832442134619";"0,0120151173323393";"0,0175729338079691";"-0,000298255559755489";"0,000262003130046651";"-6,19594356976449E-05"
"-0,00906790420413017";"-0,000257033621892333";"0,0471403710544109";"-0,00029339489992708";"0,000294164579827338";"2,1816769731231E-05"
"-0,00400147028267384";"-0,00888475868850946";"0,0653807297348976";"-0,000508135766722262";"0,000483409006847069";"0,000159249873831868"
"-0,0120618678629398";"0,00685579190030694";"0,0330641083419323";"-0,000269637239398435";"0,000405166472773999";"7,38997696316801E-05"
"-0,0033939485438168";"0,00605087960138917";"0,0374661199748516";"-0,00027318176580593";"0,000500835594721138";"0,000191782950423658"
"-0,00658589834347367";"-0,000681872246786952";"0,016606979072094";"-0,000118862437375356";"0,000167532809427939";"7,93257204350084E-05"
"-0,00742823537439108";"0,0183307118713856";"0,0318095423281193";"-7,77719396864995E-05";"0,000462802418041974";"0,00011877986980835"
"0,00193273287732154";"0,00361928343772888";"0,0435286872088909";"-3,92868350900244E-05";"0,000447501777671278";"-3,43005121976603E-05"
"0,00368388765491545";"0,0105417631566525";"0,0282027758657932";"0,000164687895448878";"0,000263318681390956";"2,00784779735841E-06"
"-0,00636064633727074";"0,00356753310188651";"0,051516342908144";"-0,000131653010612354";"0,000274862046353519";"3,91101129935123E-05"
"-0,00912787206470966";"-0,00256866123527288";"0,0598288476467133";"-0,000262407440459356";"0,000295047269901261";"-0,000115858492790721"
"-0,00261321850121021";"-0,000211379723623395";"0,0194041803479195";"-0,000340015336405486";"0,000583784771151841";"0,000197501358343288"
"-0,00177418766543269";"0,00287844706326723";"0,0307234711945057";"-9,22548133530654E-05";"0,000317409605486318";"0,000101873054518364"
"-0,00475617265328765";"-2,98270024359226E-05";"0,0405792482197285";"-9,06611894606613E-05";"0,000405001075705513";"0,000120669181342237"
"-0,000324128312058747";"-0,00186216668225825";"0,0458694212138653";"-0,000277949729934335";"0,000165850142366253";"-6,48901623208076E-05"
"0,000741071416996419";"-0,0100715300068259";"0,0170955453068018";"-9,18340592761524E-05";"0,000348516507074237";"6,59191719023511E-05"
"-0,00916605908423662";"-0,000968706095591187";"0,0451100468635559";"0,000261639041127637";"0,000199753456399776";"-3,56959171767812E-05"
"-0,0104103116318583";"-0,00309753837063909";"0,0460046790540218";"-0,000134211601107381";"0,000276224425761029";"-7,50591061660089E-06"
"0,00741068366914988";"0,0067733945325017";"0,0613921135663986";"-0,000170320243341848";"0,000242938767769374";"-4,10996290156618E-05"
"-0,0138223124668002";"-0,0118104368448257";"0,0709561854600906";"-0,000351339054759592";"0,000266783230472356";"0,000116801609692629"
"0,000647465465590358";"0,00290583493188024";"0,0472606457769871";"-0,000291513744741678";"0,000342748593539";"0,000109339118353091"
"0,000409636821132153";"-0,00159235158935189";"0,0193748213350773";"-0,000324287422699854";"0,000366124935681";"6,7388558818493E-05"
"-0,00867804139852524";"-0,00418376410380006";"0,0223312098532915";"-0,000100107092293911";"0,000287867267616093";"0,00021113600814715"
"-0,0042667631059885";"-0,00163722992874682";"0,0318200625479221";"-0,000234962601098232";"8,86444613570347E-05";"5,70106058148667E-05"
"0,00327807827852666";"0,00368177425116301";"0,0545290261507034";"-1,66331101354444E-05";"0,000142186123412102";"0,00021285645198077"
"-0,00510210171341896";"-0,00110347243025899";"0,0303036104887724";"-0,00032186959288083";"0,000147355021908879";"0,000113753019832075"
"-0,00346878473646939";"0,00275881076231599";"0,0557916685938835";"-0,000181320254341699";"0,000411322951549664";"7,05531783751212E-05"
"-0,00632593687623739";"0,004437864292413";"0,0444745272397995";"-0,000240870780544356";"0,000497084693051875";"0,000280641776043922"
"-0,0114499153569341";"0,00226818211376667";"0,0375813171267509";"3,66940003004856E-05";"4,77391222375445E-05";"-1,17546951514669E-05"
"-0,00459578773006797";"0,00905312411487103";"0,0291760116815567";"-7,47436424717307E-05";"0,0003517187142279";"0,00025949944392778"
"-0,00350213632918894";"-0,00218342430889606";"0,0404153540730476";"-8,17980981082655E-05";"4,50086663477123E-05";"0,000132768414914608"
"-0,0136158987879753";"0,00149824179243296";"0,0559589266777039";"-1,33018693304621E-05";"0,00048140698345378";"-8,72296368470415E-05"
"-0,00512288091704249";"-9,65865328907967E-05";"0,0401429384946823";"-0,000292747135972604";"0,000214313098695129";"0,000190510530956089"
"-0,00315510109066963";"-0,0054875323548913";"0,026838107034564";"3,01444997603539E-05";"0,000246185925789177";"-7,30555548216216E-05"
"-0,00400165468454361";"0,00907919835299253";"0,0322562791407108";"-6,66447886032984E-06";"0,000593658012803644";"0,000147861239383928"
"0,00508679915219545";"0,00566803384572268";"0,0279466863721609";"-9,25011772778817E-05";"0,0002548624179326";"4,37922717537731E-05"
"0,00533999782055616";"0,000366018735803664";"0,05589509755373";"-0,000104901773738675";"0,000114392867544666";"0,000126918414025567"
"-0,00349687389098108";"0,00291682220995426";"0,0445785485208035";"-0,000158368435222656";"0,000318776874337345";"6,49413705104962E-05"
"-0,00314579205587506";"0,00443494971841574";"0,0527415759861469";"-0,000190379927516915";"8,30219141789712E-05";"-3,28647765854839E-05"
"-0,00570286903530359";"0,00610087299719453";"0,0433190912008286";"-2,73283621936571E-05";"0,000425974256359041";"0,000237468397244811"
"0,0580251216888428";"0,034925103187561";"-0,0208406150341034";"0,000255318591371179";"0,00400399789214134";"0,0283606387674809"
"-0,253568708896637";"0,45970693230629";"-0,0916842743754387";"0,00298655545338988";"0,00782770104706287";"0,00436727376654744"
"0,0455267429351807";"0,389609009027481";"-0,205855965614319";"0,0045536351390183";"0,0130072645843029";"0,0481560006737709"
"0,191548407077789";"0,176380962133408";"-0,351767688989639";"0,0261886827647686";"0,0154594220221043";"0,0258710980415344"
"0,292775392532349";"-1,32033133506775";"-0,303785055875778";"0,0998852774500847";"-0,0198631715029478";"0,0485106483101845"
"-0,644704878330231";"-0,192150413990021";"0,435584157705307";"-0,01418711617589";"-0,0404054671525955";"0,0397636704146862"
"-1,14647936820984";"0,797958374023438";"0,679337799549103";"0,000616744160652161";"-0,0705474466085434";"0,0904902890324593"
"-0,0349464416503906";"1,11561191082001";"2,24012422561646";"-0,105939261615276";"0,00578582659363747";"0,183832570910454"
"0,909628391265869";"1,37955284118652";"-1,57556021213531";"-0,029620885848999";"0,0815478339791298";"0,181118339300156"
"0,565890908241272";"-1,36521768569946";"-0,338766634464264";"0,0907229632139206";"0,0382577516138554";"0,093586340546608"
"-1,38386940956116";"-1,44302320480347";"0,227848619222641";"-0,00484991259872913";"-0,0823358148336411";"0,109100818634033"
"-0,733696699142456";"1,38448238372803";"0,914078533649445";"-0,0680393353104591";"-0,0183174591511488";"0,0855788141489029"
"0,817375302314758";"-0,471004486083984";"0,0556787475943565";"-0,0185540001839399";"0,0508608371019363";"0,00696765724569559"
"-0,182254791259766";"-0,247970640659332";"-0,198722571134567";"0,0376857034862041";"-0,0195483639836311";"0,0708291456103325"
"0,237059950828552";"0,419075310230255";"0,261444181203842";"-0,0584677159786224";"-0,00211405195295811";"0,0782056003808975"
"0,22978401184082";"-0,541529178619385";"-0,648808896541595";"0,0607924461364746";"0,0231600664556026";"0,137421041727066"
"-1,22338724136353";"0,161464929580688";"0,45106565952301";"-0,0681574642658234";"-0,122456662356853";"0,0701617747545242"
"2,12540602684021";"1,09287941455841";"0,592970013618469";"-0,0411853976547718";"0,134202778339386";"0,166778609156609"
"-0,285857915878296";"-1,40841162204742";"0,0129780098795891";"0,0980125442147255";"-0,0294193457812071";"0,12565390765667"
"-0,871289372444153";"1,15339088439941";"0,423191010951996";"-0,0730413869023323";"-0,0210237354040146";"0,0686179399490356"
"-0,0182675160467625";"-1,01397216320038";"0,209904462099075";"0,0508197285234928";"-0,0184376165270805";"0,0170481335371733"
"-0,289738059043884";"1,42994046211243";"0,544287741184235";"-0,0885165706276894";"0,00559111405164003";"0,066172257065773"
"-0,0136029720306396";"-0,045091986656189";"0,809388339519501";"0,0461925901472569";"-0,0117636555805802";"0,0858146771788597"
"1,17020773887634";"0,504384458065033";"0,634296774864197";"-0,0486735813319683";"0,0671864375472069";"0,0893639624118805"
"-1,31886267662048";"-1,05551767349243";"0,40263307094574";"0,0658408105373383";"-0,0860303938388824";"0,142322897911072"
"0,556058168411255";"1,17774558067322";"0,740137696266174";"-0,0530318953096867";"0,049831110984087";"0,13318532705307"
"0,0241427421569824";"0,436652302742004";"0,7539963722229";"-0,00856670644134283";"-0,0160021521151066";"0,141328707337379"
"0,185761213302612";"-0,464487910270691";"0,691250562667847";"0,0528023801743984";"0,0190573371946812";"0,0889482572674751"
"-0,157735228538513";"1,15179634094238";"0,97386771440506";"-0,0360675752162933";"0,0175038650631905";"0,0661763101816177"
"-0,527091264724731";"0,0404030084609985";"1,40673553943634";"-0,0251496024429798";"-0,0515031218528748";"0,0785984694957733"
"0,105264902114868";"-0,100922107696533";"1,03833246231079";"0,0329655483365059";"0,0247877575457096";"0,0907438099384308"
"0,00650167465209961";"0,289676904678345";"1,62655746936798";"-0,0121349655091763";"0,0090070404112339";"0,142921179533005"
"-0,0266809463500977";"0,130650401115417";"1,19650185108185";"-0,014857298694551";"0,00145190395414829";"0,0840280130505562"
"-0,282168865203857";"0,00669002532958984";"1,74734437465668";"-0,0175097230821848";"-0,0231409594416618";"0,0968417525291443"
"0,0925521850585938";"0,356049418449402";"1,89684426784515";"0,0301482565701008";"0,00339204631745815";"0,0929504334926605"
"0,207699298858643";"-0,098884105682373";"1,82146728038788";"-0,0144493635743856";"-0,00358525663614273";"0,136070728302002"
"0,279553174972534";"0,0213708877563477";"2,21639895439148";"-0,00329078454524279";"0,00523416325449944";"0,127735048532486"
"0,250729441642761";"-0,606278240680695";"1,72262632846832";"-0,0132203539833426";"0,00107690785080194";"0,081692285835743"
"-0,103832721710205";"0,20287811756134";"2,30468678474426";"-0,00107549782842398";"-0,00557496212422848";"0,13384136557579"
"-1,68291473388672";"-1,04303312301636";"3,16864252090454";"0,0182513408362865";"-0,0839443653821945";"0,574619829654694"
"-0,20177173614502";"-1,68319129943848";"1,59196043014526";"0,0811330676078796";"0,00690454244613647";"0,717620372772217"
"0,186521530151367";"2,13385248184204";"3,97925853729248";"-0,2109355032444";"0,00487087666988373";"0,564614951610565"
"1,82188320159912";"-0,26568078994751";"4,23530149459839";"0,047327883541584";"0,102429285645485";"0,418156087398529"
"-1,6418833732605";"0,796313762664795";"6,57346248626709";"-0,0265730936080217";"-0,0853201448917389";"0,292274743318558"
"1,56407260894775";"0,510501861572266";"6,22175645828247";"-0,00267159007489681";"0,0947019904851913";"0,23897410929203"
"0,683633089065552";"-0,0981533527374268";"7,49233770370483";"-0,00591766182333231";"-0,00690924562513828";"0,177838295698166"
"2,14281988143921";"-0,369735360145569";"6,12910556793213";"0,0397261790931225";"0,119899794459343";"0,143054351210594"
"0,576723575592041";"-0,345196127891541";"6,75284862518311";"-0,0278868079185486";"-0,022373178973794";"0,131121382117271"
"0,676123142242432";"-0,733414530754089";"6,64056348800659";"0,0316598750650883";"0,045048575848341";"0,122882127761841"
"0,903984785079956";"0,352678060531616";"6,79649019241333";"-0,0351162739098072";"0,0406532175838947";"0,117382496595383"
"1,20282053947449";"-0,275629878044128";"7,1655387878418";"0,0171994492411613";"0,0589250400662422";"0,150797158479691"
"1,33728122711182";"0,572735190391541";"6,46980237960815";"-0,0255860593169928";"0,0503748282790184";"0,144764557480812"
"1,02089476585388";"-0,312737464904785";"7,04938697814941";"0,00456246035173535";"0,0447741970419884";"0,119149230420589"
"0,710955262184143";"0,0486522912979126";"6,44399738311768";"0,0001306370832026";"0,0414650216698647";"0,102040380239487"
"0,847606658935547";"-0,380923986434937";"6,51272916793823";"0,0157258957624435";"0,0346849448978901";"0,140623450279236"
"0,876003503799438";"-0,435579061508179";"6,87118244171143";"0,0112155918031931";"0,0470472425222397";"0,128058269619942"
"0,98060131072998";"-0,614852070808411";"6,94639015197754";"0,0220175050199032";"0,0216070991009474";"0,154940187931061"
"0,651600122451782";"0,0400714874267578";"6,75216770172119";"0,00173652730882168";"0,0313406847417355";"0,148004859685898"
"0,926167011260986";"-0,261001586914063";"6,67172908782959";"-0,016025323420763";"0,0326648242771626";"0,143335044384003"
"1,37737202644348";"-0,0516746044158936";"6,2490291595459";"0,010475741699338";"0,0646651908755302";"0,115614354610443"
"0,9359450340271";"0,449102163314819";"7,02550745010376";"-0,0182520840317011";"0,0312145669013262";"0,130346611142159"
"1,48904502391815";"0,181673943996429";"6,32882833480835";"-0,00105268927291036";"0,0608074590563774";"0,112281337380409"
"0,823927044868469";"-0,316242694854736";"6,63379764556885";"-0,00327740702778101";"0,032865472137928";"0,107988439500332"
"1,20091724395752";"-0,436643242835999";"6,20209550857544";"0,0266576930880547";"0,038098119199276";"0,158382713794708"
"1,26047229766846";"-0,49465799331665";"5,92642498016357";"0,0144863659515977";"0,0398642644286156";"0,146179795265198"
"1,4024863243103";"-0,972478151321411";"6,47828006744385";"0,0151185113936663";"0,0325064174830914";"0,13785308599472"
"0,2942214012146";"0,147779226303101";"5,87101221084595";"0,0106143467128277";"0,0195413250476122";"0,148911684751511"
"1,21080422401428";"-0,098490834236145";"6,73457336425781";"-0,0224784575402737";"0,0288268066942692";"0,135111883282661"
"1,70520532131195";"-0,196274876594543";"5,84416818618774";"0,0196341872215271";"0,0649756714701653";"0,122646234929562"
"1,2142162322998";"0,211770296096802";"6,20755767822266";"-0,0254263803362846";"0,0324979722499847";"0,135519400238991"
"1,23614609241486";"0,127560555934906";"6,27398300170898";"0,00995889864861965";"0,0597659274935722";"0,112636990845203"
"0,972563862800598";"-0,0654914379119873";"6,28659009933472";"0,000230241101235151";"0,0327320992946625";"0,107102878391743"
"1,2159857749939";"-0,517011642456055";"6,18871641159058";"0,0210516396909952";"0,0386266931891441";"0,150990560650826"
"1,17068338394165";"-0,937438368797302";"5,93290901184082";"0,0221829693764448";"0,0353743880987167";"0,133635431528091"
"1,37294864654541";"-0,676549315452576";"6,50930500030518";"0,0193000547587872";"0,0327183268964291";"0,154421344399452"
"0,498198509216309";"-0,0286067724227905";"6,23327350616455";"0,00962855108082294";"0,0240600854158401";"0,138120055198669"
"0,8619384765625";"0,150010228157043";"6,46456623077393";"-0,0122904069721699";"0,0353314839303494";"0,159343272447586"
"1,87110590934753";"-0,215718150138855";"6,2141170501709";"0,0102466139942408";"0,0615620948374271";"0,136832773685455"
"1,04177331924438";"-0,134446024894714";"6,31531667709351";"-0,0240831691771746";"0,0333625227212906";"0,123154506087303"
"1,33738720417023";"-0,150678932666779";"6,52365636825562";"-0,00386704644188285";"0,0568495318293571";"0,100681625306606"
"0,955008745193481";"0,117969632148743";"6,3540620803833";"0,012675192207098";"0,0379695817828178";"0,159359708428383"
"0,943953514099121";"-0,541954159736633";"6,02902173995972";"0,0109374234452844";"0,0387483686208725";"0,16217602789402"
"0,90554678440094";"-0,763871908187866";"6,12191104888916";"0,0242119282484055";"0,0363027229905128";"0,114449948072433"
"0,906266212463379";"-0,0847300291061401";"6,79387092590332";"0,0185572654008865";"0,0361448153853416";"0,160758182406425"
"0,707239627838135";"-0,433754682540894";"5,6287899017334";"0,00399089325219393";"0,0250731706619263";"0,12457737326622"
"0,697166204452515";"-0,0135242938995361";"6,68055152893066";"-0,0189455151557922";"0,0326049141585827";"0,14375464618206"
"1,29418396949768";"0,388172209262848";"6,29162168502808";"0,00566077418625355";"0,0614730231463909";"0,12989254295826"
"0,884315252304077";"0,0388015508651733";"6,75756978988647";"-0,0164584778249264";"0,0329127609729767";"0,119681596755981"
"1,38265573978424";"0,130824208259583";"6,38586473464966";"0,0072012753225863";"0,0586451962590218";"0,103070102632046"
"0,987899303436279";"-0,103809952735901";"6,04912328720093";"-0,00225859135389328";"0,0386848226189613";"0,131787419319153"
"0,625379323959351";"-0,260769009590149";"6,70367622375488";"0,0220869015902281";"0,0398918837308884";"0,153163954615593"
"0,93354058265686";"-0,514254450798035";"5,91912984848022";"0,0221880860626698";"0,033049575984478";"0,125385522842407"
"1,35648703575134";"-0,627727389335632";"6,75417995452881";"0,0148997474461794";"0,0359355919063091";"0,139480441808701"
"0,2716224193573";"0,0673912763595581";"5,88715982437134";"0,0161027163267136";"0,0199840646237135";"0,128455862402916"
"0,977900743484497";"-0,0189641714096069";"6,55249071121216";"-0,0237633530050516";"0,0343223623931408";"0,142369642853737"
"1,32698464393616";"0,0706384181976318";"6,44194650650024";"0,00947258900851011";"0,062009297311306";"0,117242515087128"
"0,86149001121521";"-0,0247365236282349";"6,76075553894043";"-0,0209009982645512";"0,0331298187375069";"0,130930706858635"
"1,37896358966827";"0,184045135974884";"6,22538328170776";"0,0107951443642378";"0,0597162246704102";"0,0934418588876724"
"1,02183818817139";"-0,0249499082565308";"6,28190469741821";"-0,00386420218273997";"0,0358511283993721";"0,114040225744247"
"1,01876139640808";"-0,489386916160584";"6,54848098754883";"0,015818078070879";"0,037415087223053";"0,147753730416298"
"0,833505153656006";"-0,710744142532349";"6,29111337661743";"0,0245449878275394";"0,0303551107645035";"0,12329526245594"
"1,15755844116211";"-0,370284914970398";"6,78848695755005";"0,0242530256509781";"0,0355695113539696";"0,135214015841484"
"0,885021924972534";"-0,331739902496338";"5,87103796005249";"0,00811593513935804";"0,0183342564851046";"0,140239134430885"
"1,14658570289612";"-0,195002675056458";"6,39975309371948";"-0,0272499211132526";"0,0397272482514381";"0,142617791891098"
"1,65793085098267";"-0,459794700145721";"6,95104503631592";"0,00827594846487045";"0,0599402599036694";"0,113031677901745"
"1,08584570884705";"0,270667672157288";"6,61248683929443";"-0,0141704650595784";"0,0349830090999603";"0,157430276274681"
"1,45157051086426";"-0,307204008102417";"6,61317157745361";"0,00855037663131952";"0,0639453828334808";"0,127318695187569"
"0,786180973052979";"-0,0720659494400024";"5,89598369598389";"-0,0114871254190803";"0,0380816273391247";"0,128595054149628"
"0,692358732223511";"-0,295265078544617";"6,57321453094482";"0,0267818570137024";"0,0372749641537666";"0,144617065787315"
"0,893519878387451";"-0,930205821990967";"6,56571292877197";"0,0137565582990646";"0,0328956246376038";"0,130958586931229"
"1,17426300048828";"-0,480339169502258";"6,37390279769897";"0,027280056849122";"0,0344595909118652";"0,137321710586548"
"0,671254396438599";"-0,184941291809082";"5,63421297073364";"0,00127984210848808";"0,0184949617832899";"0,122309297323227"
"0,999071836471558";"-0,261897921562195";"6,83077812194824";"-0,0307227522134781";"0,038060836493969";"0,123025886714458"
"1,44600963592529";"-0,0846537351608276";"6,72543001174927";"0,0132527947425842";"0,0605531558394432";"0,120133601129055"
"0,841753959655762";"0,29570484161377";"6,90169191360474";"-0,0156341791152954";"0,0343606285750866";"0,131521999835968"
"1,690150141716";"-0,607598304748535";"6,34288120269775";"0,0135043952614069";"0,0630486384034157";"0,110432952642441"
"1,03322958946228";"-0,309528589248657";"6,25429010391235";"-0,0168930403888226";"0,0308904945850372";"0,105408079922199"
"0,886552095413208";"-0,559996843338013";"6,3389949798584";"0,0241224654018879";"0,0381828770041466";"0,153167590498924"
"0,871472597122192";"-0,318507790565491";"6,62664937973022";"0,0256058536469936";"0,0384741723537445";"0,152470275759697"
"1,1841139793396";"-0,586000323295593";"6,57776308059692";"0,0216551031917334";"0,0350194722414017";"0,153433486819267"
"0,656519651412964";"-0,110570549964905";"6,060227394104";"-0,00256961304694414";"0,0247054658830166";"0,132829606533051"
"0,699928998947144";"0,164144515991211";"6,79294204711914";"-0,0242290925234556";"0,0442365184426308";"0,131150767207146"
"1,56478273868561";"-0,124615550041199";"6,68969583511353";"0,0102437809109688";"0,0607443526387215";"0,127197474241257"
"1,03668689727783";"0,421311378479004";"6,73511171340942";"-0,00743815954774618";"0,0375293716788292";"0,13988521695137"
"1,44317436218262";"-0,277487933635712";"6,75918865203857";"0,0149891655892134";"0,0641354620456696";"0,111953586339951"
"0,643429517745972";"0,182269215583801";"6,16748142242432";"-0,02138651907444";"0,0328776016831398";"0,119091846048832"
"0,729852914810181";"-0,453645944595337";"6,77731847763062";"0,0267077218741179";"0,0376211553812027";"0,144024908542633"
"1,14335966110229";"-0,424484372138977";"6,24744844436646";"0,032895665615797";"0,0389611199498177";"0,165816634893417"
"0,934908866882324";"-0,329941511154175";"6,52781581878662";"0,0110323540866375";"0,0316206142306328";"0,129175901412964"
"0,908954858779907";"-0,149032831192017";"6,25553226470947";"0,00302479602396488";"0,0262420903891325";"0,151034444570541"
"0,882375240325928";"0,0445761680603027";"6,44359731674194";"-0,0393711403012276";"0,0382553711533546";"0,122564315795898"
"1,3176851272583";"-0,214063405990601";"6,73460721969604";"0,0152575140818954";"0,0654338151216507";"0,137030735611916"
"1,00961494445801";"0,389615893363953";"6,43556308746338";"-0,00740660540759563";"0,0379513911902905";"0,111664243042469"
"1,466916680336";"-0,577954530715942";"6,53283739089966";"0,00715429848060012";"0,0616860091686249";"0,106195062398911"
"0,75932240486145";"0,214069843292236";"6,70136547088623";"-0,0067482003942132";"0,0293660778552294";"0,137284383177757"
"0,982874393463135";"-0,387850046157837";"6,35135364532471";"0,0330265760421753";"0,0436018705368042";"0,160162270069122"
"1,22270679473877";"-0,684105277061462";"6,74388551712036";"0,02387660369277";"0,030968926846981";"0,134377881884575"
"1,02977108955383";"-0,676532387733459";"6,47366952896118";"0,00953125022351742";"0,0281979460269213";"0,129470661282539"
"0,558614492416382";"-0,283626437187195";"6,43785810470581";"-0,00137652922421694";"0,0177205465734005";"0,147315874695778"
"0,973912715911865";"0,903311908245087";"6,58744049072266";"-0,0231558028608561";"0,0533260963857174";"0,136217564344406"
"1,21037077903748";"-0,228307008743286";"7,18913698196411";"0,0109709538519382";"0,0606658384203911";"0,1360874325037"
"1,22107100486755";"-0,156816005706787";"6,50137710571289";"-0,0190435890108347";"0,037749283015728";"0,120036751031876"
"1,4025799036026";"-0,781415939331055";"6,56181812286377";"0,0197914559394121";"0,0646033063530922";"0,109181448817253"
"0,730864524841309";"-0,176590085029602";"6,85190582275391";"-0,00954409409314394";"0,0244202110916376";"0,133288472890854"
"0,855847597122192";"-0,567942976951599";"6,34200191497803";"0,0277078244835138";"0,0421876907348633";"0,144238591194153"
"1,07902145385742";"-0,752718806266785";"6,81273651123047";"0,0150756202638149";"0,0300661902874708";"0,140067577362061"
"0,989591360092163";"-0,537289142608643";"6,4395751953125";"0,0159973576664925";"0,0319483205676079";"0,133460357785225"
"0,413596868515015";"-0,338804364204407";"6,81787204742432";"-0,0111316358670592";"0,0166194438934326";"0,116093553602695"
"1,27231121063232";"0,212435126304626";"6,58262395858765";"-0,00865240301936865";"0,0581319779157639";"0,150963991880417"
"1,11921286582947";"-0,329504489898682";"7,14290952682495";"0,00138870440423489";"0,0535185635089874";"0,137215435504913"
"1,43508553504944";"0,290302872657776";"6,55136775970459";"-0,00391810340806842";"0,0439331978559494";"0,128126427531242"
"1,16640901565552";"-0,171645879745483";"6,11608600616455";"0,0118787307292223";"0,0638690963387489";"0,122214861214161"
"0,731508493423462";"-0,0657080411911011";"6,15897226333618";"-0,00657395366579294";"0,0256123747676611";"0,142972558736801"
"0,83599853515625";"-0,603626012802124";"6,52249622344971";"0,0319110341370106";"0,0467240810394287";"0,153583288192749"
"1,24903845787048";"-0,559436917304993";"6,15694761276245";"0,0176639929413795";"0,0352641604840755";"0,158744141459465"
"0,894162654876709";"-0,323838710784912";"6,36203718185425";"0,0183077193796635";"0,033982340246439";"0,163701593875885"
"0,68730092048645";"-0,304342985153198";"6,71076583862305";"-0,0108951255679131";"0,012965670786798";"0,126858964562416"
"1,53386974334717";"0,0144414901733398";"6,24998140335083";"-0,0136951515451074";"0,069352388381958";"0,155908778309822"
"1,1311731338501";"-0,164214491844177";"6,64759111404419";"-0,00148680619895458";"0,0518896132707596";"0,152270197868347"
"1,51971733570099";"0,0167280435562134";"6,19375562667847";"-0,00669253710657358";"0,0505335107445717";"0,121104180812836"
"1,37731981277466";"-0,861225306987762";"6,22672367095947";"0,0120435077697039";"0,0600440837442875";"0,0893338769674301"
"0,452150821685791";"-0,318623542785645";"6,61595296859741";"-0,01067631598562";"0,0217506345361471";"0,135917633771896"
"0,90693473815918";"-0,57326865196228";"6,38511085510254";"0,0386727228760719";"0,0475903674960136";"0,143073230981827"
"1,00652194023132";"-0,255367040634155";"6,33235645294189";"0,0171006210148335";"0,0373240187764168";"0,149802997708321"
"1,00606155395508";"-0,637148141860962";"6,52289485931396";"0,0178490597754717";"0,0302081052213907";"0,148606032133102"
"0,286655426025391";"0,197739362716675";"6,67657136917114";"-0,0218781903386116";"0,016864787787199";"0,130814909934998"
"1,43747091293335";"-0,139123558998108";"6,64156627655029";"-0,000958711840212345";"0,0661244839429855";"0,14038148522377"
"0,928831577301025";"0,178865551948547";"6,54591941833496";"-0,00703749526292086";"0,0505080223083496";"0,121690921485424"
"1,50190663337708";"0,222759246826172";"6,48397159576416";"-0,00955308601260185";"0,0517024695873261";"0,140078485012054"
"1,6019321680069";"-0,667322635650635";"6,09626436233521";"0,00915281753987074";"0,0552021339535713";"0,110235586762428"
"0,560166597366333";"-0,0169775485992432";"6,4347825050354";"-0,00175982620567083";"0,0332148820161819";"0,174751460552216"
"1,51720130443573";"-1,30961179733276";"6,24241161346436";"0,0412909314036369";"0,0442747995257378";"0,142493918538094"
"0,779405355453491";"-0,131148934364319";"6,46669769287109";"-0,0037049101665616";"0,0376746691763401";"0,108599439263344"
"0,942647695541382";"-1,29073965549469";"6,61781358718872";"0,0146116195246577";"0,0206584967672825";"0,129145264625549"
"0,674163579940796";"0,658612489700317";"6,01096248626709";"-0,0155828157439828";"0,0237306207418442";"0,151574611663818"
"1,48199534416199";"-0,17224133014679";"6,76023721694946";"0,0024669892154634";"0,0658934414386749";"0,122884519398212"
"1,19084596633911";"0,373774826526642";"6,38884210586548";"-0,0158195458352566";"0,0490952804684639";"0,11759040504694"
"1,20748686790466";"-0,195183038711548";"6,71839189529419";"-0,00933194905519485";"0,0498675331473351";"0,146928340196609"
"1,38106846809387";"-0,246111154556274";"6,20306587219238";"0,0121498946100473";"0,0551016107201576";"0,12876632809639"
"0,805768966674805";"-0,0437978506088257";"6,23219442367554";"-0,00716872233897448";"0,0362352058291435";"0,139074966311455"
"1,07653164863586";"-1,07210445404053";"6,45130109786987";"0,0359654724597931";"0,0406792238354683";"0,14588426053524"
"1,38371896743774";"0,179841160774231";"6,277663230896";"0,0157196596264839";"0,0408138297498226";"0,164394348859787"
"1,25954914093018";"-0,972710371017456";"6,29423570632935";"0,0176595561206341";"0,0259604323655367";"0,143530368804932"
"0,875702142715454";"0,283072590827942";"6,44194269180298";"-0,0323196463286877";"0,0327741727232933";"0,148863554000854"
"1,09848666191101";"0,00735211372375488";"6,67243194580078";"0,00870369467884302";"0,0675119161605835";"0,156984508037567"
"1,43075633049011";"0,307177305221558";"6,52047395706177";"-0,0108750388026237";"0,0424932464957237";"0,126095801591873"
"1,59420132637024";"-0,0867646932601929";"6,2863883972168";"-0,0104365991428494";"0,0608227923512459";"0,137273773550987"
"0,859744548797607";"-0,158950924873352";"6,44307947158813";"0,00900730397552252";"0,0429717972874641";"0,122572362422943"
"0,577935457229614";"0,14792001247406";"6,61093330383301";"0,0192219167947769";"0,0392872467637062";"0,155401781201363"
"0,878235816955566";"-0,801367282867432";"6,1356086730957";"0,0306915789842606";"0,0390167199075222";"0,158428907394409"
"1,62818503379822";"-0,134160757064819";"6,34823560714722";"0,0152540476992726";"0,0455623380839825";"0,165829718112946"
"0,645298957824707";"-0,814017772674561";"6,4706449508667";"0,00556672597303987";"0,0149505380541086";"0,118571192026138"
"1,32904148101807";"0,118690729141235";"6,38787841796875";"-0,0261262618005276";"0,0447166040539742";"0,185236290097237"
"1,02909564971924";"-0,0725855827331543";"6,10501003265381";"-0,00156193459406495";"0,0640589222311974";"0,119911782443523"
"0,998374462127686";"-0,0213642120361328";"7,04058122634888";"-0,0150570943951607";"0,0314096249639988";"0,126317366957664"
"1,59230470657349";"0,0967484712600708";"5,88753223419189";"0,0162812527269125";"0,0698492527008057";"0,134418740868568"
"0,601934432983398";"-0,209866523742676";"6,26144981384277";"-0,0200256835669279";"0,0333895049989223";"0,119166597723961"
"1,11776733398438";"-0,852386951446533";"6,6249828338623";"0,0197199657559395";"0,0374823696911335";"0,124977000057697"
"0,623476982116699";"-0,417015552520752";"6,47499656677246";"0,0190592855215073";"0,0419621393084526";"0,13904170691967"
"1,35641002655029";"-0,691345453262329";"6,39795970916748";"0,0155176632106304";"0,0367538146674633";"0,138341188430786"
"0,516483783721924";"-0,595860481262207";"6,21354150772095";"-0,00412245932966471";"0,0217904020100832";"0,146589368581772"
"1,27864766120911";"-0,00950586795806885";"6,50520038604736";"-0,0276565104722977";"0,0408490672707558";"0,109964802861214"
"1,31611776351929";"-0,140478849411011";"6,4975700378418";"0,00590109219774604";"0,0609979741275311";"0,131262242794037"
"1,00074076652527";"0,425619602203369";"6,67115592956543";"-0,00810782331973314";"0,0421158149838448";"0,137240305542946"
"1,67142617702484";"-0,589059233665466";"6,37905836105347";"0,0150063168257475";"0,0600879564881325";"0,119596190750599"
"0,583022594451904";"0,330207169055939";"6,17814540863037";"-0,0274190567433834";"0,034497082233429";"0,104696519672871"
"1,12268877029419";"-1,29047465324402";"6,56253099441528";"0,0216332692652941";"0,04400235414505";"0,145984798669815"
"1,24874091148376";"-0,472384333610535";"6,34815740585327";"0,0212809294462204";"0,0445140339434147";"0,172319740056992"
"0,905628204345703";"-0,738810896873474";"6,60592460632324";"0,0142663009464741";"0,0339031964540482";"0,148780018091202"
"0,689123630523682";"-0,3283611536026";"6,14023017883301";"-0,0071504870429635";"0,0245744828134775";"0,141290187835693"
"1,14792251586914";"0,0971829891204834";"6,44562721252441";"-0,0282734446227551";"0,05498106777668";"0,142526060342789"
"1,36718142032623";"-0,282222747802734";"6,95641660690308";"0,0121885016560555";"0,0513668581843376";"0,123567849397659"
"1,03317952156067";"-0,136387348175049";"6,00641632080078";"-0,0318261757493019";"0,043127603828907";"0,130745232105255"
"1,31815671920776";"-0,549843907356262";"6,88706254959106";"0,0113724144175649";"0,0594242922961712";"0,114028781652451"
"0,994529247283936";"-0,0915690660476685";"6,28707599639893";"-0,00816809386014938";"0,0372042506933212";"0,153576999902725"
"0,753967761993408";"-0,984158158302307";"6,27111768722534";"0,0174953192472458";"0,0418605543673038";"0,133402809500694"
"1,24710917472839";"-0,574022173881531";"6,5348482131958";"0,0206036306917667";"0,038035124540329";"0,148948565125465"
"1,08809304237366";"-0,185025453567505";"6,26472282409668";"0,0128396395593882";"0,0348738431930542";"0,170388355851173"
"1,06238198280334";"-0,684391975402832";"6,70453643798828";"-0,00287727639079094";"0,0182982888072729";"0,111774832010269"
"1,24715685844421";"0,502056956291199";"6,22070741653442";"-0,024644011631608";"0,0640208646655083";"0,142808347940445"
"0,990864753723145";"-0,545576214790344";"7,20158529281616";"0,00358001235872507";"0,0464856624603271";"0,145945429801941"
"1,6086893081665";"0,122400641441345";"6,12310361862183";"-0,00866423361003399";"0,0533395931124687";"0,124685421586037"
"1,36009645462036";"-0,94523161649704";"6,81737327575684";"0,00219843722879887";"0,0556049793958664";"0,102431125938892"
"0,790132999420166";"0,00860321521759033";"6,39022970199585";"-0,0080924266949296";"0,0252298302948475";"0,134399771690369"
"1,12359213829041";"-0,643731951713562";"6,37031888961792";"0,0354796089231968";"0,0473580881953239";"0,165901780128479"
"1,27866291999817";"-0,782082915306091";"6,53755331039429";"0,0240747965872288";"0,04079669713974";"0,131810903549194"
"0,93697714805603";"-0,710235238075256";"6,34388399124146";"0,00700196344405413";"0,0228947848081589";"0,14275062084198"
"0,859541177749634";"0,125190138816833";"6,51278162002563";"-0,0164301637560129";"0,0277638603001833";"0,170188456773758"
"1,49959850311279";"-0,191380739212036";"6,43760967254639";"-0,00899694766849279";"0,0652951896190643";"0,149149596691132"
"1,10495114326477";"0,109976649284363";"6,59783935546875";"-0,00805886089801788";"0,0526824966073036";"0,121918529272079"
"1,33029651641846";"-0,322559237480164";"6,71387004852295";"-0,0168530829250813";"0,0443507805466652";"0,123995900154114"
"1,05975842475891";"-0,0352458953857422";"5,95531177520752";"0,0204107444733381";"0,0555492080748081";"0,116128943860531"
"0,519191980361938";"-0,452665448188782";"6,49804592132568";"-0,00948571041226387";"0,032210610806942";"0,142869025468826"
"1,22319340705872";"-1,26580572128296";"6,58105325698853";"0,0298246592283249";"0,0372051559388638";"0,131294056773186"
"1,04166674613953";"-0,147440314292908";"6,40461444854736";"0,0100045343860984";"0,0349291115999222";"0,155854240059853"
"0,874493837356567";"-0,0749694108963013";"6,502854347229";"0,0142103219404817";"0,0284529514610767";"0,128761291503906"
"0,828121423721313";"0,0708736181259155";"6,13826036453247";"-0,0301260724663734";"0,0348801165819168";"0,152799218893051"
"1,20101475715637";"0,00617396831512451";"6,37468528747559";"0,00252812262624502";"0,0643763095140457";"0,161108821630478"
"1,59969627857208";"-0,450701236724854";"6,23303031921387";"-4,17609699070454E-05";"0,050106592476368";"0,131412416696548"
"1,30403327941895";"-0,2983558177948";"6,34052896499634";"-0,00764774903655052";"0,05263851583004";"0,124797850847244"
"1,13331723213196";"-0,870808184146881";"6,60205602645874";"-0,00289153028279543";"0,037029467523098";"0,11338260024786"
"0,400080680847168";"0,183828711509705";"6,2108325958252";"0,00577335990965366";"0,0405596941709518";"0,157645761966705"
"1,13988304138184";"-0,983410835266113";"6,21480846405029";"0,0322031527757645";"0,0392324477434158";"0,14558669924736"
"1,30832099914551";"-0,21932327747345";"6,17331266403198";"0,00388235785067081";"0,0403384976089001";"0,156466543674469"
"0,666366100311279";"-0,875933289527893";"6,18746185302734";"0,00630615744739771";"0,0185140036046505";"0,135200083255768"
"1,09963846206665";"0,324424743652344";"6,40792036056519";"-0,0240743942558765";"0,0389083549380302";"0,148411065340042"
"1,38424825668335";"0,141672372817993";"6,50857162475586";"0,00839637871831656";"0,0654072090983391";"0,160131990909576"
"1,31010746955872";"-0,347007632255554";"6,62148809432983";"-0,0054384577088058";"0,0412043780088425";"0,119257964193821"
"1,44222068786621";"-0,265069365501404";"6,1182599067688";"-0,00348403165116906";"0,0647639185190201";"0,129793122410774"
"1,03650879859924";"-0,448299169540405";"6,54308652877808";"-0,0063736429437995";"0,032242689281702";"0,107609584927559"
"1,02752280235291";"-0,502571940422058";"6,03002166748047";"0,0198461599647999";"0,0346409827470779";"0,149443909525871"
"1,08067059516907";"-1,08580195903778";"6,80372714996338";"0,0192068889737129";"0,0376402251422405";"0,122665032744408"
"0,99845027923584";"-0,472107648849487";"6,33695840835571";"0,00268702674657106";"0,0274614971131086";"0,139224946498871"
"0,885433197021484";"-0,45277214050293";"6,21565055847168";"0,00662182737141848";"0,018932843580842";"0,178053379058838"
"1,16934609413147";"0,576014280319214";"6,44929313659668";"-0,0216154176741838";"0,0473585426807404";"0,123433694243431"
"1,03419184684753";"-0,158068418502808";"6,32982730865479";"0,00141423009335995";"0,0593055412173271";"0,161353945732117"
"1,43862771987915";"0,277726531028748";"6,4482274055481";"-0,00032920204102993";"0,0476412959396839";"0,135332241654396"
"1,56486117839813";"-0,610643982887268";"6,10613489151001";"0,0112230870872736";"0,0604266785085201";"0,126532644033432"
"0,626607179641724";"-0,0099257230758667";"6,39990329742432";"-0,0114860143512487";"0,0312299188226461";"0,119091130793095"
"1,02594256401062";"-1,08324027061462";"6,45684003829956";"0,0354684814810753";"0,0421009138226509";"0,143050029873848"
"1,09784817695618";"-0,483805418014526";"5,95304250717163";"0,0182149447500706";"0,042351845651865";"0,17025488615036"
"1,20065808296204";"-0,360969185829163";"6,34190988540649";"0,00542737729847431";"0,0278220064938068";"0,129188865423203"
"0,656199932098389";"-0,49008309841156";"6,29947805404663";"-0,0104606822133064";"0,0165328606963158";"0,151437163352966"
"1,4870593547821";"0,34726893901825";"6,65685319900513";"-0,0168212093412876";"0,0581248924136162";"0,14911887049675"
"1,26836967468262";"-0,332200765609741";"6,4006609916687";"-0,00576905533671379";"0,0510401092469692";"0,140452474355698"
"1,3924195766449";"0,0456913709640503";"6,35732126235962";"-0,00511369202286005";"0,0486518666148186";"0,167549088597298"
"1,49671983718872";"-0,234861254692078";"6,11318683624268";"0,0117279160767794";"0,0631167739629745";"0,128365144133568"
"0,870583295822144";"-0,196550965309143";"6,42264461517334";"-0,015886228531599";"0,0241658203303814";"0,150656923651695"
"0,806635618209839";"-0,977640867233276";"6,39416456222534";"0,0185117907822132";"0,0438170209527016";"0,139598831534386"
"1,21751809120178";"-0,554782152175903";"6,438560962677";"0,0224892627447844";"0,0422623604536057";"0,152186453342438"
"1,35580611228943";"-0,787018060684204";"6,1920018196106";"0,0131932478398085";"0,0208946727216244";"0,147456720471382"
"0,483660459518433";"0,159193396568298";"6,50947666168213";"-0,0159341655671597";"0,0224845632910728";"0,136359095573425"
"1,1299204826355";"-0,0143320560455322";"6,751051902771";"-0,0172442719340324";"0,0639143213629723";"0,165063232183456"
"1,61284852027893";"-0,30092716217041";"6,77738094329834";"0,00349377561360598";"0,0437428057193756";"0,143220111727715"
"1,31687021255493";"-0,190163016319275";"6,2912335395813";"-0,0120986560359597";"0,0477949529886246";"0,134281396865845"
"1,03634548187256";"-0,18142569065094";"6,22190761566162";"0,00725767761468887";"0,0495770499110222";"0,123778015375137"
"0,886321306228638";"0,100643038749695";"6,34041261672974";"-0,00739686749875546";"0,0315328277647495";"0,136339262127876"
"1,24530959129333";"-0,819856643676758";"5,80678558349609";"0,0297252014279366";"0,047396682202816";"0,158725172281265"
"1,38371324539185";"-0,248714685440063";"6,54506874084473";"0,0208017658442259";"0,0384438186883926";"0,145118907094002"
"0,850858449935913";"-0,816170811653137";"6,19303607940674";"0,0133560998365283";"0,0227631889283657";"0,144082054495811"
"0,887601852416992";"0,271799564361572";"6,53506851196289";"-0,0216232743114233";"0,0319078415632248";"0,141646221280098"
"1,27022409439087";"-0,328368544578552";"6,60788679122925";"-0,00738140195608139";"0,0577168166637421";"0,131007432937622"
"1,14825057983398";"0,156603932380676";"6,71562385559082";"0,00368049181997776";"0,0375989228487015";"0,152513027191162"
"1,90943026542664";"-0,0868488550186157";"6,38647174835205";"-0,00786870718002319";"0,0623876713216305";"0,157329112291336"
"0,728028297424316";"-0,521449744701386";"6,07016754150391";"-0,00100340228527784";"0,0299717634916306";"0,0866313949227333"
"0,876815795898438";"-0,469477415084839";"6,60371589660645";"0,000413023866713047";"0,0404806919395924";"0,133830219507217"
"1,42321944236755";"-1,08614587783813";"6,45201969146729";"0,0270194914191961";"0,0368954353034496";"0,142099127173424"
"1,45758128166199";"-0,308596849441528";"6,5920786857605";"0,0169251766055822";"0,040097139775753";"0,169249564409256"
"0,536343812942505";"-0,559229016304016";"5,88378763198853";"0,00437482353299856";"0,0243334416300058";"0,130539864301682"
"0,897562980651855";"0,0673562288284302";"6,64018821716309";"-0,0337252989411354";"0,0370020717382431";"0,16553783416748"
"1,44927930831909";"0,122713088989258";"6,61495065689087";"0,0128579260781407";"0,0595546141266823";"0,157324016094208"
"1,35906195640564";"-0,438958764076233";"6,62166213989258";"-0,0113907139748335";"0,0391968451440334";"0,140525981783867"
"1,58075857162476";"-0,316282153129578";"6,16632556915283";"0,00141783710569143";"0,0572733469307423";"0,0991882383823395"
"1,10963487625122";"-0,285741448402405";"6,57177257537842";"-0,0101056667044759";"0,0286462437361479";"0,159949794411659"
"1,12556338310242";"-0,367256641387939";"6,10907602310181";"0,0183419808745384";"0,0518167391419411";"0,165293216705322"
"1,08231210708618";"-0,660958766937256";"6,45504570007324";"0,0211082529276609";"0,0341024398803711";"0,137615025043488"
"1,21127486228943";"-0,615671157836914";"6,64223480224609";"0,00212285201996565";"0,0303657744079828";"0,153731152415276"
"0,950187683105469";"-0,275209546089172";"6,37856340408325";"0,017718993127346";"0,023406308144331";"0,1431744992733"
"1,04473161697388";"-0,388651490211487";"6,63111877441406";"-0,0262362025678158";"0,0408823415637016";"0,128240555524826"
"1,03237652778625";"-0,292965888977051";"6,81583118438721";"0,00366037618368864";"0,0536506921052933";"0,135448276996613"
"1,56122934818268";"-0,326327085494995";"6,39447736740112";"-0,00952432118356228";"0,0442761778831482";"0,123628199100494"
"1,36297559738159";"-0,0846257209777832";"6,09854316711426";"0,00243568373844028";"0,0565376356244087";"0,124188929796219"
"0,745526552200317";"-0,572268009185791";"6,82319307327271";"-0,00955952983349562";"0,0267137140035629";"0,13258695602417"
"0,915396451950073";"-0,501343011856079";"5,96915864944458";"0,0203219614923";"0,0443816632032394";"0,141995280981064"
"1,40802001953125";"-0,754182577133179";"6,76766920089722";"0,0233700405806303";"0,031784288585186";"0,148805931210518"
"0,958804607391357";"-0,306415677070618";"5,85215473175049";"0,00742327887564898";"0,0346341878175735";"0,130039110779762"
"0,721073627471924";"-0,487977385520935";"6,60070037841797";"-0,00898816902190447";"0,0138974487781525";"0,132391422986984"
"1,52429604530334";"0,190014600753784";"6,32564163208008";"-0,00284461304545403";"0,0572816431522369";"0,174568369984627"
"0,962277412414551";"-0,0482562780380249";"6,56720209121704";"-0,00186045654118061";"0,0454086437821388";"0,104461923241615"
"1,63843154907227";"-0,131965517997742";"6,47752571105957";"0,00500260200351477";"0,0557850226759911";"0,163844704627991"
"1,19902038574219";"-0,0793150663375854";"6,06774759292603";"0,00498169846832752";"0,0502671524882317";"0,119229711592197"
"0,879703760147095";"-0,767692446708679";"6,24130296707153";"-0,0104717900976539";"0,0257476102560759";"0,139712333679199"
"1,13900995254517";"-0,785559296607971";"6,28281402587891";"0,0268530398607254";"0,0443632528185844";"0,122793041169643"
"0,953149557113647";"-0,453420042991638";"6,16363477706909";"0,00634088553488255";"0,0373511649668217";"0,136600151658058"
"1,37270522117615";"-0,692211866378784";"6,52708196640015";"0,0265836678445339";"0,0256033595651388";"0,175232365727425"
"0,665771961212158";"0,740800559520721";"6,13697862625122";"-0,0180478803813457";"0,0259280800819397";"0,126047044992447"
"1,4980640411377";"-0,277041435241699";"6,68327045440674";"-0,00207660440355539";"0,0688744112849236";"0,167680948972702"
"1,43214440345764";"0,167368650436401";"6,44960784912109";"0,00505487155169249";"0,0433085858821869";"0,137315660715103"
"1,67019152641296";"-0,428276658058167";"6,49094390869141";"0,0158736184239388";"0,0608734786510468";"0,153556883335114"
"0,913715600967407";"-0,0909852981567383";"6,43116092681885";"-0,00156705314293504";"0,0390575081110001";"0,112539649009705"
"0,780434846878052";"-0,505663514137268";"6,25555992126465";"0,00907791033387184";"0,0315026640892029";"0,136380344629288"
"0,963716983795166";"-0,442546725273132";"6,33553647994995";"0,035881832242012";"0,0493017435073853";"0,168586611747742"
"1,18741798400879";"-0,400768160820007";"6,20694541931152";"0,0114919198676944";"0,0334141775965691";"0,129985317587852"
"0,783505439758301";"-1,09097099304199";"6,45282793045044";"0,00256593897938728";"0,0165032781660557";"0,135001182556152"
"1,01469683647156";"0,42128324508667";"6,65916299819946";"-0,0172106511890888";"0,0393119379878044";"0,161693394184113"
"1,207359790802";"0,120311379432678";"6,37323808670044";"0,0130401020869613";"0,0624344497919083";"0,140767872333527"
"0,965300798416138";"-0,102554321289063";"6,63330554962158";"-0,0108456118032336";"0,0421804636716843";"0,137399330735207"
"1,76887691020966";"-0,406390845775604";"6,36289262771606";"0,00593664776533842";"0,0596338659524918";"0,122415699064732"
"0,737063646316528";"-0,20612645149231";"5,83478260040283";"-0,00111863296478987";"0,0353401750326157";"0,113192327320576"
"0,758548498153687";"-0,293705701828003";"6,52499294281006";"0,0100171333178878";"0,0426537208259106";"0,149520576000214"
"0,732636451721191";"-0,426924467086792";"6,44634008407593";"0,0242887549102306";"0,0413959547877312";"0,153351724147797"
"1,63534784317017";"-0,158953428268433";"6,40815353393555";"0,0237988345324993";"0,0427252613008022";"0,204934194684029"
"0,350012540817261";"0,177004933357239";"6,42184257507324";"0,00261326041072607";"0,0207012016326189";"0,115260176360607"
"1,00733971595764";"-0,0441397428512573";"6,61307334899902";"-0,0251487717032433";"0,0424919575452805";"0,166177242994308"
"1,48582029342651";"0,0966386795043945";"6,34032392501831";"0,0131275532767177";"0,0656476467847824";"0,152058929204941"
"1,0507333278656";"0,00804901123046875";"6,44922065734863";"-0,00472110230475664";"0,0414281450212002";"0,125591307878494"
"1,86551380157471";"-0,254476726055145";"6,18508148193359";"0,0140714347362518";"0,0665090307593346";"0,120569199323654"
"0,72632098197937";"0,109991788864136";"5,98951864242554";"-0,00809920579195023";"0,0328138247132301";"0,135038435459137"
"0,960117816925049";"-0,979750156402588";"6,28935956954956";"0,0275827385485172";"0,0419644489884377";"0,1449363976717"
"1,03188824653625";"-0,273008584976196";"6,37215566635132";"0,0098989512771368";"0,0386671721935272";"0,115367099642754"
"1,23159384727478";"-0,861203193664551";"6,20153331756592";"0,0105702476575971";"0,0325604043900967";"0,169361457228661"
"0,993925809860229";"0,0762735605239868";"6,20194053649902";"0,0055342698469758";"0,0266108233481646";"0,146936237812042"
"1,23703765869141";"-0,244083285331726";"6,42242670059204";"-0,0229676570743322";"0,0439554750919342";"0,119401551783085"
"1,17552304267883";"-0,344407796859741";"6,28321552276611";"0,00314444117248058";"0,0583743341267109";"0,164921015501022"
"1,47457659244537";"0,0290536880493164";"6,15538930892944";"-0,00763914175331593";"0,0445088781416416";"0,118753887712955"
"1,22347438335419";"-0,0486844778060913";"6,00001239776611";"0,0103859528899193";"0,0579078756272793";"0,114559531211853"
"0,604657888412476";"0,417876958847046";"6,46116304397583";"-0,0149365048855543";"0,0329304076731205";"0,125371873378754"
"1,31735146045685";"-1,03041100502014";"6,31548881530762";"0,0378039330244064";"0,0463377460837364";"0,134416788816452"
"0,978163242340088";"-0,0986032485961914";"6,26093006134033";"0,0122110461816192";"0,0438452884554863";"0,179724559187889"
"0,953303456306458";"-0,266696095466614";"5,80366134643555";"0,0152613930404186";"0,0271319039165974";"0,112037092447281"
"0,463642835617065";"-0,190368056297302";"6,46524858474731";"-0,017707072198391";"0,0209695752710104";"0,151780650019646"
"1,59653687477112";"0,0438669919967651";"6,62078523635864";"-0,000911461189389229";"0,0612612701952457";"0,148304536938667"
"1,06363153457642";"-0,0391430854797363";"6,74834728240967";"-0,00636867107823491";"0,0424705520272255";"0,121111154556274"
"1,45390105247498";"-0,643869161605835";"6,44705152511597";"0,00442633917555213";"0,0521828979253769";"0,14104650914669"
"1,41958677768707";"-0,0235369205474854";"6,09371519088745";"0,00460185576230288";"0,0509120300412178";"0,120702758431435"
"0,606653690338135";"-0,248520016670227";"6,32730579376221";"-0,00774812325835228";"0,030609954148531";"0,11907871067524"
"0,952999591827393";"-0,353283166885376";"6,47311496734619";"0,0326282903552055";"0,0480363368988037";"0,181572526693344"
"1,36497259140015";"-0,570575475692749";"6,11608505249023";"0,0104156937450171";"0,0428904928267002";"0,120545580983162"
"0,912729501724243";"-0,727298736572266";"6,33736181259155";"0,0207853093743324";"0,0205140616744757";"0,165985137224197"
"0,81896710395813";"-0,100801229476929";"6,15362453460693";"-0,0275879502296448";"0,0320860110223293";"0,125972881913185"
"1,19047212600708";"-0,357428193092346";"6,77437257766724";"0,00782102439552546";"0,0597844272851944";"0,171272575855255"
"1,54220402240753";"-0,167259156703949";"6,26298713684082";"-0,00332945305854082";"0,0447489619255066";"0,112206220626831"
"1,37905073165894";"-0,126597762107849";"6,54473304748535";"0,0005150749348104";"0,0560185015201569";"0,128296300768852"
"1,177570104599";"-0,426081299781799";"6,06638813018799";"-0,00595580646768212";"0,0401782095432281";"0,129037946462631"
"0,914951324462891";"-0,321484088897705";"6,35794973373413";"0,00956537108868361";"0,04106205701828";"0,131899327039719"
"0,824143171310425";"-0,601125240325928";"5,92780542373657";"0,0189283974468708";"0,0431304387748241";"0,16667278110981"
"1,40308952331543";"0,072089672088623";"6,47057485580444";"0,0156298261135817";"0,044000580906868";"0,14343449473381"
"0,439010143280029";"-0,394351363182068";"6,03258466720581";"0,0152773465961218";"0,0159419402480125";"0,119531497359276"
"1,29100394248962";"0,0619288682937622";"6,48092174530029";"-0,0208965837955475";"0,0452754646539688";"0,142513662576675"
"1,07809257507324";"-0,265098094940186";"6,3435697555542";"-0,000423979945480824";"0,0515453405678272";"0,119864411652088"
"1,2107720375061";"-0,305070400238037";"6,35633134841919";"-0,00798901822417974";"0,0440140590071678";"0,139037162065506"
"1,84942770004272";"-0,478084623813629";"6,16197490692139";"0,00397461792454124";"0,0609494149684906";"0,115287095308304"
"0,607782363891602";"-0,0300829410552979";"6,06354522705078";"-0,0156112965196371";"0,0275804772973061";"0,102704375982285"
"0,943892478942871";"-0,254109501838684";"6,44684886932373";"0,0220938995480537";"0,0466381832957268";"0,175114795565605"
"1,24254512786865";"-0,46699583530426";"6,17210102081299";"0,0165531933307648";"0,0450138039886951";"0,136481419205666"
"1,26232361793518";"-0,846959829330444";"6,38223695755005";"0,0090973861515522";"0,0352663472294807";"0,152231246232986"
"0,430850267410278";"0,252414703369141";"6,09668731689453";"-0,00371978152543306";"0,0215637255460024";"0,118626803159714"
"1,1457724571228";"-0,410802245140076";"6,48087072372437";"-0,0253702141344547";"0,0446122959256172";"0,150332555174828"
"1,29069256782532";"0,120531558990479";"6,09517097473145";"0,00862042233347893";"0,0575485453009605";"0,115581475198269"
"1,25593972206116";"0,0928523540496826";"6,83990955352783";"-0,00578265264630318";"0,0411854460835457";"0,142765015363693"
"1,42627143859863";"-0,0291743278503418";"6,09280872344971";"0,00897431094199419";"0,0637889727950096";"0,140882611274719"
"1,03573954105377";"0,019471287727356";"6,26027202606201";"-0,00638637691736221";"0,0280021950602531";"0,108079753816128"
"1,03902959823608";"-0,821639180183411";"6,17043590545654";"0,0167301371693611";"0,045543260872364";"0,15746995806694"
"1,2245762348175";"-0,18138599395752";"6,42036151885986";"0,0179387740790844";"0,0431987792253494";"0,16504231095314"
"1,23294854164124";"-0,820723295211792";"5,97326946258545";"0,0121045587584376";"0,0332994237542152";"0,140386432409286"
"0,739123344421387";"-0,42407763004303";"6,06628704071045";"-0,0161659624427557";"0,0152009390294552";"0,141819134354591"
"1,14309334754944";"0,46064817905426";"6,5494270324707";"-0,0184951201081276";"0,0642636939883232";"0,16423411667347"
"0,975228071212769";"-0,162578105926514";"6,42842674255371";"0,00383972469717264";"0,0518216490745544";"0,157802283763885"
"1,66335344314575";"-0,117854535579681";"6,34083223342896";"-3,31713818013668E-05";"0,0537383630871773";"0,109522148966789"
"1,32274270057678";"-0,644000649452209";"6,18979072570801";"-0,00181665830314159";"0,0506599359214306";"0,14421820640564"
"0,659061431884766";"-0,0347214937210083";"6,12714195251465";"-0,00593703985214233";"0,0315942168235779";"0,155317902565002"
"1,25157737731934";"-0,656120538711548";"6,20727014541626";"0,0329354256391525";"0,0497002303600311";"0,139383241534233"
"0,889436483383179";"-0,547237753868103";"6,25290298461914";"0,00311420112848282";"0,0405362248420715";"0,161447465419769"
"1,22640752792358";"0,0375672578811646";"6,0969181060791";"0,0149796111509204";"0,0332955308258533";"0,167233243584633"
"0,623270153999329";"-0,614165902137756";"6,38096857070923";"-0,013676174916327";"0,0182563550770283";"0,110279008746147"
"1,28581953048706";"0,126240968704224";"6,6511173248291";"-0,002718236297369";"0,0680168718099594";"0,156820565462112"
"1,10971426963806";"-0,343857228755951";"6,50828838348389";"-0,00978916138410568";"0,0404519326984882";"0,102317415177822"
"1,41570973396301";"-0,381543040275574";"6,16335868835449";"0,0075147170573473";"0,0615436881780624";"0,131398886442184"
"1,46177899837494";"-0,362021565437317";"5,92975664138794";"-0,00918349530547857";"0,0446250140666962";"0,0912398397922516"
"0,757414102554321";"-0,452623844146729";"6,29465579986572";"-0,00267288368195295";"0,0259483512490988";"0,148582324385643"
"1,27251362800598";"-0,778371572494507";"6,21206045150757";"0,0272479355335236";"0,0452978983521461";"0,159960985183716"
"1,2749764919281";"0,214359045028687";"6,01346588134766";"0,0144637143239379";"0,0439902171492577";"0,132346570491791"
"0,87340259552002";"-0,742857575416565";"6,06461381912231";"0,00288188084959984";"0,0196656063199043";"0,151528835296631"
"0,76329493522644";"0,163211107254028";"6,29640913009644";"-0,0255831964313984";"0,0356844253838062";"0,149824947118759"
"1,38877129554749";"-0,456989169120789";"6,80396270751953";"0,00287501327693462";"0,0656245648860931";"0,151561304926872"
"1,1552460193634";"-0,0717122554779053";"5,98671531677246";"-0,0113848093897104";"0,0402820929884911";"0,124538749456406"
"1,54202556610107";"0,00436604022979736";"5,87509918212891";"0,00661711115390062";"0,0699996799230576";"0,143334090709686"
"0,881168365478516";"0,0708081722259521";"5,72642183303833";"-0,00272929389029741";"0,0344411358237267";"0,111427262425423"
"1,12520742416382";"-0,630032300949097";"6,59138631820679";"0,00579989794641733";"0,0393756851553917";"0,125994741916656"
"0,853588342666626";"-0,379026651382446";"6,15268087387085";"0,0224691741168499";"0,0399558581411839";"0,156258314847946"
"1,58769488334656";"-0,274923801422119";"6,10698270797729";"0,0273650903254747";"0,0412649810314178";"0,176642209291458"
"0,578903675079346";"-0,409029006958008";"5,85321092605591";"0,000360558740794659";"0,0180107019841671";"0,128192082047462"
"1,09488201141357";"-0,0926308631896973";"6,25456619262695";"-0,0300672762095928";"0,0383367836475372";"0,143445879220963"
"1,5623881816864";"-0,363816142082214";"6,1627402305603";"0,00328934751451015";"0,0611396357417107";"0,135442435741425"
"1,02042198181152";"0,220771789550781";"6,34967374801636";"-0,00760725047439337";"0,0397803746163845";"0,135081619024277"
"1,4449291229248";"-0,221899509429932";"6,12967872619629";"0,0087236650288105";"0,0656149685382843";"0,121567919850349"
"0,959185600280762";"0,159641146659851";"6,18368625640869";"-0,0118960458785295";"0,0326556973159313";"0,135744765400887"
"0,850322961807251";"-0,790726661682129";"6,29511117935181";"0,0253958869725466";"0,0440814718604088";"0,149744436144829"
"1,26467347145081";"-0,380219340324402";"6,23129558563232";"0,0129545871168375";"0,0423111990094185";"0,130274772644043"
"1,26627850532532";"-0,945815324783325";"6,2440037727356";"0,00858491845428944";"0,0334277078509331";"0,15299117565155"
"0,825963973999023";"-0,128710627555847";"5,97173070907593";"0,00291427131742239";"0,0210483744740486";"0,152560546994209"
"1,08023571968079";"-0,355477333068848";"6,3826117515564";"-0,0246449057012796";"0,0447570383548737";"0,131513133645058"
"1,22810387611389";"-0,481897950172424";"6,31589937210083";"0,00574333500117064";"0,0564601793885231";"0,154414355754852"
"1,72056818008423";"-0,0156145095825195";"6,58326292037964";"-0,00371957942843437";"0,0456776395440102";"0,157971203327179"
"1,37745702266693";"-0,134061455726624";"5,72547101974487";"0,003551478497684";"0,0623108185827732";"0,122228547930717"
"0,823554039001465";"-0,115787148475647";"6,64785766601563";"-0,0219429209828377";"0,0231234505772591";"0,115956097841263"
"0,972085475921631";"-0,709908127784729";"5,97668933868408";"0,0337235927581787";"0,0533750802278519";"0,165185868740082"
"1,25489211082458";"-0,547996759414673";"6,19923973083496";"0,00608668383210897";"0,0327290892601013";"0,150351151823997"
"0,918915510177612";"-0,398637413978577";"5,89800930023193";"0,0180444978177547";"0,0321104824542999";"0,105046182870865"
"0,74419093132019";"-0,118692398071289";"6,27050590515137";"-0,02039416693151";"0,0202506128698587";"0,132404506206512"
"1,41503000259399";"0,171237111091614";"6,31394624710083";"-0,00148600479587913";"0,0598136782646179";"0,124601691961288"
"1,06091940402985";"-0,285707950592041";"6,76799535751343";"-0,00413987133651972";"0,0417890064418316";"0,117640197277069"
"1,24961256980896";"-0,00701808929443359";"6,3144965171814";"0,0055035874247551";"0,0475663542747498";"0,121333703398705"
"1,47347927093506";"-0,300229430198669";"5,90505170822144";"0,00108479987829924";"0,0501175038516521";"0,119100712239742"
"0,632391691207886";"0,0439972877502441";"6,28451538085938";"-0,00797647796571255";"0,0323116183280945";"0,156284287571907"
"1,09717488288879";"-0,529918193817139";"6,25099086761475";"0,028003603219986";"0,0454761907458305";"0,135870113968849"
"1,05236625671387";"-0,164882183074951";"6,27602672576904";"0,0105810053646564";"0,0445356294512749";"0,164120987057686"
"1,13741850852966";"-0,52175498008728";"6,16942024230957";"0,0199581906199455";"0,0179024487733841";"0,147900745272636"
"0,685343980789185";"0,232557117938995";"6,12806510925293";"-0,0309411641210318";"0,0346174463629723";"0,10417615622282"
"1,13808393478394";"-0,373934864997864";"6,83326292037964";"0,00837287865579128";"0,0571664720773697";"0,16872838139534"
"1,4634006023407";"0,151100277900696";"5,90769195556641";"-0,00324666686356068";"0,0430067405104637";"0,131999522447586"
"1,31240344047546";"-0,0187810659408569";"6,26257562637329";"0,000939336605370045";"0,0540442392230034";"0,127130374312401"
"1,10224747657776";"-0,539578318595886";"6,11422824859619";"-0,00127825094386935";"0,0411386154592037";"0,128642499446869"
"1,13746309280396";"-0,238746523857117";"6,33059024810791";"0,00107479095458984";"0,0375500172376633";"0,11202135682106"
"0,886139869689941";"-0,643558740615845";"6,08852052688599";"0,0266536399722099";"0,0441808700561523";"0,178812950849533"
"1,35511803627014";"-0,156737685203552";"6,23025798797607";"0,0151783023029566";"0,0408458560705185";"0,142444387078285"
"0,459568023681641";"-0,629756450653076";"6,2826714515686";"0,0112864943221211";"0,0198686942458153";"0,128134936094284"
"1,27450823783875";"0,262344717979431";"5,96685123443604";"-0,0262662041932344";"0,0393934734165668";"0,155925363302231"
"1,24082708358765";"-0,268037080764771";"6,37394618988037";"0,00884008500725031";"0,0631903111934662";"0,151917204260826"
"1,11025047302246";"0,135858535766602";"6,31812763214111";"0,000672955065965652";"0,0444097816944122";"0,158089622855186"
"1,82728433609009";"-0,653505325317383";"6,00374460220337";"0,00132981385104358";"0,0558521002531052";"0,0958212837576866"
"0,787866592407227";"-0,217092037200928";"5,71276426315308";"-0,013662344776094";"0,0320048928260803";"0,130461767315865"
"0,931941509246826";"-0,0596390962600708";"6,20752906799316";"0,0244359523057938";"0,0477041378617287";"0,163197159767151"
"1,35615432262421";"-0,828935265541077";"5,82197189331055";"0,0214958731085062";"0,0419329777359962";"0,1259506046772"
"1,24343800544739";"-0,470752596855164";"6,34761714935303";"0,0055369921028614";"0,0319805592298508";"0,144888356328011"
"0,67551851272583";"-0,381640672683716";"5,93669414520264";"0,00357043650001287";"0,016513928771019";"0,111026249825954"
"1,05990433692932";"0,0536657571792603";"6,30251836776733";"-0,0224061477929354";"0,0479189604520798";"0,12648306787014"
"1,26747465133667";"-0,0940508842468262";"6,15075588226318";"0,0133351972326636";"0,0625338032841682";"0,148087844252586"
"1,44703960418701";"0,0292899608612061";"6,19000148773193";"-0,0133094033226371";"0,045760702341795";"0,126142427325249"
"1,5205591917038";"-0,716545343399048";"6,07679510116577";"0,0094852838665247";"0,0521629713475704";"0,117594018578529"
"0,95444393157959";"-0,112715482711792";"5,86002779006958";"-0,0158854182809591";"0,0325022153556347";"0,117164671421051"
"0,906806707382202";"-0,908283114433289";"6,08838653564453";"0,0284517705440521";"0,0434967055916786";"0,141246005892754"
"1,46586990356445";"-0,652816653251648";"6,0517406463623";"0,0170977786183357";"0,0379830598831177";"0,159391909837723"
"1,11501884460449";"-0,61043107509613";"5,84829711914063";"0,0146571379154921";"0,0326460972428322";"0,141562834382057"
"0,796541929244995";"-0,587165713310242";"5,91958951950073";"-0,0140615897253156";"0,0171983540058136";"0,158568978309631"
"1,39085578918457";"0,612659811973572";"6,04377889633179";"-0,012462736107409";"0,0654662847518921";"0,142990589141846"
"0,988129854202271";"-0,220079183578491";"6,49693393707275";"0,00268938671797514";"0,0479554310441017";"0,144745588302612"
"1,30647313594818";"0,0010446310043335";"6,27909088134766";"0,00684292335063219";"0,0534788928925991";"0,110767520964146"
"1,41406083106995";"-0,233329653739929";"5,7391357421875";"0,00424305396154523";"0,0546654835343361";"0,124908640980721"
"0,609564542770386";"-0,203112363815308";"6,34839868545532";"-0,00844408292323351";"0,026133269071579";"0,123366512358189"
"1,15919089317322";"-1,05411231517792";"5,87384128570557";"0,0353874340653419";"0,0467274002730846";"0,136243522167206"
"1,00974631309509";"-0,201024770736694";"5,95103311538696";"0,0032153083011508";"0,0378242507576942";"0,159793540835381"
"1,33102107048035";"-1,17294752597809";"6,19469165802002";"0,0206983890384436";"0,0214579179883003";"0,14567244052887"
"0,57288646697998";"0,545244932174683";"5,67743158340454";"-0,0228968188166618";"0,0283221397548914";"0,136429354548454"
"1,07090282440186";"0,0958425998687744";"6,40683841705322";"0,00153204333037138";"0,0653617158532143";"0,129720032215118"
"1,24407649040222";"-0,0505832433700562";"5,99371194839478";"-0,00977907702326775";"0,0411191545426846";"0,122209899127483"
"1,39111423492432";"-0,0812163352966309";"6,46318769454956";"0,00323974573984742";"0,0599996149539948";"0,110348328948021"
"1,15454578399658";"-0,140406966209412";"5,90829801559448";"0,0048228558152914";"0,0460365489125252";"0,135275602340698"
"0,695816993713379";"0,0260385274887085";"5,67105627059937";"-0,00289230514317751";"0,038159504532814";"0,145315676927567"
"0,937833547592163";"-0,560077548027039";"5,66742372512817";"0,0366129390895367";"0,0422751232981682";"0,15508197247982"
"1,59576749801636";"-0,291231036186218";"6,14981603622437";"0,0101915169507265";"0,0421136096119881";"0,154176190495491"
"0,738101243972778";"-0,753443241119385";"5,78205585479736";"0,011495454236865";"0,0220989864319563";"0,150059744715691"
"1,00517129898071";"0,785161733627319";"5,60229158401489";"-0,0192664116621017";"0,0380420610308647";"0,158037602901459"
"1,26773834228516";"-0,157109141349792";"6,32581806182861";"-0,000369361601769924";"0,0640933886170387";"0,112918086349964"
"0,993460655212402";"-0,344596385955811";"6,12656307220459";"-0,0104482034221292";"0,0401874557137489";"0,151379734277725"
"2,02527475357056";"-0,647820055484772";"6,14159250259399";"0,00970377400517464";"0,0659539401531219";"0,124318644404411"
"0,597162961959839";"0,0398960113525391";"5,5846734046936";"-0,00943666975945234";"0,0339880995452404";"0,114912919700146"
"0,74688458442688";"-0,223239541053772";"6,10543584823608";"0,00619289465248585";"0,0435348302125931";"0,142162963747978"
"1,08929848670959";"-0,479494333267212";"5,5816764831543";"0,0281385704874992";"0,0412268489599228";"0,149776786565781"
"1,32957291603088";"-0,0441150665283203";"5,91614294052124";"0,0158066041767597";"0,0420621931552887";"0,166772097349167"
"0,708819150924683";"-0,569478869438171";"5,9547905921936";"0,00494599901139736";"0,0200776513665915";"0,130004286766052"
"0,947726011276245";"0,214662343263626";"5,74706840515137";"-0,0230159163475037";"0,040113378316164";"0,0663602352142334"
"0,458715975284576";"0,066783219575882";"5,21023464202881";"-0,0443334653973579";"0,0151251740753651";"-0,0185233764350414"
"1,33267736434937";"0,832092821598053";"4,33018350601196";"-0,0625407472252846";"0,0408608391880989";"-0,0208896957337856"
"0,522589504718781";"0,388115882873535";"4,06677484512329";"-0,0268766488879919";"-0,01152578368783";"-0,0153760388493538"
"0,278231114149094";"0,26750922203064";"3,68721079826355";"-0,0263364035636187";"-0,00828074105083942";"-0,0196213014423847"
"0,123777359724045";"-0,0187774747610092";"3,53370451927185";"-0,00266856211237609";"-0,0120147662237287";"-0,0159290805459023"
"-0,0348090827465057";"-0,246688529849052";"3,31984877586365";"0,00224018655717373";"-0,0157725661993027";"-0,016619835048914"
"0,251300930976868";"-0,122114136815071";"3,20728421211243";"-7,13759800419211E-05";"0,00799668487161398";"-0,0146832345053554"
"0,546329438686371";"-0,0820379257202148";"2,7662672996521";"-0,0107657136395574";"0,0138422846794128";"-0,0127568626776338"
"0,272519409656525";"0,249570176005363";"2,40814113616943";"-0,0263997726142406";"0,00437401607632637";"-0,0136322770267725"
"0,0656199306249619";"0,149637505412102";"2,33308386802673";"-0,0255059618502855";"-0,0115944836288691";"-0,0140996463596821"
"-0,0799481868743896";"-0,18005582690239";"2,25768089294434";"-0,0011856552446261";"-0,0235487632453442";"-0,0155092850327492"
"0,121296972036362";"-0,330217391252518";"1,87588739395142";"0,0154172740876675";"-0,00340012018568814";"-0,0154274785891175"
"0,471656620502472";"-0,115946218371391";"2,18598771095276";"-0,00215211394242942";"0,0222481302917004";"-0,0141111202538013"
"0,114525645971298";"0,323415219783783";"1,41650450229645";"-0,0319433137774467";"0,00055027543567121";"-0,015333317220211"
"-0,191147327423096";"-0,102470800280571";"1,83543694019318";"-0,0046601565554738";"-0,0273815710097551";"-0,0141582535579801"
"0,167141646146774";"-0,478670120239258";"1,30104959011078";"0,0219057649374008";"0,00306431343778968";"-0,0146763976663351"
"0,27384614944458";"0,289907157421112";"1,3703351020813";"-0,0277367830276489";"0,017316484823823";"-0,0155824907124043"
"-0,191739857196808";"0,217640429735184";"1,2679545879364";"-0,0190216638147831";"-0,0222139712423086";"-0,0190776083618402"
"0,0892336368560791";"-0,430751264095306";"0,755550622940063";"0,0199837610125542";"-0,000656784512102604";"-0,0167750399559736"
"0,359861969947815";"0,160922586917877";"1,04980099201202";"-0,0245490372180939";"0,0199027825146914";"-0,0161152742803097"
"-0,139276146888733";"-0,0872662588953972";"1,21015071868896";"-0,00828434526920319";"-0,02330731600523";"-0,0143107529729605"
"0,316885322332382";"-0,286177814006805";"0,714530944824219";"0,0144021268934011";"0,018287368118763";"-0,0142420055344701"
"-0,0222191661596298";"0,476861536502838";"0,52725350856781";"-0,0355011411011219";"-0,00278747733682394";"-0,0161663647741079"
"-0,053350567817688";"-0,479489296674728";"0,590949296951294";"0,0187064483761787";"-0,0120766339823604";"-0,017366599291563"
"0,264747887849808";"0,190015569329262";"0,787729918956757";"-0,0247228424996138";"0,0205518696457148";"-0,0153774525970221"
"-0,171254754066467";"-0,226522743701935";"0,768000304698944";"-0,00390360923483968";"-0,0237424876540899";"-0,0205438174307346"
"0,377087652683258";"-0,0874153226613998";"0,635338604450226";"-0,000290601048618555";"0,0228670071810484";"-0,0117391711100936"
"-0,255497097969055";"0,180701345205307";"0,578504920005798";"-0,021018086001277";"-0,0216762609779835";"-0,0153065379709005"
"0,404307574033737";"-0,359177201986313";"0,338038057088852";"0,0161870215088129";"0,0220925249159336";"-0,0108203431591392"
"-0,214565455913544";"0,334216743707657";"0,302652955055237";"-0,0301282573491335";"-0,0172643736004829";"-0,013719167560339"
"0,25175952911377";"-0,445654630661011";"0,305549502372742";"0,0194893814623356";"0,0128015074878931";"-0,0146007146686316"
"-0,0638915747404099";"0,41228860616684";"0,261433452367783";"-0,0280282218009233";"-0,00904707610607147";"-0,0104108126834035"
"0,174188286066055";"-0,315767168998718";"0,324551552534103";"0,0154540995135903";"0,0104217045009136";"-0,0133753195405006"
"-0,0501435250043869";"0,16424386203289";"0,311049938201904";"-0,0209323279559612";"-0,00892613455653191";"-0,0108399679884315"
"0,217887431383133";"-0,185372471809387";"0,267956793308258";"0,0102805951610208";"0,0131230317056179";"-0,0144701674580574"
"-0,194030404090881";"0,120808988809586";"0,29407599568367";"-0,0179569162428379";"-0,0154600702226162";"-0,0104790385812521"
"0,214463979005814";"-0,0665388256311417";"0,0651363953948021";"0,00279529020190239";"0,020680220797658";"-0,0132648330181837"
"-0,157118648290634";"-0,103273577988148";"0,0293011870235205";"-0,00436303159222007";"-0,0172509364783764";"-0,0145116820931435"
"0,146791204810143";"0,049548014998436";"-0,0476441159844399";"-0,0110420929268003";"0,0157778095453978";"-0,00980303436517715"
"0,0604035556316376";"-0,212225556373596";"-0,0439697057008743";"0,00806528516113758";"-0,00601289561018348";"-0,0128239337354898"
"-0,0384315848350525";"0,142806932330132";"0,0892632752656937";"-0,0227439720183611";"0,000671899761073291";"-0,0117387380450964"
"0,222417488694191";"-0,271186172962189";"0,15325291454792";"0,0102857667952776";"0,0106499549001455";"-0,0111775416880846"
"-0,164531409740448";"0,170176863670349";"0,0402538478374481";"-0,0152956582605839";"-0,0138840805739164";"-0,0136683285236359"
"0,244473442435265";"0,0226960182189941";"-0,189839422702789";"-0,00534606259316206";"0,0188646484166384";"-0,0126836523413658"
"0,0348664224147797";"-0,217177763581276";"-0,262395232915878";"0,00888189952820539";"-0,00785401836037636";"-0,0125915575772524"
"-0,266106247901917";"0,36906161904335";"-0,0606750994920731";"-0,0198283288627863";"-0,00174164888449013";"-0,0127263246104121"
"0,410084784030914";"-0,194830492138863";"0,0209360923618078";"0,00797892827540636";"0,017890177667141";"-0,0130847999826074"
"-0,272528737783432";"-0,0358362421393394";"-0,212307468056679";"-0,0047174459323287";"-0,0193630009889603";"-0,0138355158269405"
"0,161116719245911";"0,17901910841465";"-0,323438793420792";"-0,0165650304406881";"0,0119911096990108";"-0,0109531646594405"
"0,28460368514061";"-0,23748941719532";"-0,148023888468742";"0,0135035682469606";"0,0101785436272621";"-0,0121474489569664"
"-0,407365947961807";"0,0772039443254471";"-0,0859678611159325";"-0,0134891672059894";"-0,0214229710400105";"-0,0127781266346574"
"0,302996933460236";"0,198131158947945";"-0,34646064043045";"-0,00899812579154968";"0,0221880245953798";"-0,014527658931911"
"0,0252990275621414";"-0,164577275514603";"-0,234099805355072";"0,013516316190362";"0,00181752606295049";"-0,0082784490659833"
"-0,267896234989166";"0,165255844593048";"-0,164922192692757";"-0,011879088357091";"-0,0156884584575891";"-0,00950237363576889"
"0,448932230472565";"0,0776289105415344";"-0,427851647138596";"-0,011586494743824";"0,0221179611980915";"-0,0130245331674814"
"-0,0869979560375214";"-0,207482412457466";"-0,308789163827896";"0,0133438184857368";"-0,00185813358984888";"-0,0107995811849833"
"-0,150011286139488";"0,0211821049451828";"-0,192818611860275";"-0,0101781412959099";"-0,0127478754147887";"-0,0119366068392992"
"0,234637543559074";"0,113395124673843";"-0,451686799526215";"-0,0145776094868779";"0,014359905384481";"-0,0124136041849852"
"0,105782330036163";"-0,187479615211487";"-0,237946808338165";"0,00884759798645973";"0,00688017997890711";"-0,0125587042421103"
"-0,107759892940521";"-0,0655896589159966";"-0,374310314655304";"-0,00144438038114458";"-0,0120251392945647";"-0,00977835338562727"
"-0,082978829741478";"0,250893831253052";"-0,389086931943893";"-0,0177436601370573";"0,00387181388214231";"-0,0138693992048502"
"0,557046294212341";"-0,109598241746426";"-0,253803610801697";"-0,00270492606796324";"0,0157966651022434";"-0,0022766743786633"
"0,021102748811245";"-0,20944456756115";"-0,616426169872284";"0,00843688938766718";"-0,0070929448120296";"-0,000911711191292852"
"-0,217128723859787";"0,207304790616035";"-0,230605855584145";"-0,0149497017264366";"-0,0105442637577653";"-0,0189049132168293"
"0,276467084884644";"0,105295106768608";"-0,509134709835052";"-0,0130777433514595";"0,0164785273373127";"-0,00836504064500332"
"0,107171416282654";"-0,16403628885746";"-0,290333449840546";"0,0080661503598094";"0,00624647503718734";"-0,0123706543818116"
"-0,144231408834457";"-0,194598793983459";"-0,492982894182205";"0,00408158637583256";"-0,0107851922512054";"-0,0117930732667446"
"-0,0311943888664246";"0,18001601099968";"-0,335136026144028";"-0,018374914303422";"-0,00277247978374362";"-0,0109202722087502"
"0,211263626813889";"0,154812976717949";"-0,461326032876968";"-0,00990279763936996";"0,01480433344841";"-0,0115699898451567"
"0,129777133464813";"-0,298714816570282";"-0,350170999765396";"0,0118416519835591";"0,00638735666871071";"-0,0101360268890858"
"-0,19210085272789";"-0,12704561650753";"-0,493870317935944";"0,00168832892086357";"-0,0137591324746609";"-0,0108384042978287"
"-0,0178965330123901";"0,30631411075592";"-0,372867405414581";"-0,0205885097384453";"-0,00259358808398247";"-0,0111851654946804"
"0,207828909158707";"0,0702772736549377";"-0,439250379800797";"-0,00942585803568363";"0,0151212746277452";"-0,0100326659157872"
"0,124917656183243";"-0,319254577159882";"-0,357931911945343";"0,0108420047909021";"0,00655508227646351";"-0,0119928531348705"
"-0,12250928580761";"-0,0794460698962212";"-0,49866110086441";"0,00196381751447916";"-0,00930488295853138";"-0,0111903659999371"
"-0,101283445954323";"0,116049781441689";"-0,438833981752396";"-0,0151344845071435";"-0,00888362526893616";"-0,0138315176591277"
"0,137214869260788";"0,0680402517318726";"-0,438430637121201";"-0,0133667010813951";"0,00960029382258654";"-0,0123446118086576"
"0,206484884023666";"-0,175564423203468";"-0,396997362375259";"0,00336453132331371";"0,0136309703812003";"-0,007809535600245"
"0,00173169374465942";"-0,126558780670166";"-0,568826794624329";"0,00681875739246607";"-0,00194762484170496";"-0,0105037447065115"
"-0,14296256005764";"0,0069904550909996";"-0,42372989654541";"-0,00374462874606252";"-0,0110859768465161";"-0,0114019047468901"
"-0,0624281167984009";"0,120419025421143";"-0,432509899139404";"-0,0142969023436308";"-0,00349006778560579";"-0,00931980367749929"
"0,175913378596306";"0,0882431119680405";"-0,44910055398941";"-0,0101625798270106";"0,011533347889781";"-0,0115366466343403"
"0,181947737932205";"-0,090667799115181";"-0,451927721500397";"0,00275716814212501";"0,0110601903870702";"-0,0101228673011065"
"0,0245352238416672";"-0,166144803166389";"-0,534518361091614";"0,00985127780586481";"7,59230460971594E-05";"-0,0044797332957387"
"-0,100490488111973";"-0,0703909397125244";"-0,492960155010223";"-0,000579165294766426";"-0,0113447234034538";"-0,0061573269777"
"-0,106922969222069";"0,197829693555832";"-0,458476573228836";"-0,0155770042911172";"-0,00477316742762923";"-0,0106993019580841"
"0,172984927892685";"0,134731560945511";"-0,470316380262375";"-0,011958328075707";"0,01100729778409";"-0,00782224256545305"
"0,210352793335915";"-0,0906249284744263";"-0,456004977226257";"-0,000770010403357446";"0,0138896349817514";"-0,0107456194236875"
"0,0400106608867645";"-0,170867472887039";"-0,549416899681091";"0,00753545621410012";"0,00196470739319921";"-0,0117336716502905"
"-0,162866279482841";"-0,0595270246267319";"-0,465933948755264";"0,00272227730602026";"-0,00821298360824585";"-0,00980676710605621"
"-0,13208045065403";"0,0680730491876602";"-0,414849251508713";"-0,00819744076579809";"-0,00870892405509949";"-0,00718790525570512"
"0,0278644785284996";"0,144197911024094";"-0,534420490264893";"-0,0142938513308764";"0,00201670965179801";"-0,00549778249114752"
"0,148977980017662";"0,124971732497215";"-0,432393938302994";"-0,0107612926512957";"0,0103789493441582";"-0,0119080021977425"
"0,13915279507637";"-0,0959824770689011";"-0,44618085026741";"-1,43480719998479E-05";"0,00979232415556908";"-0,0107262767851353"
"0,0393939614295959";"-0,159631505608559";"-0,564438045024872";"0,0054196435958147";"0,00359297939576209";"-0,00987197179347277"
"-0,0812081694602966";"-0,0587541684508324";"-0,494363248348236";"0,00285993539728224";"-0,00507149705663323";"-0,0101098511368036"
"-0,0685207545757294";"-0,013117641210556";"-0,468508332967758";"-0,00528069911524653";"-0,00785191915929317";"-0,00878059864044189"
"-0,0814613699913025";"0,112258359789848";"-0,499158799648285";"-0,0115890689194202";"-0,00273846788331866";"-0,0121227167546749"
"0,0726103037595749";"0,0673706009984016";"-0,433078587055206";"-0,0119695123285055";"0,00214699888601899";"-0,00921902153640985"
"0,0991269052028656";"0,0399172306060791";"-0,501631557941437";"-0,00735658267512918";"0,00902314018458128";"-0,00997461192309856"
"0,141866356134415";"-0,0379922986030579";"-0,454078197479248";"-0,00060711451806128";"0,00960389897227287";"-0,00977985002100468"
"0,049302875995636";"-0,0993688181042671";"-0,51365453004837";"0,00356385484337807";"0,00369697972200811";"-0,0103325489908457"
"-0,0513717234134674";"-0,133797183632851";"-0,519848942756653";"0,00345838465727866";"-0,00365179590880871";"-0,00925760064274073"
"-0,126971200108528";"-0,0394417010247707";"-0,452204078435898";"-0,00238720304332674";"-0,00808093883097172";"-0,00943444855511189"
"-0,086145430803299";"0,0494763180613518";"-0,478385120630264";"-0,00900665018707514";"-0,00607641506940126";"-0,0105276703834534"
"0,0146600306034088";"0,0943300127983093";"-0,485582411289215";"-0,0122898910194635";"-0,000228318618610501";"-0,00960353761911392"
"0,0657453984022141";"0,079713374376297";"-0,482617855072021";"-0,0113207250833511";"0,00384548422880471";"-0,0133005548268557"
"0,0901343822479248";"0,00529114902019501";"-0,454974204301834";"-0,00660433433949947";"0,00729244248941541";"-0,0101090632379055"
"0,125491425395012";"-0,0275714844465256";"-0,493793725967407";"-0,0028220044914633";"0,00806557945907116";"-0,00974098965525627"
"0,111820638179779";"-0,0954502075910568";"-0,504580616950989";"0,00128714088350534";"0,00638479273766279";"-0,00877921469509602"
"0,0185980051755905";"-0,107553124427795";"-0,467172116041183";"0,00345311686396599";"0,00101877434644848";"-0,00926954951137304"
"-0,0999670922756195";"-0,0788981169462204";"-0,496703565120697";"0,00220177392475307";"-0,00405198987573385";"-0,0154857328161597"
"-0,117281928658485";"0,0996288284659386";"-0,49986270070076";"-0,0017603806918487";"-0,0068361097946763";"-0,00544686475768685"
"-0,125656068325043";"0,157749727368355";"-0,49426206946373";"-0,00721781840547919";"-0,00710088107734919";"-0,015774080529809"
"-0,0509024262428284";"0,0520487278699875";"-0,454286605119705";"-0,0110128726810217";"-0,00416969927027822";"-0,0108800744637847"
"-0,00152438879013062";"0,106049805879593";"-0,447447180747986";"-0,0118240294978023";"0,000368608278222382";"-0,00819116365164518"
"0,0550388991832733";"0,0720559805631638";"-0,47129887342453";"-0,010332465171814";"0,0045112487860024";"-0,0102520771324635"
"0,108586758375168";"0,0574899315834045";"-0,462044775485992";"-0,0073488550260663";"0,0081255454570055";"-0,00886940490454435"
"0,0888826102018356";"-0,00800763070583344";"-0,478479117155075";"-0,0037795570679009";"0,00758817791938782";"-0,00886568240821362"
"0,0817549824714661";"-0,0427628308534622";"-0,468984395265579";"-0,000874852179549634";"0,00600141985341907";"-0,0098709249868989"
"0,0651769489049912";"-0,0646019801497459";"-0,460547417402267";"0,00103423616383225";"0,0037421160377562";"-0,00987899117171764"
"0,0337450951337814";"-0,0813123881816864";"-0,492139369249344";"0,00150684441905469";"0,00187173334416002";"-0,00897583458572626"
"0,00492903590202332";"-0,0792513638734818";"-0,45625102519989";"0,00160717242397368";"-0,000256521045230329";"-0,00877279229462147"
"-0,030651330947876";"-0,0666127502918243";"-0,471144407987595";"0,000796943961177021";"-0,00278422422707081";"-0,00921341776847839"
"-0,0530511140823364";"-0,0341023579239845";"-0,467443436384201";"-0,00209353072568774";"-0,00394313130527735";"-0,00918087642639875"
"-0,0593554973602295";"-0,0241384655237198";"-0,456823527812958";"-0,00290183955803514";"-0,00491836667060852";"-0,0109890680760145"
"-0,0819500386714935";"0,0119827911257744";"-0,452876299619675";"-0,00586211401969194";"-0,00500281248241663";"-0,00829832442104816"
"-0,0472165942192078";"0,0770242065191269";"-0,47526827454567";"-0,0115563850849867";"-0,0020368720870465";"-0,00917013920843601"
"-0,0205396711826324";"0,0435207933187485";"-0,495260506868362";"-0,00772557221353054";"-3,5415287129581E-05";"-0,00781238824129105"
"0,00872933864593506";"0,0257719755172729";"-0,518118321895599";"-0,00719171948730946";"0,000510301091708243";"-0,010268971323967"
"0,00299614667892456";"0,0752381011843681";"-0,427258968353271";"-0,0087947454303503";"0,00194466323591769";"-0,00806800369173288"
"0,0502634346485138";"0,0433265417814255";"-0,480308383703232";"-0,00740534253418446";"0,004813636187464";"-0,00982075557112694"
"0,0377023220062256";"0,017543338239193";"-0,467626869678497";"-0,00565378647297621";"0,0050462419167161";"-0,00839408207684755"
"0,0350907444953918";"0,0168994963169098";"-0,458838880062103";"-0,00434311339631677";"0,00462889298796654";"-0,0101955207064748"
"0,0308620631694794";"-0,0012715756893158";"-0,463453620672226";"-0,00374864926561713";"0,00423423945903778";"-0,0106737772002816"
"0,0364339202642441";"-0,00555973500013351";"-0,463700979948044";"-0,00359768560156226";"0,00370575464330614";"-0,00803909916430712"
"0,0385009497404099";"-0,0224830806255341";"-0,44900569319725";"-0,00237114820629358";"0,003239706158638";"-0,0102123757824302"
"0,0199518650770187";"-0,0157297030091286";"-0,440755993127823";"-0,00215260358527303";"0,00129764713346958";"-0,00950327701866627"
"0,0205018669366837";"-0,00734597444534302";"-0,465084969997406";"-0,00151298963464797";"0,00136336020659655";"-0,00971220433712006"
"-0,00365839153528214";"-0,0148881375789642";"-0,430830240249634";"-0,00368416332639754";"-0,000146243313793093";"-0,00571421533823013"
"-0,00643011927604675";"-0,00843265652656555";"-0,458690404891968";"-0,00216439343057573";"0,000264682690612972";"-0,0108806174248457"
"0,0330081582069397";"-0,0152387619018555";"-0,424086391925812";"-0,000431051710620523";"0,00105744937900454";"-0,0107385674491525"
"-0,0319881960749626";"0,00642264261841774";"-0,472654849290848";"-0,00419869925826788";"-0,0015677735209465";"-0,00532725034281611"
"0,0057513639330864";"-0,0187568031251431";"-0,421264320611954";"-0,00290885521098971";"-0,000288631359580904";"-0,00486263073980808"
"-0,00144372880458832";"-0,0112500786781311";"-0,456583946943283";"-0,00265162857249379";"8,95590055733919E-05";"-0,0108387432992458"
"0,0236228704452515";"-0,0220171958208084";"-0,400604605674744";"-0,00257405056618154";"0,00100379018113017";"-0,0116236433386803"
"0,00761479139328003";"-0,0107022076845169";"-0,437485188245773";"-0,00384951755404472";"0,000458335853181779";"-0,00630050431936979"
"-0,0532060489058495";"0,0188678316771984";"-0,42155396938324";"-0,00693313824012876";"-0,000731380248907954";"0,00143065734300762"
"-0,0159589424729347";"0,0161388106644154";"-0,417863249778748";"-0,00562492432072759";"0,000539642933290452";"-0,000704326957929879"
"-0,0013505220413208";"-0,0238825865089893";"-0,445701152086258";"-0,00288411579094827";"0,000732895219698548";"-0,00486914720386267"
"-0,0139555893838406";"-0,0166467223316431";"-0,428242176771164";"-0,00391603354364634";"0,000866231857798994";"-0,00196778285317123"
"0,000869337469339371";"-0,000112555921077728";"-0,431156277656555";"-0,00442713545635343";"0,00196045869961381";"-0,00191806396469474"
"-0,0108271241188049";"-0,018674636259675";"-0,438222080469131";"-0,00377023965120316";"0,00207141297869384";"-0,00263876956887543"
"0,00638304278254509";"-0,0176501087844372";"-0,440548688173294";"-0,00202128011733294";"0,00285318912938237";"-0,0018984240014106"
"-0,000654429197311401";"-0,0257405675947666";"-0,433348000049591";"-0,00108201324474066";"0,00328201125375926";"-0,00096012360882014"
"0,00899818725883961";"-0,0049359267577529";"-0,416466653347015";"-0,00118400133214891";"0,00411552051082253";"-0,00080142030492425"
"0,0160205569118261";"-0,0394251756370068";"-0,430313467979431";"-0,00143061112612486";"0,00573145737871528";"-0,000157325950567611"
"0,0184010770171881";"-0,0204675365239382";"-0,431421101093292";"-0,00186021358240396";"0,00560266524553299";"5,76431921217591E-05"
"0,0283826030790806";"-0,0215950943529606";"-0,434951484203339";"-0,00196323124691844";"0,00662834290415049";"0,000721708871424198"
"0,0097443126142025";"-0,00510702282190323";"-0,435848832130432";"-0,00199946016073227";"0,00653564743697643";"0,00172424549236894"
"0,0309027135372162";"0,00267269462347031";"-0,425624340772629";"-0,00317330518737435";"0,00742283184081316";"0,00200609071180224"
"0,0285103525966406";"-0,00200396683067083";"-0,416927993297577";"-0,00492121186107397";"0,00730297993868589";"0,00125899014528841"
"0,0295605175197124";"0,0123004438355565";"-0,412821650505066";"-0,00545238936319947";"0,0067845368757844";"0,00184594397433102"
"0,0291114002466202";"0,00268885120749474";"-0,401892632246017";"-0,00585721991956234";"0,00704048993065953";"0,00216567423194647"
