"Force X (N)";"Force Y (N)";"Force Z (N)";"Torque X (N-m)";"Torque Y (N-m)";"Torque Z (N-m)";"Frequency = 1000";"Averaging Level = 16";"F/T Serial Number = FT38684";"Time Started = 29.11.2023 23:07:24"
"0,00641085533425212";"-0,0133947404101491";"0,0320483185350895";"-0,000354723772034049";"1,10119945020415E-05";"-0,00015900564903859"
"0,0073647010140121";"-0,00914989970624447";"0,00117000099271536";"-0,000306586880469695";"-0,000141581142088398";"5,59351101401262E-05"
"0,00520978448912501";"-0,00893868599087";"-0,00572922825813293";"-0,000148905848618597";"-0,000297468359349296";"9,10167000256479E-06"
"0,0120134688913822";"-0,00105284887831658";"-0,00288317212834954";"-0,00018259440548718";"-5,85679954383522E-05";"5,61365959583782E-05"
"0,000259369146078825";"-0,0174915753304958";"0,0195965692400932";"-0,000162603144417517";"-0,000181596798938699";"-6,59878860460594E-05"
"-0,0033553596585989";"-0,0041581392288208";"0,00943028088659048";"-0,000230862482567318";"-6,41483638901263E-05";"5,99883060203865E-05"
"0,0128485914319754";"-0,0139848943799734";"0,00573680875822902";"-0,000247443385887891";"-2,55064442171715E-05";"-5,58855026611127E-05"
"0,0131007423624396";"-0,0103810932487249";"0,0308114346116781";"-0,000176013010786846";"-0,000179574068170041";"-1,63937511388212E-06"
"0,00347167905420065";"-0,00569844711571932";"-0,00452107051387429";"-0,00026208398048766";"-0,000179716982529499";"5,32554149685893E-05"
"0,00708975922316313";"-0,00890663731843233";"-0,00566791277378798";"-0,00010103483509738";"-0,000390718254493549";"-0,00020612811204046"
"-0,00223613926209509";"-0,00558110326528549";"0,0135583905503154";"-0,000238714186707512";"-0,000228175369556993";"-2,51307465077844E-05"
"0,00763183087110519";"-0,0122171342372894";"0,0108349742367864";"-0,000371708563761786";"-0,000271543132839724";"0,000102165831776801"
"0,0107660768553615";"-0,00180649990215898";"0,0232749339193106";"-0,000386262370739132";"-0,000214529951335862";"-4,80915005027782E-05"
"0,00530228950083256";"-0,00518988119438291";"0,0138304457068443";"-0,000302236701827496";"0,000148015373270027";"4,93413863296155E-05"
"-0,001794787007384";"-0,00740319723263383";"-0,00147422554437071";"-5,25570430909283E-05";"-0,000168481186847202";"0,000140606134664267"
"0,00328284851275384";"-0,00479969894513488";"-0,00579300476238132";"-0,000212735831155442";"-4,79661866847891E-05";"0,000168300015502609"
"0,0173914916813374";"-0,00450536189600825";"0,0122894058004022";"-0,000314433593302965";"-0,000315190613036975";"4,70729428343475E-05"
"0,00825361348688602";"-0,0153331737965345";"0,0167331378906965";"-0,000280837382888421";"-0,000133088513393886";"7,69403195590712E-05"
"0,0057865553535521";"0,00308441300876439";"0,0288769509643316";"-0,000287902366835624";"-0,000112923487904482";"4,14189926232211E-05"
"0,00400072289630771";"-0,0131853083148599";"-0,0041350326500833";"-0,000158207723870873";"-6,66778287268244E-05";"0,000168235754244961"
"-0,00174763333052397";"-0,00213454314507544";"0,013887744396925";"-5,84726985835005E-05";"-3,77278556698002E-05";"-5,16945437993854E-05"
"0,00199662544764578";"-0,00781862623989582";"0,0204030051827431";"-0,000431090476922691";"-0,000204431329621002";"-3,65426167263649E-05"
"-0,000707378378137946";"-0,0148436361923814";"0,0167544167488813";"-0,000190623570233583";"-7,02690740581602E-05";"5,14553539687768E-06"
"0,00515596754848957";"-0,00622045760974288";"0,0392174534499645";"-0,000105688457551878";"3,4283828426851E-05";"3,20606850436889E-05"
"0,0027169082313776";"-0,0218730978667736";"0,0235105231404305";"-0,000462005322333425";"-0,000117622876132373";"0,000121499913802836"
"0,00609746994450688";"-0,0175610352307558";"0,0112551786005497";"-0,000207652235985734";"-0,000145196027006023";"5,97720136283897E-05"
"-0,00517578516155481";"-0,0118238944560289";"0,0219937842339277";"-0,000303250591969118";"-0,000168154190760106";"-0,000179680035216734"
"0,00443327054381371";"-0,0061164409853518";"0,0123549262061715";"-0,000151128027937375";"-0,000301922642393038";"4,62962379970122E-05"
"0,00418272847309709";"-0,0109873795881867";"0,0125640090554953";"-0,000185556535143405";"-6,6103515564464E-05";"6,14320961176418E-05"
"0,00346580380573869";"-0,0179515760391951";"0,0194371398538351";"-0,000299480772810057";"-0,000203132294700481";"5,37073356099427E-06"
"0,0051085758022964";"0,000500427791848779";"0,033590953797102";"-1,53939345182152E-05";"7,97503435023827E-06";"7,32811895431951E-05"
"0,0110454894602299";"-0,00814341381192207";"0,0168128721415997";"-0,000140922362334095";"-0,000153282249812037";"9,25662970985286E-05"
"0,00627929857000709";"-0,0116939274594188";"0,013904033228755";"-0,000145537167554721";"-0,000288067327346653";"0,000204325275262818"
"0,00226250756531954";"-0,0132283801212907";"0,026573870331049";"-0,000177806272404268";"-6,4015548559837E-05";"1,01590121630579E-05"
"0,00269199721515179";"-0,0065999492071569";"0,0248123928904533";"-0,000378064112737775";"2,4966928322101E-05";"-3,28820242430083E-05"
"0,0115657271817327";"-0,00483042048290372";"0,0304536260664463";"-0,000362459541065618";"-8,9124238002114E-05";"1,30582120618783E-05"
"0,00131466705352068";"-0,0117314755916595";"0,0124971205368638";"-0,000282740598777309";"0,000111680958070792";"0,000176520057721063"
"-0,00414743227884173";"-0,00915785692632198";"0,0107356375083327";"-0,000379124248865992";"8,55152029544115E-06";"0,000232029909966514"
"-0,00579996220767498";"-0,00666565867140889";"0,0230990089476109";"-0,000401572993723676";"-0,000214951651287265";"-0,000222175061935559"
"0,0162882432341576";"-0,00760496873408556";"0,0390660129487515";"-0,000267394352704287";"-0,00016116735059768";"3,1278730602935E-05"
"0,00934896804392338";"-0,00729633634909987";"0,0222186893224716";"-0,000337980280164629";"8,23341615614481E-05";"0,000167524165590294"
"0,00346250412985682";"-0,018006157130003";"0,0166377536952496";"-0,000323799235047773";"-0,000137425478897057";"0,000133396359160542"
"0,0125934742391109";"-0,0147838555276394";"0,0150667484849691";"-0,000365088082617149";"-0,00042305322131142";"0,000160747236805037"
"-0,00374725507572293";"-0,00864133983850479";"0,00974191818386316";"-6,05293425905984E-05";"-0,000101502657344099";"7,41548938094638E-05"
"0,0017861919477582";"0,000777417910285294";"0,0106603801250458";"-0,000350873364368454";"-3,52144088537898E-05";"-2,46016643359326E-05"
"0,00160051486454904";"-0,00256358087062836";"0,0389008186757565";"-0,000170487401192077";"-9,61156401899643E-05";"-1,18968600872904E-05"
"0,0189399234950542";"-0,014521537348628";"0,0323245488107204";"-0,000111917484900914";"-0,000429781212005764";"-3,08325252262875E-05"
"0,00518481200560927";"-0,00915097538381815";"0,0125522222369909";"-0,000128760511870496";"-0,00015052585513331";"0,000190380160347559"
"0,004136529751122";"-0,020903093740344";"0,0182894822210073";"-0,000209373494726606";"-0,00011676434223773";"0,000148628052556887"
"0,0013619982637465";"-0,00716363592073321";"0,0615591071546078";"-4,22151206294075E-05";"-0,000106667706859298";"-0,000202418654225767"
"0,00376740749925375";"-0,0044323829934001";"0,00228942162357271";"-0,000343648513080552";"-0,000205098724109121";"0,000213876104680821"
"0,0151675874367356";"-0,0145105430856347";"0,00131275621242821";"-0,000297891674563289";"-0,000273746671155095";"0,000299015373457223"
"0,00916694849729538";"-0,0130536863580346";"0,040629792958498";"-0,000284913490759209";"0,000109937929664738";"-5,37097512278706E-05"
"0,0063319019973278";"-0,00669478625059128";"0,0334786772727966";"-0,000221873095142655";"3,95917886635289E-05";"0,000143885452416725"
"0,000451747328042984";"-0,012126361951232";"0,0180182419717312";"-0,000283309986116365";"-1,27336843434023E-05";"-8,11332938610576E-06"
"0,00466041965410113";"-0,0106158368289471";"0,0388902612030506";"-0,000245044066105038";"-0,000314186938339844";"-0,000185956450877711"
"6,50899892207235E-05";"-0,00224556098692119";"0,00488380528986454";"-0,000439829658716917";"-0,00016610071179457";"1,42990438689594E-05"
"0,0105218570679426";"-0,00540900928899646";"0,0445485934615135";"-0,000278308958513662";"-5,27165830135345E-05";"0,000220478686969727"
"0,00242875167168677";"-0,00755246775224805";"0,0250176638364792";"-0,000184341828571633";"-9,02753818081692E-05";"0,00011025124695152"
"0,00384997623041272";"-0,000433891662396491";"0,0316687077283859";"-0,00037884438643232";"-8,33735066407826E-06";"-8,64794128574431E-05"
"0,00959263183176517";"-0,00888935383409262";"0,0459309816360474";"-0,000210896410862915";"-0,000333525327732787";"7,58785390644334E-05"
"0,0126119572669268";"0,00475865788757801";"0,0205300282686949";"-0,000298485567327589";"-0,000122327852295712";"0,000210267971851863"
"0,00419455394148827";"-0,0145651707425714";"0,0308347176760435";"-0,000232128077186644";"7,98067776486278E-05";"0,000113161811896134"
"0,0044090049341321";"-0,0153432618826628";"0,044719073921442";"-0,000211118371225893";"-0,000168650993146002";"-0,000125563703477383"
"-0,00149455922655761";"-0,0135223604738712";"0,0250167902559042";"-0,000360490084858611";"0,000171299543580972";"-3,30250295519363E-05"
"0,0083405002951622";"-0,015318488702178";"0,0110542280599475";"-0,000348243629559875";"-0,0001211224735016";"7,4238887464162E-05"
"-0,00152926961891353";"-0,0122862868010998";"0,0264376532286406";"-0,000284384557744488";"8,0269091995433E-05";"-4,69037768198177E-05"
"-0,00340689322911203";"-0,00978017877787352";"0,0291648767888546";"-0,000201427275897004";"-4,82431642012671E-05";"9,72779889707454E-05"
"-0,00309042306616902";"-0,00647036312147975";"0,0289177615195513";"-0,000358133256668225";"2,89233794319443E-05";"0,000140603835461661"
"0,0114139541983604";"-0,0116559220477939";"0,0320102013647556";"-0,000386834202799946";"-2,34024773817509E-05";"-2,96734724543057E-05"
"0,000601960811764002";"-0,00866213254630566";"0,0389522388577461";"-0,000213384293601848";"-8,86782872839831E-05";"4,46468293375801E-05"
"0,0119632855057716";"-0,0165677592158318";"0,0169209931045771";"-0,00022068343241699";"-0,000121151009807363";"4,87587240058929E-05"
"0,00658156955614686";"-0,0131773948669434";"0,027721680700779";"-0,000399168289732188";"-6,75957489875145E-05";"-3,25082801282406E-05"
"0,00726797245442867";"-0,00604633707553148";"0,0559742897748947";"-7,94650259194896E-05";"-9,57990414462984E-05";"-3,7138452171348E-06"
"0,00571562629193068";"-0,00502205360680819";"0,0584596581757069";"-0,000317852827720344";"7,06678474671207E-06";"-0,000145936603075825"
"0,0149612594395876";"-0,00745879486203194";"0,0477266982197762";"-0,000155113855726086";"4,39609793829732E-05";"5,09466335643083E-05"
"0,0139268189668655";"-0,00436807097867131";"0,028084771707654";"-6,86225685058162E-05";"-0,000120314361993223";"0,00011311058915453"
"-0,00284072617068887";"-0,0105743641033769";"0,0280697401612997";"-5,06921314809006E-05";"3,7797090044478E-05";"0,000126269835163839"
"0,00519145233556628";"-0,0137675106525421";"0,0322272554039955";"-0,000157889211550355";"-9,70035907812417E-05";"4,14799214922823E-05"
"-0,00494050839915872";"-0,0171729773283005";"0,0260938890278339";"-0,000409378844778985";"-0,000205806965823285";"0,000107844767626375"
"-0,00391573458909988";"0,0059819552116096";"0,0455443635582924";"-0,000358969235094264";"0,000191950850421563";"-0,00012187339598313"
"0,000111903995275497";"-0,014635032042861";"0,0484589487314224";"-0,000476180401165038";"-0,000135734837385826";"-0,000110271583253052"
"0,00167115207295865";"-0,0149075537919998";"0,0333270207047462";"-0,000391923356801271";"3,43227802659385E-05";"0,000142065895488486"
"0,00734468456357718";"-0,00286511681042612";"0,0418527461588383";"-0,000193096580915153";"3,24818902299739E-05";"-9,40326572163031E-06"
"0,0168260391801596";"-0,0172463320195675";"0,0254192054271698";"-0,000223865019506775";"-7,60961629566737E-05";"0,00012492825044319"
"0,00663307122886181";"-0,0105751268565655";"0,0445190630853176";"-0,000222034461330622";"-0,000339935126248747";"-9,72797715803608E-05"
"0,00376907782629132";"-0,0193604044616222";"0,0374823026359081";"-0,000509961624629796";"1,95738357433584E-05";"2,86212234641425E-05"
"0,0122138541191816";"-0,0231207236647606";"0,0392579846084118";"-0,000309178052702919";"-0,000171256338944659";"0,000100825738627464"
"0,00158882467076182";"-0,011894310824573";"0,0333518981933594";"-0,000414800510043278";"0,000189955171663314";"-2,87790535367094E-05"
"0,00732285343110561";"-0,010595640167594";"0,034904956817627";"-0,00026968473684974";"1,90535683941562E-05";"4,36246118624695E-05"
"0,00675878999754786";"-0,000886050052940845";"0,0387442596256733";"-0,000313760887365788";"-9,29320376599208E-05";"-1,16816627269145E-05"
"0,00547610130161047";"-0,00921234581619501";"0,0390159636735916";"-0,000215631822356954";"-0,00012321345275268";"7,34990680939518E-05"
"0,0110195111483335";"-0,0202886182814837";"0,0393923819065094";"-0,000134841640829109";"-0,000201446702703834";"0,000259029009612277"
"0,00936924014240503";"-0,00629915064200759";"0,0573017634451389";"-0,000239168206462637";"0,000112617301056162";"0,000169850420206785"
"0,00877670757472515";"-0,0109357433393598";"0,0626518949866295";"-0,000378941040253267";"-0,000131328546558507";"-0,000174003027495928"
"0,00812815595418215";"-0,0057914275676012";"0,026579637080431";"-0,000215238294913433";"0,000129366904729977";"8,41578803374432E-05"
"0,00571936741471291";"-0,00591224525123835";"0,0528565943241119";"-0,000280643260339275";"-9,69876200542785E-05";"-5,77215541852638E-06"
"0,0180006884038448";"-0,0131297810003161";"0,0463207997381687";"-0,000147787795867771";"-0,000238162756431848";"6,26834516879171E-05"
"0,00109214568510652";"-0,0161740388721228";"0,0547987259924412";"-3,89575288863853E-05";"-4,04465572501067E-05";"-9,14764095796272E-05"
"0,0062161642126739";"-0,0268127135932446";"0,0547582879662514";"-0,000313088239636272";"4,18856798205525E-05";"2,22368107642978E-05"
"-0,00186307495459914";"-0,0137900710105896";"0,0709145218133926";"-0,000447866681497544";"2,46680210693739E-05";"-7,03721452737227E-05"
"-0,0129832215607166";"-0,00971697457134724";"0,0373561643064022";"-0,000249514996539801";"2,21142800000962E-05";"0,000186515273526311"
"-0,00635162321850657";"0,000769245903939009";"0,0234559923410416";"-0,000108062078652438";"-1,48984181578271E-05";"0,000110308123112191"
"-0,26921284198761";"-0,163848966360092";"-0,366290688514709";"-0,00294084683991969";"-0,00490426365286112";"-0,0504847392439842"
"-0,0177110582590103";"0,450005531311035";"0,0719631463289261";"-0,00891533400863409";"-0,00163285247981548";"0,00293038482777774"
"-0,0373050570487976";"0,301873981952667";"-0,0706560015678406";"0,00286452099680901";"0,000636674463748932";"0,0340365581214428"
"0,546962976455688";"0,00399011373519897";"-0,21995285153389";"-0,00105455238372087";"0,038640022277832";"-0,0185847133398056"
"1,321324467659";"-0,606575071811676";"-0,207012325525284";"0,0358297973871231";"0,0583815313875675";"0,112707883119583"
"0,195001795887947";"-0,580445528030396";"0,134736508131027";"0,0467293001711369";"-0,00289965164847672";"0,0157099962234497"
"-0,191256687045097";"-1,24690306186676";"0,223081171512604";"0,0767494589090347";"-0,0541749745607376";"0,0149251082912087"
"-0,962398529052734";"1,14861655235291";"0,483575701713562";"-0,0663478672504425";"-0,0792706310749054";"0,237274512648582"
"-0,262407779693604";"2,31151032447815";"-1,14713680744171";"-0,0914176404476166";"0,00650786235928535";"0,0829498693346977"
"1,28898978233337";"0,112105906009674";"0,382249414920807";"0,0036733141168952";"0,0864151492714882";"0,111414551734924"
"0,115437030792236";"-0,810844898223877";"0,461091458797455";"0,0829925537109375";"-0,00757521763443947";"0,136166602373123"
"-0,620645821094513";"-0,438228070735931";"-0,179446667432785";"-0,010820634663105";"-0,0813993215560913";"0,0623366683721542"
"0,242658376693726";"1,15510332584381";"-0,285516887903214";"-0,0527429282665253";"0,0280697010457516";"0,0860907435417175"
"-0,581578731536865";"0,426332831382751";"-0,00204125046730042";"0,0250696949660778";"0,00909433513879776";"0,117704726755619"
"-0,312244653701782";"1,7179901599884";"-0,267813980579376";"-0,0329778753221035";"-0,0190069172531366";"0,12048102170229"
"0,609592199325562";"-0,292252063751221";"0,179337441921234";"0,0171745233237743";"0,0492929369211197";"0,15369813144207"
"-1,4565851688385";"-1,20278191566467";"-0,0549773499369621";"0,0531121306121349";"-0,113982111215591";"0,170174136757851"
"0,117286682128906";"3,25659370422363";"0,662809371948242";"-0,118195630609989";"0,025819044560194";"0,161364167928696"
"1,42117440700531";"-1,26064038276672";"0,177252545952797";"0,0842113792896271";"0,0543926954269409";"0,0991299822926521"
"-0,463992834091187";"0,222568035125732";"-0,129232749342918";"-0,0462650582194328";"-0,0471518635749817";"0,0915500074625015"
"0,495882511138916";"-0,817105293273926";"0,692714810371399";"0,0556385442614555";"0,0152764748781919";"0,154513984918594"
"-0,16804027557373";"1,24396228790283";"1,13293385505676";"-0,0448731370270252";"-0,013559740036726";"0,183295905590057"
"-0,137819528579712";"-0,18714839220047";"-0,0277296807616949";"0,0448263883590698";"-0,0060290452092886";"0,0613807588815689"
"0,947721660137177";"0,123932421207428";"0,41681957244873";"-0,0840278565883636";"0,0203673709183931";"0,0427364632487297"
"0,22444224357605";"-1,49398791790009";"0,224238902330399";"0,0921582579612732";"-0,00821863301098347";"0,13130995631218"
"-0,330216646194458";"1,8561989068985";"0,736833333969116";"-0,0646575167775154";"-0,019409541040659";"0,102470859885216"
"0,224174588918686";"-1,77339482307434";"0,663572430610657";"0,0193920657038689";"-0,0180959552526474";"0,010094728320837"
"0,631542921066284";"-0,621622323989868";"0,451679408550262";"0,00482880976051092";"0,0130744930356741";"0,142027541995049"
"-0,609132885932922";"0,978346168994904";"1,01874160766602";"-0,0223521925508976";"0,00050525926053524";"0,0316322669386864"
"-0,0190800428390503";"-0,891406178474426";"1,0277658700943";"0,00705773616209626";"-0,0347231216728687";"0,0837734490633011"
"0,305055379867554";"-0,927022576332092";"1,12066304683685";"-0,00935073662549257";"0,00696650799363852";"0,109465248882771"
"0,234696626663208";"-0,631021857261658";"1,32494211196899";"0,00715014059096575";"-0,00127671286463737";"0,117219433188438"
"-0,430981159210205";"1,30914974212646";"1,79339790344238";"-0,00870002061128616";"-0,00101709179580212";"0,121823534369469"
"0,0367412567138672";"0,856744647026062";"1,41554808616638";"-0,000944911502301693";"-0,0075654536485672";"0,170371651649475"
"0,24214768409729";"-0,60662829875946";"1,46824932098389";"-0,00402686418965459";"0,00626145582646132";"0,106840178370476"
"-0,0252032279968262";"0,300804972648621";"1,50766718387604";"-0,00698561687022448";"-0,0128876939415932";"0,121395528316498"
"-0,06682288646698";"-0,993435323238373";"2,29695963859558";"-0,000238532200455666";"-0,00147976167500019";"0,0884120836853981"
"0,339934349060059";"0,924901604652405";"2,29952025413513";"-0,0060739666223526";"0,0010994877666235";"0,181956887245178"
"0,0410161018371582";"0,160036027431488";"2,08232855796814";"-0,00409223698079586";"-0,0126505894586444";"0,0830432623624802"
"-0,721871376037598";"-1,84257698059082";"1,87253952026367";"0,132449448108673";"-0,101549252867699";"0,673033893108368"
"0,0482511520385742";"-1,09841918945313";"3,52306938171387";"0,0477646626532078";"0,00849219411611557";"0,694596648216248"
"-0,791059494018555";"1,90854549407959";"3,89987015724182";"-0,17566280066967";"-0,0456868857145309";"0,525367319583893"
"1,7904806137085";"-0,0824990272521973";"4,1608304977417";"0,0257241800427437";"0,0760097354650497";"0,41479566693306"
"-0,514539241790771";"-0,236638307571411";"7,28222990036011";"-0,0513574257493019";"-0,0825442969799042";"0,290703743696213"
"-0,0586075782775879";"0,178624153137207";"6,70659828186035";"0,0377185717225075";"-0,00993168726563454";"0,328427076339722"
"0,566765785217285";"-0,278268575668335";"7,73186206817627";"0,00230743922293186";"0,0117823779582977";"0,298062860965729"
"-0,019505500793457";"0,0727572441101074";"7,98794221878052";"-0,0137408059090376";"-0,0478046834468842";"0,219239681959152"
"0,378917217254639";"0,314859628677368";"7,78967905044556";"-0,0218693781644106";"-0,0160754211246967";"0,266513824462891"
"0,681799173355103";"0,547063708305359";"8,19028854370117";"-0,0283604674041271";"0,0101041086018085";"0,158146187663078"
"0,55153226852417";"-0,281450033187866";"8,79181003570557";"0,00492661166936159";"-0,00704800337553024";"0,136633187532425"
"-0,398224592208862";"-0,613121151924133";"8,92018985748291";"0,0126783773303032";"-0,0520742163062096";"0,125988036394119"
"-0,0336074829101563";"-0,745897889137268";"8,69718456268311";"-0,0082512591034174";"-0,0391840487718582";"0,11864211410284"
"0,48869776725769";"-0,650359153747559";"8,71277141571045";"-0,021106693893671";"-0,00232180394232273";"0,132256224751472"
"0,461360216140747";"0,602008819580078";"8,76409816741943";"-0,0130934156477451";"0,000314293429255486";"0,122129023075104"
"-0,0736773014068604";"-0,402850866317749";"8,73308086395264";"0,0082015311345458";"-0,0363279953598976";"0,11950957775116"
"-0,273816823959351";"0,0896487236022949";"8,48895072937012";"-0,00764009263366461";"-0,0443389676511288";"0,172441422939301"
"0,359329223632813";"0,363000392913818";"8,10114288330078";"-0,0196823291480541";"-0,00100796669721603";"0,188503682613373"
"0,83399486541748";"0,718474984169006";"8,187744140625";"-0,0132523886859417";"0,0138265024870634";"0,214954495429993"
"0,454739570617676";"0,0245561599731445";"7,80221605300903";"0,00738230254501104";"-0,0198301877826452";"0,193285465240479"
"0,0539321899414063";"-0,425612926483154";"8,23401927947998";"0,00100881885737181";"-0,042358472943306";"0,201154053211212"
"0,595373153686523";"-0,885614275932312";"8,26188850402832";"-0,0195717848837376";"-0,0199318565428257";"0,164745807647705"
"0,897775173187256";"-0,598882436752319";"8,28716945648193";"-0,0228124465793371";"0,00465576723217964";"0,135247200727463"
"0,541374683380127";"-0,198405385017395";"8,36408996582031";"0,0074579706415534";"-0,0112881641834974";"0,164334774017334"
"-0,618419170379639";"0,273646116256714";"8,16052913665771";"-0,000796927139163017";"-0,0482299029827118";"0,12583427131176"
"0,0971522331237793";"0,247922301292419";"7,96331977844238";"-0,0119678685441613";"-0,0190913248807192";"0,170232012867928"
"0,560249328613281";"0,875239372253418";"8,02317428588867";"-0,0183578934520483";"0,0167000219225883";"0,191368758678436"
"0,593330860137939";"0,38808798789978";"8,13300514221191";"0,000810630619525909";"-0,00200624950230122";"0,194907575845718"
"-0,0191807746887207";"0,013958215713501";"7,38477087020874";"-0,000381322577595711";"-0,0455107949674129";"0,201070606708527"
"0,261627674102783";"-0,979761123657227";"7,77489805221558";"-0,00866859126836061";"-0,02800696156919";"0,169308885931969"
"0,653402328491211";"0,0389907360076904";"7,67776966094971";"-0,0106270974501967";"0,00852200388908386";"0,170343682169914"
"0,636870145797729";"0,287269234657288";"7,55544424057007";"0,00116867385804653";"0,001447394490242";"0,137406021356583"
"-0,232418775558472";"-0,306579947471619";"8,22806739807129";"0,00574693363159895";"-0,0469342358410358";"0,147588670253754"
"-0,236183643341064";"0,288047075271606";"7,99039745330811";"-0,0106911016628146";"-0,0357355996966362";"0,161126911640167"
"0,643051147460938";"0,587221145629883";"7,96154451370239";"-0,011448809877038";"0,0145220328122377";"0,225062608718872"
"0,823326587677002";"0,401337623596191";"7,56713533401489";"-0,00765889137983322";"0,0102065876126289";"0,214010462164879"
"0,154302835464478";"-0,289142370223999";"7,7698917388916";"0,00315296463668346";"-0,0398779213428497";"0,183983758091927"
"0,273309230804443";"-1,09508764743805";"7,87741327285767";"-0,0105753252282739";"-0,0364900603890419";"0,162755057215691"
"0,511409521102905";"-0,524344682693481";"8,14364433288574";"-0,01548732817173";"-0,00431757606565952";"0,150188133120537"
"0,710634469985962";"-0,161382675170898";"8,16764831542969";"-0,00579816475510597";"0,00456129014492035";"0,125303789973259"
"-0,210723876953125";"-0,0175477266311646";"8,62103176116943";"0,0024715019389987";"-0,0331254154443741";"0,1336829662323"
"-0,424471855163574";"0,549966096878052";"7,64201307296753";"-0,00561575964093208";"-0,0376502834260464";"0,190150260925293"
"0,4683518409729";"0,227140188217163";"7,95678853988647";"-0,0247539728879929";"-0,0104003194719553";"0,186745882034302"
"0,523369789123535";"1,09562826156616";"7,65347385406494";"-0,00234511587768793";"0,0164740737527609";"0,194712668657303"
"0,619726181030273";"-0,186899185180664";"7,99518585205078";"0,00205911509692669";"-0,016355074942112";"0,197170287370682"
"0,0904290676116943";"-0,570233345031738";"7,76632165908813";"-0,000357435084879398";"-0,0394879654049873";"0,17985425889492"
"0,178159236907959";"-0,875787258148193";"8,34087753295898";"-0,0181204900145531";"-0,0289913006126881";"0,145377412438393"
"0,765694856643677";"-0,514273762702942";"8,19489288330078";"-0,00369799509644508";"0,00224088318645954";"0,146474167704582"
"0,0295703411102295";"-0,201935768127441";"8,75579071044922";"0,000253495760262012";"-0,0124583523720503";"0,1214589625597"
"-0,17611837387085";"-0,136851072311401";"8,36644268035889";"0,00643729791045189";"-0,0365109704434872";"0,182611033320427"
"0,0432233810424805";"0,198284864425659";"8,15217018127441";"-0,0190783962607384";"-0,0286280494183302";"0,14475117623806"
"0,383481502532959";"0,472010731697083";"8,10283946990967";"-0,00804870668798685";"0,00389314070343971";"0,17475751042366"
"0,800654888153076";"0,300925970077515";"7,89246320724487";"0,00963574834167957";"-0,000997239723801613";"0,17800498008728"
"0,0327072143554688";"-0,346021175384521";"7,9528431892395";"-0,00298565067350864";"-0,0414678081870079";"0,1882553845644"
"0,385201930999756";"-0,935444951057434";"8,10902881622314";"-0,0162782855331898";"-0,0315817818045616";"0,169911652803421"
"0,784810543060303";"-0,558991432189941";"8,27682781219482";"-0,0153417522087693";"-0,0032406859099865";"0,190023198723793"
"0,705296993255615";"-0,213014364242554";"8,18989372253418";"0,00260347593575716";"0,00046980194747448";"0,132773384451866"
"-0,148075342178345";"-0,657101392745972";"8,46598720550537";"-0,000363392755389214";"-0,0476363375782967";"0,141211897134781"
"-0,136892795562744";"-0,0948934555053711";"8,28323745727539";"-0,0157649200409651";"-0,0353494733572006";"0,154667213559151"
"0,411830425262451";"0,481665849685669";"8,52884674072266";"-0,022240374237299";"0,00402537919580936";"0,17017787694931"
"0,732269525527954";"0,724718332290649";"7,93776226043701";"0,00413225591182709";"0,00850431434810162";"0,178866505622864"
"0,3623948097229";"0,0129435062408447";"8,0909423828125";"0,00183983612805605";"-0,03863275796175";"0,200612604618073"
"0,239073276519775";"-0,603600978851318";"8,10772037506104";"-0,00961489416658878";"-0,0359661728143692";"0,19321882724762"
"0,631471157073975";"-0,320457935333252";"8,17098712921143";"-0,0258209239691496";"-0,00373299978673458";"0,190388649702072"
"0,868087291717529";"-0,536852359771729";"8,50136280059814";"-0,00201092287898064";"-0,000931702554225922";"0,15288570523262"
"0,20337963104248";"-0,928493142127991";"8,33195114135742";"0,0117702949792147";"-0,0349927917122841";"0,142600327730179"
"-0,327633142471313";"-0,672243356704712";"8,42333602905273";"-0,00580930430442095";"-0,0388276129961014";"0,118621848523617"
"0,33173394203186";"-0,432749271392822";"8,33677864074707";"-0,0251579657196999";"-0,0201115179806948";"0,131380125880241"
"0,434238195419312";"0,385105729103088";"8,13872528076172";"-0,0139523167163134";"0,00262351520359516";"0,14364255964756"
"0,12558388710022";"0,33406126499176";"8,07877922058105";"0,0035359114408493";"-0,0227395799010992";"0,1552354991436"
"0,00927162170410156";"0,242581844329834";"7,48361921310425";"0,00137878209352493";"-0,0349443703889847";"0,20145183801651"
"0,366206169128418";"-0,256051540374756";"7,78395462036133";"-0,0192313492298126";"-0,0188009887933731";"0,206853002309799"
"0,841953754425049";"0,429120540618896";"8,09187030792236";"-0,0165531244128942";"0,0113370064646006";"0,209051877260208"
"0,762543678283691";"-0,595192074775696";"8,34350395202637";"0,00780006498098373";"-0,0200363714247942";"0,147423923015594"
"0,0657243728637695";"-1,01362037658691";"8,12887573242188";"0,00435376632958651";"-0,0441006645560265";"0,190247446298599"
"-0,0901775360107422";"-0,876500248908997";"8,31865215301514";"-0,0161869525909424";"-0,0314005054533482";"0,114746816456318"
"0,371392726898193";"0,167919039726257";"8,34665870666504";"-0,0174149442464113";"0,00563935004174709";"0,12716206908226"
"0,0260593891143799";"0,244539141654968";"8,64697456359863";"-0,00418327655643225";"-0,015100697055459";"0,0964474827051163"
"-0,525797367095947";"0,206423759460449";"8,55864429473877";"0,00766458548605442";"-0,0447991564869881";"0,172973111271858"
"0,206319332122803";"0,21920371055603";"7,7899923324585";"-0,00533561035990715";"-0,0230071283876896";"0,205084174871445"
"0,502831220626831";"0,598488688468933";"8,24787044525146";"-0,0236279107630253";"0,0103403013199568";"0,169456794857979"
"0,635417938232422";"0,591521263122559";"8,14758396148682";"-0,0036406684666872";"0,000239055603742599";"0,211956113576889"
"0,207504272460938";"-0,17992377281189";"8,01298427581787";"0,0040696244686842";"-0,0441150851547718";"0,207812562584877"
"0,215874910354614";"-0,829601287841797";"7,536057472229";"-0,00428575184196234";"-0,031198563054204";"0,169892281293869"
"0,695172548294067";"-0,388956189155579";"8,31761169433594";"-0,0220451466739178";"-0,00467882864177227";"0,170318990945816"
"0,60355281829834";"-0,219371318817139";"8,35315418243408";"-0,0116046806797385";"-0,00227968581020832";"0,119156584143639"
"-0,302793025970459";"-0,0339845418930054";"8,58388996124268";"0,00854572281241417";"-0,0333476886153221";"0,145595774054527"
"-0,400609970092773";"0,356670498847961";"8,06666469573975";"-0,00548570044338703";"-0,0388815999031067";"0,164848491549492"
"0,357903003692627";"0,791226863861084";"7,84450101852417";"-0,0257328748703003";"0,00487354584038258";"0,195044443011284"
"0,59808349609375";"0,694026827812195";"8,12985610961914";"-0,0103536238893867";"0,0101278834044933";"0,167575165629387"
"0,401898384094238";"0,371598482131958";"7,80626630783081";"0,0107045453041792";"-0,0212563946843147";"0,229040741920471"
"-0,0154523849487305";"-0,174377918243408";"7,68470573425293";"0,00548468343913555";"-0,0421806015074253";"0,202124863862991"
"0,525598049163818";"-0,461959362030029";"7,88114404678345";"-0,013606695458293";"-0,00866927392780781";"0,211060076951981"
"0,853727579116821";"0,0946348905563354";"7,76727819442749";"-0,0123769789934158";"0,00750095024704933";"0,17253366112709"
"0,627660036087036";"-0,448027849197388";"8,30787754058838";"0,00161106046289206";"-0,0230954028666019";"0,130666002631187"
"-0,279925584793091";"-0,823384523391724";"8,33447456359863";"0,00653018150478601";"-0,0484547540545464";"0,127345278859138"
"-0,0617411136627197";"-0,607569336891174";"8,77235412597656";"-0,00861872173845768";"-0,0332890078425407";"0,121259197592735"
"0,730926275253296";"0,260967612266541";"8,39355373382568";"-0,0134138790890574";"0,0141321457922459";"0,172147840261459"
"0,511276245117188";"0,249354004859924";"8,5721435546875";"-0,00925120804458857";"-0,004211550578475";"0,149840816855431"
"-0,304615497589111";"0,510598659515381";"7,74381303787231";"-0,00365921854972839";"-0,0457002595067024";"0,182006001472473"
"-0,000816583633422852";"-0,220100164413452";"7,61273050308228";"-0,00649605970829725";"-0,033454917371273";"0,178629234433174"
"0,609748363494873";"0,0777020454406738";"8,27865219116211";"-0,0176898688077927";"0,0100444220006466";"0,18657948076725"
"0,777502536773682";"0,176122903823853";"8,06382751464844";"-0,00438133720308542";"0,00795856863260269";"0,212413907051086"
"0,27805233001709";"-0,74726939201355";"8,01453113555908";"0,000143025070428848";"-0,0456990078091621";"0,191139936447144"
"0,0944454669952393";"-0,957352638244629";"7,75827074050903";"-0,00311003345996141";"-0,0421831980347633";"0,187669947743416"
"0,923773288726807";"-0,509381532669067";"7,85305643081665";"-0,0169291198253632";"0,00251695327460766";"0,193171352148056"
"0,743168830871582";"0,0447613000869751";"7,94326734542847";"-0,00198699720203877";"0,0056779645383358";"0,166007176041603"
"-0,06525719165802";"-0,458317279815674";"8,71073246002197";"0,0051988554187119";"-0,0377569422125816";"0,0961285382509232"
"-0,207885265350342";"-0,750946879386902";"8,18680953979492";"-0,00441353023052216";"-0,0523132234811783";"0,128775969147682"
"0,336587905883789";"-0,0113897323608398";"7,87647485733032";"-0,0165083259344101";"-0,0103923156857491";"0,164102017879486"
"0,579595327377319";"0,810659229755402";"7,95280122756958";"-0,00800155289471149";"0,00849933177232742";"0,121719263494015"
"0,261837244033813";"0,312970042228699";"8,47739505767822";"-0,00122235622256994";"-0,0134492255747318";"0,158751755952835"
"-0,128616809844971";"-0,0817439556121826";"8,03439140319824";"-2,96346843242645E-06";"-0,0473510734736919";"0,199261501431465"
"0,151381015777588";"0,292682886123657";"7,82848358154297";"-0,0191887766122818";"-0,0121427997946739";"0,235979154706001"
"0,745570182800293";"0,223237037658691";"7,71575784683228";"-0,00701355282217264";"0,00869832746684551";"0,181894913315773"
"0,683228015899658";"-0,0819954872131348";"8,06786441802979";"0,00120679289102554";"-0,00682822987437248";"0,207922846078873"
"0,143243789672852";"-0,566094398498535";"8,01826858520508";"0,00141065660864115";"-0,0437311753630638";"0,180886954069138"
"0,205920457839966";"-0,978276252746582";"8,37854766845703";"-0,0168313793838024";"-0,0327247865498066";"0,176586866378784"
"0,499087333679199";"-0,35789942741394";"8,30175304412842";"-0,0174463205039501";"0,00295583717525005";"0,157997533679008"
"0,912795543670654";"-0,512873411178589";"7,99800634384155";"-0,0030408063903451";"-0,00703325867652893";"0,131624281406403"
"-0,238451719284058";"-0,117689609527588";"8,18256378173828";"-0,00223053060472012";"-0,038650956004858";"0,163239181041718"
"0,0150232315063477";"-0,31119441986084";"7,83549928665161";"-0,0108081744983792";"-0,038361880928278";"0,145315200090408"
"0,195320844650269";"0,0808817148208618";"8,21839904785156";"-0,0197760090231895";"-0,000293979421257973";"0,123053982853889"
"0,400795459747314";"0,913504123687744";"7,86227798461914";"0,00135315582156181";"0,00790221057832241";"0,21526463329792"
"-0,0759167671203613";"0,588092923164368";"8,01061630249023";"-0,00539372768253088";"-0,0289546903222799";"0,181344926357269"
"0,0940179824829102";"-0,378209829330444";"7,7895336151123";"-0,00323741603642702";"-0,0412585698068142";"0,199778646230698"
"0,589663028717041";"-0,304076671600342";"8,01327514648438";"-0,0192274115979671";"-0,000931115821003914";"0,206930935382843"
"0,866792678833008";"-0,197119951248169";"8,07867240905762";"-0,00353719014674425";"0,00225809402763844";"0,191802427172661"
"0,348701238632202";"-0,47858452796936";"8,14562892913818";"0,0109234722331166";"-0,0273048244416714";"0,179212272167206"
"0,139842510223389";"-0,646869659423828";"7,95533895492554";"-0,00743532925844193";"-0,0303902067244053";"0,199307650327682"
"0,402931690216064";"-0,330599665641785";"7,88592386245728";"-0,0275259148329496";"-0,0194917302578688";"0,165044218301773"
"0,619422912597656";"-0,0711678266525269";"7,98197460174561";"-0,00948126427829266";"3,17934900522232E-05";"0,154297471046448"
"0,163359403610229";"0,257911920547485";"8,33562564849854";"0,00556437205523252";"-0,0201088227331638";"0,133337467908859"
"-0,187317848205566";"-0,264850735664368";"8,04910469055176";"0,00219715479761362";"-0,0451550520956516";"0,136450424790382"
"0,0590124130249023";"-0,215997099876404";"7,98389625549316";"-0,0219155624508858";"-0,0263939592987299";"0,146398633718491"
"0,324357509613037";"0,574519157409668";"8,08077812194824";"-0,0159593671560287";"0,00774229690432549";"0,188516288995743"
"0,365302562713623";"0,350279808044434";"8,00784683227539";"0,00064568780362606";"-0,012705834582448";"0,183011174201965"
"-0,115009069442749";"0,00452208518981934";"7,87216520309448";"0,00078740157186985";"-0,0412351191043854";"0,170480713248253"
"0,305765628814697";"-0,57028341293335";"7,87065267562866";"-0,00760836526751518";"-0,0275188349187374";"0,219403237104416"
"0,666361331939697";"-0,353481411933899";"8,00645351409912";"-0,0193741135299206";"0,00297693535685539";"0,160867646336555"
"0,602909326553345";"-0,471827149391174";"8,28103160858154";"-0,00404222868382931";"-0,00757125951349735";"0,166930675506592"
"-0,0856099128723145";"-0,861862301826477";"8,30226612091064";"-0,00313204526901245";"-0,0462966784834862";"0,126600161194801"
"0,0775477886199951";"-0,997092604637146";"8,08676528930664";"-0,00298361573368311";"-0,0422253273427486";"0,143767446279526"
"0,454831600189209";"-0,264634728431702";"7,98754215240479";"-0,021910572424531";"-0,00218965299427509";"0,12930902838707"
"0,372032403945923";"0,134049534797668";"8,07499504089355";"-0,00743571761995554";"-0,00527857430279255";"0,115084625780582"
"-0,311839580535889";"0,107683658599854";"8,27516555786133";"0,00446374528110027";"-0,0393210388720036";"0,188526123762131"
"-0,326953411102295";"0,234150886535645";"7,95359945297241";"-0,00195507984608412";"-0,0374854169785976";"0,152894765138626"
"0,473742008209229";"0,565881490707397";"7,9040994644165";"-0,0256536640226841";"0,00739346444606781";"0,201765581965446"
"0,783265113830566";"0,593605995178223";"7,62280797958374";"-0,00741968117654324";"0,00557066686451435";"0,222857415676117"
"0,420629978179932";"-0,160544395446777";"7,58789920806885";"0,0132453348487616";"-0,0296573303639889";"0,207742780447006"
"0,00193881988525391";"-0,148231506347656";"7,8885064125061";"0,00534657016396523";"-0,0351406261324883";"0,205215498805046"
"0,605254411697388";"-0,465513467788696";"7,91866588592529";"-0,0188609436154366";"-0,00396658107638359";"0,185640648007393"
"0,833648443222046";"-0,0226577520370483";"7,92354106903076";"-0,0169923976063728";"0,00151705369353294";"0,160705611109734"
"0,490702152252197";"-0,678358912467957";"8,12799072265625";"-0,00160065852105618";"-0,0209121573716402";"0,122495248913765"
"-0,46618640422821";"-0,668691635131836";"8,38503646850586";"0,00492176320403814";"-0,0502678006887436";"0,110340900719166"
"-0,04103684425354";"-0,226581811904907";"8,00554370880127";"-0,00857363641262054";"-0,0280178692191839";"0,153933674097061"
"0,462751388549805";"0,167054653167725";"8,21096134185791";"-0,0234813019633293";"0,01009208150208";"0,140061169862747"
"0,320480108261108";"0,268882870674133";"8,22754383087158";"-0,00922404695302248";"-0,0023761261254549";"0,148532003164291"
"-0,260190010070801";"0,25153112411499";"7,88219881057739";"-0,0107092075049877";"-0,0430699288845062";"0,175119370222092"
"-0,151101589202881";"0,274430274963379";"7,60352659225464";"-0,0020685289055109";"-0,0303299650549889";"0,206774979829788"
"0,614851951599121";"0,135506629943848";"7,8193359375";"-0,0189713835716248";"0,0144294090569019";"0,19413711130619"
"0,77919340133667";"-0,00851058959960938";"7,90113592147827";"-0,00810334365814924";"0,00525256805121899";"0,201128289103508"
"0,287778854370117";"-0,583688735961914";"7,75265550613403";"-0,00510305818170309";"-0,0434896647930145";"0,198118716478348"
"0,106737852096558";"-1,47689366340637";"7,58336877822876";"0,0061132051050663";"-0,0464905574917793";"0,148687466979027"
"0,624334812164307";"-0,657316088676453";"8,4479284286499";"-0,0128667326644063";"-0,000965168699622154";"0,150821834802628"
"0,594507217407227";"-0,0441746711730957";"7,48499631881714";"-0,00719212181866169";"3,26298177242279E-05";"0,120261996984482"
"-0,0448918342590332";"-0,462157368659973";"8,3290548324585";"0,00257371366024017";"-0,0395149141550064";"0,13122770190239"
"-0,560325384140015";"0,143457889556885";"7,81864595413208";"-0,00191079545766115";"-0,0457588955760002";"0,155436158180237"
"0,238935947418213";"0,644425630569458";"8,00534534454346";"-0,0183864496648312";"0,00288603454828262";"0,200746610760689"
"0,655080795288086";"0,818096399307251";"7,33814573287964";"-0,00390618480741978";"0,0145149752497673";"0,193759560585022"
"0,290435791015625";"0,102211236953735";"7,84076404571533";"-0,00392432697117329";"-0,0164136923849583";"0,182137280702591"
"-0,00668621063232422";"-0,310418367385864";"7,63348197937012";"-0,00434442702680826";"-0,0400073751807213";"0,185476586222649"
"0,666394233703613";"-0,686829805374146";"7,70959711074829";"-0,0155320586636662";"-0,0117547828704119";"0,191280275583267"
"0,681570291519165";"-0,132128238677979";"8,03159999847412";"-0,0125734684988856";"0,00181877240538597";"0,177011892199516"
"0,5919189453125";"-0,812158465385437";"7,95254373550415";"-0,00496836937963963";"-0,0174619499593973";"0,122276581823826"
"-0,362770318984985";"-0,373015999794006";"8,18901348114014";"0,00373177882283926";"-0,0450189858675003";"0,150525316596031"
"0,05460524559021";"-0,365543842315674";"8,03232860565186";"-0,0191665291786194";"-0,0295589007437229";"0,133205816149712"
"0,558150291442871";"-0,0292726755142212";"8,28514003753662";"-0,0109547032043338";"0,0071142204105854";"0,149183750152588"
"0,409779787063599";"0,703896403312683";"8,03602981567383";"-0,00602031592279673";"0,00188619457185268";"0,158192425966263"
"-0,156609535217285";"0,533909797668457";"7,66843748092651";"-0,00345238856971264";"-0,037853479385376";"0,199046090245247"
"0,149521827697754";"-0,0972645282745361";"7,4652681350708";"-0,0164052490144968";"-0,0358771607279778";"0,21484249830246"
"0,54334545135498";"0,314182281494141";"7,68284130096436";"-0,0148788038641214";"0,0120069663971663";"0,208288967609406"
"1,05868458747864";"-0,140259742736816";"7,63230800628662";"-0,00309145543724298";"0,00254239328205585";"0,196897432208061"
"0,197165489196777";"-0,648703336715698";"7,98144769668579";"-0,00785514712333679";"-0,0337874554097652";"0,186217159032822"
"0,107202768325806";"-1,42410326004028";"7,59441328048706";"-0,00552601553499699";"-0,0449336729943752";"0,134946510195732"
"0,491833925247192";"-0,452092051506042";"7,96367168426514";"-0,0142952241003513";"-0,00439666025340557";"0,145527303218842"
"0,591714859008789";"-0,511191606521606";"8,13797760009766";"0,00403343793004751";"-0,00705051608383656";"0,135878622531891"
"-0,231607913970947";"-0,197907209396362";"8,44155979156494";"0,0035911938175559";"-0,0281066875904799";"0,140676915645599"
"-0,111242771148682";"-0,370918154716492";"7,77498912811279";"-0,00248001795262098";"-0,0397748202085495";"0,129214465618134"
"0,347617149353027";"-0,245730638504028";"7,89547634124756";"-0,0182032100856304";"-0,00725652649998665";"0,150611639022827"
"0,507559776306152";"-0,00456523895263672";"7,68851327896118";"-0,00361044239252806";"-0,00211805291473866";"0,175333634018898"
"0,255355834960938";"0,0874240398406982";"7,62638759613037";"0,00102008413523436";"-0,0170923825353384";"0,19497162103653"
"0,202108860015869";"-0,0716657638549805";"7,37631988525391";"-0,00751198083162308";"-0,0263962484896183";"0,211731642484665"
"0,630397319793701";"-0,188639402389526";"7,53305435180664";"-0,0195157807320356";"-0,00904583558440208";"0,220353692770004"
"0,612208366394043";"-0,0679881572723389";"7,79530572891235";"-0,0149529296904802";"-0,00390267185866833";"0,176937431097031"
"0,639524221420288";"-0,769590973854065";"7,824791431427";"0,000204280950129032";"-0,013758035376668";"0,141138210892677"
"-0,118898630142212";"-0,556816816329956";"8,04951190948486";"-0,00838571973145008";"-0,0392102487385273";"0,135127767920494"
"-0,117859363555908";"-0,544781446456909";"7,75320625305176";"-0,0164992306381464";"-0,0373929068446159";"0,125852480530739"
"0,493219375610352";"-0,0840137004852295";"7,91918230056763";"-0,0176114179193974";"0,00231762044131756";"0,132375806570053"
"0,34461784362793";"0,280674695968628";"8,00043773651123";"0,00655321776866913";"-0,00285994075238705";"0,146417647600174"
"-0,222106456756592";"0,226850271224976";"7,55032825469971";"-0,00278995651751757";"-0,0391176231205463";"0,181072741746902"
"-0,0510640144348145";"-0,143167972564697";"7,51422452926636";"-0,00872814655303955";"-0,0369148999452591";"0,21210390329361"
"0,700705528259277";"0,685850858688354";"7,70208406448364";"-0,0232226215302944";"0,0149333775043488";"0,221735656261444"
"0,73323917388916";"0,157498836517334";"7,17469310760498";"0,00127070304006338";"0,00325028970837593";"0,194542169570923"
"-0,0141720771789551";"-0,488358497619629";"8,12323665618896";"-0,00176761392503977";"-0,0458305105566978";"0,161789044737816"
"0,188699722290039";"-1,10518765449524";"7,65397834777832";"-0,000529349781572819";"-0,0372007377445698";"0,177084714174271"
"0,552160024642944";"-0,601301074028015";"8,44077110290527";"-0,0252782106399536";"-0,00260267220437527";"0,133964732289314"
"0,776169538497925";"-0,999950170516968";"7,63882923126221";"1,3682059943676E-05";"-0,0146072469651699";"0,136848419904709"
"-0,209312438964844";"-0,552889227867126";"8,30929851531982";"0,00364081282168627";"-0,0365412645041943";"0,107807084918022"
"-0,0734665393829346";"-1,09580707550049";"7,85596036911011";"0,000692120753228664";"-0,046196773648262";"0,128458887338638"
"0,352585315704346";"-0,297445774078369";"8,17154312133789";"-0,0232062824070454";"-0,00371851772069931";"0,16088941693306"
"0,580257892608643";"0,340191006660461";"7,93625020980835";"-0,0104892514646053";"-0,00275477208197117";"0,147734791040421"
"0,0363962650299072";"0,178476333618164";"7,4743480682373";"0,00475501734763384";"-0,0197241269052029";"0,16219174861908"
"-0,028195858001709";"-0,049506664276123";"7,50149774551392";"-0,00455140322446823";"-0,0399779491126537";"0,197167307138443"
"0,385453701019287";"0,26303768157959";"7,40435123443604";"-0,0232699364423752";"-0,00492062792181969";"0,210876792669296"
"0,859251976013184";"0,346724987030029";"7,64799880981445";"-0,0231838524341583";"0,00548398494720459";"0,200720429420471"
"0,643758296966553";"-0,10382080078125";"7,9211540222168";"-0,0036261398345232";"-0,0106120463460684";"0,195001572370529"
"0,15093207359314";"-0,476631641387939";"7,9461464881897";"-0,00525380298495293";"-0,0423569828271866";"0,181228205561638"
"0,245011568069458";"-0,99357807636261";"7,55218029022217";"-0,0152007089927793";"-0,0315077416598797";"0,155148863792419"
"0,773075819015503";"-0,219845414161682";"8,00747203826904";"-0,0227182097733021";"0,00626237131655216";"0,155713453888893"
"0,768314361572266";"-0,768329977989197";"8,27384090423584";"-0,000139971263706684";"-0,012241980060935";"0,148573532700539"
"-0,544852256774902";"0,000978231430053711";"8,08620262145996";"0,000330113805830479";"-0,0458046644926071";"0,133791476488113"
"-0,0283632278442383";"-0,688756108283997";"7,67920589447021";"-0,00131392385810614";"-0,0477943271398544";"0,13896156847477"
"0,613222599029541";"-0,14646315574646";"8,22943687438965";"-0,0242464616894722";"0,00646375305950642";"0,151091367006302"
"0,640561580657959";"0,188959717750549";"8,00364971160889";"-0,00643820129334927";"0,00201210379600525";"0,152421504259109"
"-0,0823183059692383";"0,383915424346924";"8,15717697143555";"-0,00143484398722649";"-0,0358501374721527";"0,218814224004745"
"-0,166045188903809";"-0,0245616436004639";"7,4516167640686";"0,00203567557036877";"-0,0409750007092953";"0,185177236795425"
"0,530054569244385";"0,103025436401367";"7,67397928237915";"-0,027911901473999";"0,00574254989624023";"0,206056788563728"
"0,645504951477051";"0,0725066661834717";"7,40103626251221";"-0,0013281125575304";"0,00853365287184715";"0,184074744582176"
"0,326695680618286";"-0,272603988647461";"7,73535966873169";"0,000360523350536823";"-0,0283366329967976";"0,18650871515274"
"0,0383338928222656";"-0,97245717048645";"7,71186208724976";"0,00328047946095467";"-0,0494813956320286";"0,198839783668518"
"0,726686000823975";"-0,864689350128174";"7,62385845184326";"-0,0198881048709154";"-0,01245909743011";"0,19053803384304"
"0,815598726272583";"-0,663104295730591";"8,20363807678223";"-0,00948549993336201";"-0,00262667611241341";"0,14959180355072"
"0,60841703414917";"-0,865607261657715";"7,96106100082397";"-0,00111859384924173";"-0,019137853756547";"0,148908317089081"
"-0,0364322662353516";"-0,828142285346985";"7,81556606292725";"-0,00172431860119104";"-0,0464896000921726";"0,147658064961433"
"0,109498977661133";"-0,558568596839905";"7,81747627258301";"-0,0253485795110464";"-0,0348613187670708";"0,125233083963394"
"0,515516519546509";"0,0524622201919556";"8,22634124755859";"-0,0135578904300928";"0,00388316623866558";"0,149352103471756"
"0,623809099197388";"0,0805850028991699";"7,83304119110107";"-0,00879764184355736";"-0,00887429341673851";"0,112700439989567"
"-0,127649307250977";"-0,0989005565643311";"7,76033496856689";"-0,00709115527570248";"-0,0417706556618214";"0,157880857586861"
"-0,226406097412109";"-0,280811071395874";"7,65521144866943";"-0,00682313460856676";"-0,0446549504995346";"0,142064183950424"
"0,533358097076416";"0,555369734764099";"7,57381916046143";"-0,0167349502444267";"0,00966300256550312";"0,171881467103958"
"0,51488208770752";"0,690117716789246";"7,64277744293213";"0,00107346288859844";"0,0070902481675148";"0,205296367406845"
"0,100823402404785";"0,0696337223052979";"7,28957080841064";"-0,00572357326745987";"-0,0325825065374374";"0,193463742733002"
"0,10601282119751";"-0,398098230361938";"7,34394121170044";"-0,000473607331514359";"-0,0369148962199688";"0,215643793344498"
"0,631984710693359";"0,0572042465209961";"7,40808916091919";"-0,0243514869362116";"0,0073282178491354";"0,201885342597961"
"1,09274864196777";"0,0282282829284668";"7,36611843109131";"1,35060399770737E-05";"0,00337620452046394";"0,208204209804535"
"0,352341175079346";"-0,91771125793457";"7,83667039871216";"0,00233519077301025";"-0,0331080630421638";"0,156019657850266"
"0,177011489868164";"-1,33486032485962";"7,68255472183228";"-0,00347283948212862";"-0,0377553924918175";"0,147533595561981"
"0,419154644012451";"-0,706939935684204";"8,09295463562012";"-0,0209069512784481";"-0,0138751976191998";"0,158970266580582"
"0,685335874557495";"-0,594587206840515";"7,56449460983276";"-0,0079773785546422";"-0,00992980971932411";"0,133775845170021"
"0,269450306892395";"-0,477000594139099";"8,01144886016846";"0,00154357217252254";"-0,021134477108717";"0,0949160009622574"
"-0,100382328033447";"-0,547543406486511";"7,96085166931152";"-0,0062095932662487";"-0,042006965726614";"0,115556389093399"
"0,0926430225372314";"-0,138381123542786";"7,6581768989563";"-0,0226121209561825";"-0,0236555896699429";"0,132198303937912"
"0,302916049957275";"0,651252746582031";"7,88463354110718";"-0,0249670054763556";"0,00422864221036434";"0,161098599433899"
"0,472934246063232";"0,0265235900878906";"7,59907817840576";"-0,00100728590041399";"-0,00394545868039131";"0,174400299787521"
"-0,0603623390197754";"0,167877435684204";"7,56572103500366";"-0,00353881530463696";"-0,0380713418126106";"0,175644487142563"
"0,11225700378418";"0,0864677429199219";"7,21410322189331";"-0,0133430641144514";"-0,0274825133383274";"0,198430180549622"
"0,661130905151367";"0,13188624382019";"7,67910003662109";"-0,0219288859516382";"0,00806071236729622";"0,21635028719902"
"0,928874492645264";"0,0378410816192627";"7,37984657287598";"0,00431427359580994";"-0,00160153210163116";"0,222370326519012"
"0,131016254425049";"-0,523431062698364";"7,79161930084229";"0,00463800970464945";"-0,040493942797184";"0,184639990329742"
"0,167282819747925";"-1,0453679561615";"7,51372766494751";"-0,00418887287378311";"-0,033018384128809";"0,156857669353485"
"0,740144491195679";"-0,505850076675415";"8,06999778747559";"-0,0245386697351933";"-0,00117505714297295";"0,153124079108238"
"0,547782182693481";"-0,552106142044067";"7,50882434844971";"-0,00211545173078775";"-0,00850603543221951";"0,125409156084061"
"-0,0476200580596924";"-0,166270136833191";"7,94820022583008";"0,000987623818218708";"-0,0361680835485458";"0,129508793354034"
"-0,0129621028900146";"-0,113851547241211";"7,54699563980103";"-0,000682353042066097";"-0,0337843522429466";"0,15554466843605"
"0,474082946777344";"-0,0293477773666382";"7,89809560775757";"-0,0279089845716953";"0,00234943814575672";"0,160869345068932"
"0,553916454315186";"0,35560929775238";"7,7426700592041";"-0,00797660183161497";"0,00205051712691784";"0,171516016125679"
"0,00128889083862305";"0,394071578979492";"7,27386522293091";"0,00630280002951622";"-0,0243532285094261";"0,187884107232094"
"0,127162456512451";"-0,209041595458984";"7,59653568267822";"0,00340542662888765";"-0,0360516086220741";"0,178901746869087"
"0,459814548492432";"0,188978910446167";"7,28588438034058";"-0,0192033760249615";"-0,00607654079794884";"0,20445990562439"
"0,822156429290771";"0,0281455516815186";"7,35237884521484";"-0,00940743368119001";"0,000655330717563629";"0,201226890087128"
"0,818347930908203";"-0,188246726989746";"7,50186967849731";"-0,000918174162507057";"-0,0109959375113249";"0,208077847957611"
"0,0513160228729248";"-0,671841859817505";"7,21280288696289";"0,00231328886002302";"-0,0413733869791031";"0,180254846811295"
"0,367256879806519";"-0,763883233070374";"7,49834728240967";"-0,0100987423211336";"-0,0246358346194029";"0,168628007173538"
"0,554205656051636";"0,0598353147506714";"7,84683895111084";"-0,0257858317345381";"0,00723325274884701";"0,146375358104706"
"0,65631365776062";"-0,0186039209365845";"7,61283302307129";"-0,00570208393037319";"-0,00808520242571831";"0,138905882835388"
"-0,233066320419312";"-0,408673167228699";"7,891037940979";"-0,00754696503281593";"-0,0522452853620052";"0,138672858476639"
"-0,0184578895568848";"-0,431121110916138";"7,2630820274353";"-0,00731032155454159";"-0,0341625809669495";"0,166727066040039"
"0,385819911956787";"0,550332307815552";"7,89042663574219";"-0,023570129647851";"0,0150462379679084";"0,150039494037628"
"0,440292596817017";"0,786959886550903";"7,62594842910767";"-0,00740398373454809";"0,00504558533430099";"0,17802582681179"
"-0,215918064117432";"0,244452953338623";"7,85654735565186";"0,00292448420077562";"-0,0458765476942062";"0,185792833566666"
"0,0306777954101563";"-0,0654838085174561";"7,21593141555786";"-0,00281904265284538";"-0,034832589328289";"0,204440534114838"
"0,641193389892578";"-0,267502546310425";"7,53470516204834";"-0,0207729153335094";"0,00741127878427505";"0,205817013978958"
"0,976508140563965";"0,180649042129517";"7,39565515518188";"-0,0087595721706748";"0,00866034999489784";"0,214697420597076"
"0,505997896194458";"-0,439937829971313";"7,73212242126465";"0,00302171241492033";"-0,031049245968461";"0,192988663911819"
"0,290619373321533";"-0,873869657516479";"7,17683601379395";"0,00201323442161083";"-0,0375716313719749";"0,183554425835609"
"0,680862903594971";"-0,434928894042969";"7,3343939781189";"-0,016721973195672";"-0,00688501074910164";"0,177042528986931"
"0,63277006149292";"-0,18443775177002";"7,54335165023804";"-0,0117434849962592";"0,000456415116786957";"0,14936551451683"
"0,339282751083374";"-0,196830868721008";"8,10182952880859";"-0,00783704034984112";"-0,0210680328309536";"0,145741626620293"
"0,0151445865631104";"-0,653150796890259";"7,74461269378662";"-0,00236610416322947";"-0,0448701269924641";"0,145076543092728"
"-0,126125574111938";"-0,220398426055908";"7,71096324920654";"-0,0122329648584127";"-0,0284109842032194";"0,149623468518257"
"0,349386215209961";"0,308681964874268";"8,17618751525879";"-0,00861253309994936";"0,00260433368384838";"0,142653957009315"
"0,395931243896484";"0,39088499546051";"7,36503934860229";"-0,00785849895328283";"0,000320367515087128";"0,159612387418747"
"-0,129494667053223";"0,279586791992188";"7,54127502441406";"-0,00585910957306623";"-0,042261578142643";"0,181644424796104"
"-0,0768027305603027";"0,127398729324341";"7,19574165344238";"-0,0109724262729287";"-0,034425400197506";"0,177778616547585"
"0,504093647003174";"0,557959318161011";"7,63537979125977";"-0,0147350179031491";"0,0107424948364496";"0,186481818556786"
"0,660629272460938";"0,640325546264648";"7,26559352874756";"-0,00343255698680878";"0,00848829001188278";"0,210043266415596"
"-0,00550365447998047";"0,477414846420288";"7,36248874664307";"-0,00172832235693932";"-0,0363764874637127";"0,212957710027695"
"0,0670723915100098";"-0,0460929870605469";"7,21571254730225";"-0,0107434093952179";"-0,0334046743810177";"0,200936645269394"
"0,751681566238403";"-0,27143669128418";"7,51378345489502";"-0,021663561463356";"0,00361074507236481";"0,188176244497299"
"0,819133281707764";"-0,108318567276001";"7,34026479721069";"-0,00620842166244984";"0,00329184159636498";"0,180774763226509"
"0,364856958389282";"-0,433017730712891";"7,549729347229";"-0,00145185180008411";"-0,0312445349991322";"0,154882296919823"
"0,036186695098877";"-0,459654092788696";"7,41760158538818";"-0,0102600771933794";"-0,0394921377301216";"0,140230029821396"
"0,0115282535552979";"-0,424672961235046";"7,6862998008728";"-0,0286701936274767";"-0,020686462521553";"0,112967535853386"
"0,588896751403809";"-0,0758777856826782";"7,91834926605225";"-0,00589718669652939";"-0,00314861349761486";"0,147174954414368"
"0,330913305282593";"0,170007586479187";"7,56124448776245";"-0,0019654855132103";"-0,0187205970287323";"0,136802494525909"
"-0,361307621002197";"-0,0727448463439941";"7,82463455200195";"-0,00271426979452372";"-0,0380552411079407";"0,134819209575653"
"-0,0212757587432861";"-0,0975596904754639";"7,41710138320923";"-0,0173975378274918";"-0,029988132417202";"0,16795089840889"
"0,354416608810425";"0,31739866733551";"7,80430364608765";"-0,00868476927280426";"0,00367861613631248";"0,173365354537964"
"0,311298847198486";"0,298158407211304";"7,24885559082031";"-0,00259108375757933";"-0,00172335840761662";"0,185272231698036"
"0,00966787338256836";"-0,0599594116210938";"7,02698516845703";"0,000788950361311436";"-0,0346674956381321";"0,200721591711044"
"0,0714764595031738";"-0,109896898269653";"6,76995897293091";"-0,0106986314058304";"-0,0229514725506306";"0,214674323797226"
"0,622076988220215";"0,0754926204681396";"7,02537727355957";"-0,0181941632181406";"0,00771422311663628";"0,1775181889534"
"0,865391731262207";"-0,180907726287842";"6,63996601104736";"-0,000589670613408089";"-0,0014888271689415";"0,184549301862717"
"-0,0595772266387939";"-0,453325986862183";"7,1648097038269";"-0,00471342355012894";"-0,0397608876228333";"0,168743193149567"
"0,118167877197266";"-0,960655093193054";"7,55811882019043";"-0,0143580855801702";"-0,0332008451223373";"0,139899909496307"
"0,642442464828491";"-0,306704998016357";"7,91928672790527";"-0,0202143043279648";"0,000177996233105659";"0,162446618080139"
"0,612076997756958";"-0,286930680274963";"7,59271907806396";"-0,00395434722304344";"-0,00561214424669743";"0,139383643865585"
"-0,0401098728179932";"-0,00699722766876221";"8,22800159454346";"0,00550156179815531";"-0,0371673740446568";"0,149986371397972"
"0,0674998760223389";"0,152334094047546";"7,6913595199585";"-0,00728698540478945";"-0,025348212569952";"0,164852410554886"
"0,437532663345337";"0,200158357620239";"7,9609260559082";"-0,0232712738215923";"0,000171951949596405";"0,171253979206085"
"0,45398473739624";"0,705571174621582";"7,40154838562012";"-0,0142173692584038";"0,00406730361282825";"0,183095589280128"
"0,18384838104248";"0,209420442581177";"7,37920904159546";"0,00204281788319349";"-0,0217855777591467";"0,193794578313828"
"0,305797576904297";"-0,0365877151489258";"7,38242197036743";"0,000533281825482845";"-0,0266861505806446";"0,20657667517662"
"0,5796217918396";"-0,394989967346191";"7,1374397277832";"-0,0160866416990757";"-0,00701245479285717";"0,198148250579834"
"0,811237335205078";"-0,0348732471466064";"7,34587621688843";"-0,0146045461297035";"0,000772327184677124";"0,202895194292068"
"0,631006717681885";"-0,341148614883423";"7,4526686668396";"0,00053828489035368";"-0,009873166680336";"0,175509035587311"
"0,0303254127502441";"-0,904296278953552";"7,19041109085083";"-0,0062149791046977";"-0,0409194082021713";"0,151502430438995"
"0,0925652980804443";"-0,913944125175476";"7,53435134887695";"-0,007987548597157";"-0,0308163743466139";"0,137126237154007"
"0,733897924423218";"-0,260756254196167";"7,65272951126099";"-0,0217772722244263";"0,00587734207510948";"0,128093391656876"
"0,514630317687988";"0,110927700996399";"7,7400336265564";"0,000843930058181286";"-0,00729217566549778";"0,132565662264824"
"-0,287152051925659";"-0,325437784194946";"7,91124296188354";"4,22624871134758E-05";"-0,0490993857383728";"0,139239430427551"
"-0,0294868946075439";"-0,551688194274902";"7,57334041595459";"-0,00370694231241941";"-0,0340723469853401";"0,161002531647682"
"0,243158102035522";"0,613552808761597";"7,79576063156128";"-0,0184549335390329";"0,0116302873939276";"0,159071534872055"
"0,432615756988525";"0,826887011528015";"7,27280139923096";"-0,00705595128238201";"0,0100196376442909";"0,187356740236282"
"-0,259239196777344";"0,213653802871704";"7,60085868835449";"0,000683407299220562";"-0,041037455201149";"0,18474417924881"
"-0,0132102966308594";"0,00902009010314941";"7,26484489440918";"-0,0063473591580987";"-0,0293385609984398";"0,195760667324066"
"0,727800846099854";"0,104269981384277";"7,43048763275146";"-0,020636910572648";"0,0154336197301745";"0,204343885183334"
"0,81529712677002";"0,266117811203003";"7,49668884277344";"-0,0111763682216406";"0,00699345394968987";"0,191273748874664"
"0,405468225479126";"-0,413583040237427";"7,81513929367065";"0,000595428049564362";"-0,0317915305495262";"0,181701466441154"
"0,0734155178070068";"-0,898021936416626";"7,41115427017212";"-0,00257569365203381";"-0,037422850728035";"0,188460886478424"
"0,563986539840698";"-0,951330184936523";"7,39483404159546";"-0,0185819156467915";"-0,0121868681162596";"0,175033912062645"
"0,732186317443848";"0,0542738437652588";"7,52956104278564";"-0,00987331755459309";"0,00415406562387943";"0,188106536865234"
"0,486935615539551";"-0,470669746398926";"7,62668800354004";"-0,0010575745254755";"-0,0181881263852119";"0,126475155353546"
"-0,0791692733764648";"-0,81532347202301";"7,65847158432007";"-0,00474221166223288";"-0,0448588877916336";"0,126901671290398"
"-0,0721843242645264";"-0,842247843742371";"7,73843717575073";"-0,0100669814273715";"-0,0383529514074326";"0,112970165908337"
"0,84750509262085";"-0,283021688461304";"8,0033483505249";"-0,0205196067690849";"0,0051006805151701";"0,137677907943726"
"0,517391681671143";"0,000804901123046875";"7,78653907775879";"-0,001967528834939";"0,00223344564437866";"0,134399980306625"
"-0,419795751571655";"-0,0662604570388794";"8,17401218414307";"-0,0036883344873786";"-0,0456193462014198";"0,141394540667534"
"-0,313056945800781";"-0,114121198654175";"7,22021961212158";"-0,0102337840944529";"-0,0390019901096821";"0,164617866277695"
"0,656470060348511";"0,282537698745728";"7,40421724319458";"-0,0147742368280888";"0,0156352408230305";"0,171837449073792"
"0,508733034133911";"0,641027331352234";"7,35817050933838";"0,00132489390671253";"0,0121619403362274";"0,180979341268539"
"0,0608439445495605";"0,28129768371582";"7,61955690383911";"5,85857778787613E-05";"-0,0313050709664822";"0,203203171491623"
"0,160804748535156";"-0,259610176086426";"7,1752667427063";"-0,00214655883610249";"-0,0347566045820713";"0,209459364414215"
"0,716516017913818";"-0,148991107940674";"7,58442640304565";"-0,015164659358561";"0,00876491703093052";"0,205780580639839"
"0,977265119552612";"-0,242627382278442";"7,11347246170044";"0,00461457762867212";"0,00437976606190205";"0,194104567170143"
"0,32549524307251";"-0,384241104125977";"8,00437164306641";"0,00999573897570372";"-0,027324128895998";"0,17118364572525"
"0,27553653717041";"-1,10073328018188";"7,46625423431396";"-0,00717442855238914";"-0,0307155549526215";"0,158435821533203"
"0,384844779968262";"-0,984807252883911";"7,96873664855957";"-0,0192407742142677";"-0,0179284829646349";"0,140857577323914"
"0,579009294509888";"-0,329666018486023";"7,43272638320923";"-0,00546519178897142";"-0,00313528999686241";"0,156441867351532"
"0,242713212966919";"0,0320123434066772";"7,62251234054565";"0,00134539604187012";"-0,00974998809397221";"0,137326091527939"
"-0,0559310913085938";"0,124717712402344";"7,44689035415649";"-0,00244020111858845";"-0,0318595916032791";"0,174448311328888"
"-0,0047910213470459";"0,145540237426758";"7,33638191223145";"-0,0161801502108574";"-0,0221033431589603";"0,171444207429886"
"0,474545240402222";"0,569555759429932";"7,72402715682983";"-0,00681542418897152";"0,00256343930959702";"0,16569596529007"
"0,636068820953369";"0,265972852706909";"7,37073993682861";"0,00360472965985537";"-0,00111590884625912";"0,172055304050446"
"-0,0112366676330566";"0,380252122879028";"7,38814878463745";"-0,00298832729458809";"-0,0384321622550488";"0,197549015283585"
"0,197138786315918";"-0,131158828735352";"6,76246213912964";"-0,0166773572564125";"-0,0272300075739622";"0,188366144895554"
"0,686268329620361";"0,101540088653564";"7,70500659942627";"-0,0165207032114267";"-0,000493772327899933";"0,200515478849411"
"0,897144556045532";"-0,381289958953857";"7,19870281219482";"0,0043794009834528";"-0,00383305177092552";"0,193801954388618"
"0,283563613891602";"-0,673149585723877";"7,49560070037842";"-0,00107166636735201";"-0,0387108363211155";"0,182962834835052"
"0,269403457641602";"-0,817984700202942";"7,51914215087891";"-0,00559026189148426";"-0,0293822679668665";"0,170958191156387"
"0,583671569824219";"-0,473884701728821";"7,83628034591675";"-0,0192469526082277";"-0,007435018196702";"0,169869393110275"
"0,595689296722412";"-0,538622975349426";"7,98226547241211";"-0,00461813155561686";"-0,00456005334854126";"0,149227857589722"
"0,157612800598145";"-0,437632203102112";"8,00106716156006";"0,00377990957349539";"-0,0321732386946678";"0,138065010309219"
"-0,0051727294921875";"-0,638309717178345";"7,22686767578125";"-0,00520049128681421";"-0,0314615145325661";"0,139174282550812"
"0,396267652511597";"-0,000780940055847168";"7,71930694580078";"-0,0195520967245102";"-0,0132771357893944";"0,157060101628304"
"0,525703430175781";"0,336036086082459";"7,44045209884644";"-0,00721630081534386";"-0,00467188842594624";"0,143370747566223"
"0,0675199031829834";"0,37455940246582";"7,70317649841309";"0,00654914043843746";"-0,0157565735280514";"0,154693886637688"
"-0,193326950073242";"0,420785188674927";"7,22614002227783";"-9,57939773797989E-05";"-0,032425332814455";"0,185550421476364"
"0,164976358413696";"0,242411851882935";"7,08862590789795";"-0,0232076197862625";"-0,0200181435793638";"0,17757074534893"
"0,769587755203247";"0,366595506668091";"7,56936073303223";"-0,0157143846154213";"0,00765290483832359";"0,17235741019249"
"0,477241039276123";"0,183183431625366";"7,54341459274292";"0,00597802456468344";"-0,00865379348397255";"0,192586645483971"
"-0,00916862487792969";"-0,113468170166016";"7,38187408447266";"0,00207378063350916";"-0,0456226617097855";"0,184534773230553"
"0,285047054290771";"-0,462419271469116";"6,93892621994019";"-0,00474502705037594";"-0,0246562398970127";"0,208501607179642"
"0,692466974258423";"-0,0969195365905762";"7,53957605361938";"-0,0141212809830904";"0,00941707938909531";"0,185845911502838"
"0,762253046035767";"-0,181431531906128";"6,95620536804199";"-0,000939259305596352";"-0,00959304720163345";"0,174590706825256"
"-0,0779933929443359";"-0,593090534210205";"7,6827974319458";"0,000807729549705982";"-0,0448051914572716";"0,17656072974205"
"0,204673528671265";"-1,08689844608307";"7,23177194595337";"0,00311987288296223";"-0,0326506197452545";"0,152375146746635"
"0,82630729675293";"-0,372473359107971";"7,77250719070435";"-0,0196476485580206";"0,0044048223644495";"0,148581087589264"
"0,719429492950439";"-0,278056502342224";"7,81054162979126";"-0,00857423525303602";"-0,00941945426166058";"0,134759277105331"
"-0,142550706863403";"-0,299247264862061";"8,08344650268555";"0,00412181299179792";"-0,0425267033278942";"0,133690968155861"
"-0,0425910949707031";"-0,262737154960632";"7,50139427185059";"0,00274808332324028";"-0,0414326936006546";"0,148689895868301"
"0,530061006546021";"0,109776139259338";"7,46675777435303";"-0,0142959887161851";"-0,00188905373215675";"0,152071714401245"
"0,528776168823242";"0,507541537284851";"7,59318065643311";"-0,020956601947546";"0,00339971669018269";"0,151842817664146"
"0,0311117172241211";"0,524334192276001";"7,59607124328613";"-0,000663439743220806";"-0,0202647671103477";"0,181762531399727"
"-0,18580174446106";"-0,122033834457397";"7,58861017227173";"-0,0122734485194087";"-0,0409096777439117";"0,177151396870613"
"0,0702252388000488";"-0,120478630065918";"7,24508428573608";"-0,0150966718792915";"-0,0189548879861832";"0,183942332863808"
"0,66192102432251";"0,403441429138184";"7,23130893707275";"-0,016278276219964";"0,00933831557631493";"0,200413972139359"
"0,609347820281982";"0,256141185760498";"7,37816619873047";"-0,00124833919107914";"-0,00743510387837887";"0,201907604932785"
"0,043830394744873";"-0,184906721115112";"7,47519063949585";"0,00406608823686838";"-0,0465053990483284";"0,192300245165825"
"0,195502758026123";"-0,459363460540771";"7,65439176559448";"-0,0129898926243186";"-0,0279176607728004";"0,205587714910507"
"0,964982271194458";"-0,442522048950195";"7,97012376785278";"-0,0203424096107483";"0,010941268876195";"0,195884317159653"
"0,755467414855957";"-0,451313138008118";"7,24163722991943";"-0,00206516403704882";"-0,00460399314761162";"0,163479790091515"
"0,02083420753479";"-0,874691605567932";"7,97015523910522";"-0,00318027846515179";"-0,0481259599328041";"0,141222804784775"
"-0,223782539367676";"-0,810194492340088";"7,64806270599365";"-0,00737449061125517";"-0,0438979715108871";"0,131313160061836"
"0,64617133140564";"-0,306883335113525";"7,42479848861694";"-0,0186865832656622";"8,41934233903885E-05";"0,167598009109497"
"0,767285108566284";"-0,236681342124939";"7,62977361679077";"0,00180978141725063";"-0,000771712511777878";"0,150971472263336"
"-0,160792112350464";"-0,252423286437988";"8,02862167358398";"-0,00204867217689753";"-0,0356135070323944";"0,123702734708786"
"-0,204970836639404";"-0,32390570640564";"7,58015441894531";"-0,000341586768627167";"-0,0407385639846325";"0,158147796988487"
"0,25618314743042";"-0,00873780250549316";"7,65418672561646";"-0,02544229850173";"-0,00466863065958023";"0,157883137464523"
"0,519614696502686";"0,521049857139587";"7,93062782287598";"-0,00721594598144293";"0,0030365101993084";"0,156674921512604"
"0,125856399536133";"0,553767561912537";"7,55274248123169";"-0,00201855041086674";"-0,0118032526224852";"0,186399981379509"
"0,0478639602661133";"0,314071655273438";"7,37135982513428";"-0,00746119953691959";"-0,0340708717703819";"0,187519192695618"
"0,0706720352172852";"0,434900283813477";"7,05209589004517";"-0,0197865981608629";"-0,0197489354759455";"0,186621591448784"
"0,521311521530151";"0,377305388450623";"7,33601808547974";"-0,00919316057115793";"0,000173935666680336";"0,184774339199066"
"0,694159507751465";"-0,0529310703277588";"7,22696876525879";"-0,000870923511683941";"-0,00591291300952435";"0,203397914767265"
"0,0856702327728271";"-0,222941875457764";"7,52209758758545";"-0,00294091273099184";"-0,0346052423119545";"0,179657593369484"
"0,114171266555786";"-0,626945734024048";"7,41056537628174";"-0,0177646670490503";"-0,0324183851480484";"0,179654881358147"
"0,677248477935791";"-0,325424432754517";"7,99193334579468";"-0,0154302623122931";"-0,00279352068901062";"0,178372129797935"
"0,836338758468628";"-0,406114935874939";"7,20062828063965";"0,00404909253120422";"-0,00549433007836342";"0,170449182391167"
"-0,0112566947937012";"-0,770953297615051";"7,54448652267456";"-0,00106628425419331";"-0,0447672456502914";"0,146420910954475"
"0,0669376850128174";"-1,05736458301544";"7,19448184967041";"-0,00847101397812366";"-0,0394232049584389";"0,129906877875328"
"0,421195507049561";"-0,147090315818787";"7,78123903274536";"-0,0199299454689026";"-0,00454100407660007";"0,145728215575218"
"0,767928838729858";"-0,0800521373748779";"7,11581897735596";"-0,00354320555925369";"-0,00617749616503716";"0,140058159828186"
"0,039217472076416";"-0,610495567321777";"7,97837018966675";"0,00164098385721445";"-0,0403225719928741";"0,129516780376434"
"-0,0478935241699219";"-0,566738963127136";"7,36770963668823";"-0,0070031126961112";"-0,0389521047472954";"0,12785792350769"
"0,344025373458862";"0,156622767448425";"7,89958810806274";"-0,0279246047139168";"-0,00559940189123154";"0,143690600991249"
"0,553171396255493";"0,636747241020203";"7,46146392822266";"-0,0125071797519922";"-0,00119227543473244";"0,153413012623787"
"0,174343109130859";"0,0340800285339355";"7,67972373962402";"0,00548843573778868";"-0,0228981208056211";"0,176728740334511"
"-0,121147155761719";"0,174418926239014";"7,30238389968872";"-0,00384604837745428";"-0,0350860878825188";"0,172152414917946"
"0,137355804443359";"0,276223182678223";"7,24391794204712";"-0,0277327764779329";"-0,0148337259888649";"0,175368368625641"
"0,644137144088745";"0,354609251022339";"7,28999519348145";"-0,015995416790247";"0,00355724059045315";"0,176034301519394"
"0,602756977081299";"0,21947455406189";"7,46866798400879";"0,00531146768480539";"-0,0133723858743906";"0,19812861084938"
"0,0839505195617676";"-0,185210704803467";"7,49092531204224";"0,00330169685184956";"-0,0411677956581116";"0,192497104406357"
"0,443553924560547";"-0,5206458568573";"6,97787237167358";"-0,0105743110179901";"-0,0245630666613579";"0,182324886322021"
"0,969238042831421";"-0,242231726646423";"7,75741672515869";"-0,0259210132062435";"0,00902428571134806";"0,163418218493462"
"0,936664581298828";"-0,516670703887939";"7,51928329467773";"0,00169634632766247";"-0,0107541996985674";"0,156824544072151"
"-0,00645923614501953";"-0,684687852859497";"7,85736513137817";"-0,0022074319422245";"-0,0496859662234783";"0,137384414672852"
"0,0750007629394531";"-1,00033950805664";"7,38065099716187";"-0,00508720614016056";"-0,0366338565945625";"0,153445214033127"
"0,626168966293335";"-0,150882482528687";"7,38281488418579";"-0,0261531863361597";"0,00459631159901619";"0,152421712875366"
"0,658454656600952";"0,0714230537414551";"7,22589588165283";"-0,00595178082585335";"-0,000105381011962891";"0,152629375457764"
"-0,0760288238525391";"-0,0867685079574585";"7,98214387893677";"0,00104439910501242";"-0,039870910346508";"0,134540840983391"
"-0,109718561172485";"-0,0993144512176514";"7,51428556442261";"0,00138861872255802";"-0,0429768860340118";"0,139622449874878"
"0,42108154296875";"0,210333824157715";"7,5600757598877";"-0,0210450142621994";"0,00176561065018177";"0,178207904100418"
"0,433697462081909";"0,584876179695129";"7,56839275360107";"-0,0157324373722076";"0,00479600578546524";"0,145918488502502"
"-0,0480728149414063";"0,369325518608093";"7,44352054595947";"-0,00142168626189232";"-0,0236091539263725";"0,171685695648193"
"-0,165996789932251";"-0,161677837371826";"7,30643367767334";"-0,00671045389026403";"-0,0429470241069794";"0,17178937792778"
"0,26719856262207";"0,00145268440246582";"6,99619770050049";"-0,00985162425786257";"-0,0181032344698906";"0,189451843500137"
"0,744729042053223";"0,293579816818237";"7,1905083656311";"-0,0148385390639305";"0,0113463904708624";"0,192478716373444"
"0,626952171325684";"0,11008620262146";"7,44825267791748";"0,00209571793675423";"-0,00469422526657581";"0,203655034303665"
"0,00595808029174805";"-0,304062128067017";"7,19230175018311";"-0,00474521331489086";"-0,0462131574749947";"0,176767826080322"
"0,341069221496582";"-0,54528284072876";"7,01707553863525";"-0,0109503073617816";"-0,0257228873670101";"0,196629032492638"
"0,866632223129272";"-0,452728509902954";"7,57462692260742";"-0,0147467078641057";"0,00556233152747154";"0,160902321338654"
"0,920610666275024";"-0,374443531036377";"7,3228645324707";"-0,0119512863457203";"0,00155290402472019";"0,155279636383057"
"0,0132617950439453";"-0,760645389556885";"7,72853374481201";"-0,00648340303450823";"-0,0442009940743446";"0,134802132844925"
"-0,0406420230865479";"-0,809571385383606";"7,53572750091553";"-0,0148962186649442";"-0,0414242520928383";"0,130297958850861"
"0,728070497512817";"-0,382366418838501";"7,58415269851685";"-0,0214139577001333";"0,00143837369978428";"0,129457026720047"
"0,599255323410034";"-0,0909320116043091";"7,50944375991821";"-0,00956933572888374";"0,000797184184193611";"0,122488714754581"
"-0,10103440284729";"0,166764974594116";"8,32126522064209";"-0,00527251325547695";"-0,0358012467622757";"0,140879079699516"
"0,471881330013275";"-0,614197313785553";"6,88550090789795";"0,0222033187747002";"-0,0184769313782454";"0,0329750366508961"
"-0,284041821956635";"-0,141232997179031";"5,98820161819458";"-0,0292647760361433";"-0,0431509651243687";"-0,0169129278510809"
"0,603196859359741";"0,276402115821838";"5,96955966949463";"-0,0186339002102613";"0,0048018847592175";"-0,0188363064080477"
"0,587329506874084";"0,263036072254181";"5,17420148849487";"-0,0214055385440588";"0,00433767633512616";"-0,0188560299575329"
"0,433161824941635";"0,058442085981369";"4,68551874160767";"-0,0109060360118747";"-0,00153770949691534";"-0,0177763383835554"
"0,200158208608627";"0,0288223028182983";"4,41652870178223";"-0,00761081138625741";"-0,0104830898344517";"-0,0148699413985014"
"0,157164484262466";"-0,0898983925580978";"4,14654016494751";"-0,00633075553923845";"-0,0169506296515465";"-0,0185275673866272"
"0,09927698969841";"-0,320168197154999";"3,73233485221863";"-0,000474777887575328";"-0,0172234643250704";"-0,0157680567353964"
"0,0679469704627991";"-0,35589936375618";"3,59396886825562";"0,0039664888754487";"-0,0170313771814108";"-0,0169298350811005"
"-0,0949532687664032";"-0,236196726560593";"3,48561477661133";"0,00190457701683044";"-0,027927877381444";"-0,0133210057392716"
"0,0917874574661255";"-0,200296074151993";"2,80717992782593";"0,00511909136548638";"-0,0193857457488775";"-0,0181431360542774"
"0,302034616470337";"-0,465672105550766";"2,57850456237793";"0,0132170831784606";"-0,00869511626660824";"-0,00712681235745549"
"0,357529908418655";"-0,163598477840424";"2,51753449440002";"0,00905357114970684";"0,00640000402927399";"-0,0122874854132533"
"0,371324777603149";"0,163410097360611";"2,46083354949951";"-0,0170447770506144";"0,0091556441038847";"-0,0149775361642241"
"0,0740105360746384";"0,197961196303368";"1,87184250354767";"-0,0239468980580568";"-0,0116769503802061";"-0,0145029900595546"
"-0,185872882604599";"-0,18269445002079";"2,18974304199219";"-0,00115769845433533";"-0,0345332771539688";"-0,0144370906054974"
"0,0732210278511047";"-0,467236220836639";"1,4071056842804";"0,0260666478425264";"-0,0115832630544901";"-0,0140482736751437"
"0,510306119918823";"-0,023029237985611";"1,77805066108704";"-0,00356987677514553";"0,0211126171052456";"-0,0155709432438016"
"0,158103659749031";"0,310466349124908";"1,03973126411438";"-0,0330163948237896";"-0,00593842286616564";"-0,0147268958389759"
"-0,213802605867386";"-0,38234406709671";"1,64667737483978";"0,0130854286253452";"-0,0346396528184414";"-0,0127124870195985"
"0,315679967403412";"-0,340463817119598";"0,971542656421661";"0,0201448164880276";"0,0103726321831346";"-0,0132290329784155"
"0,104094654321671";"0,387576222419739";"1,06146776676178";"-0,0342081412672997";"0,00249581295065582";"-0,0215911865234375"
"-0,171905189752579";"-0,292651951313019";"1,05240118503571";"0,00412259064614773";"-0,0350062251091003";"-0,0151467863470316"
"0,356932282447815";"-0,347095936536789";"0,752738296985626";"0,0206089802086353";"0,0174061767756939";"-0,012597544118762"
"0,0663796365261078";"0,442057549953461";"0,569543778896332";"-0,0372815392911434";"-0,00752008054405451";"-0,0137808145955205"
"-0,121298372745514";"-0,538388848304749";"0,776214301586151";"0,0231872051954269";"-0,0261860173195601";"-0,0127475261688232"
"0,421000927686691";"0,12091052532196";"0,746483445167542";"-0,00893483217805624";"0,0208328515291214";"-0,0146043840795755"
"-0,255896270275116";"0,114162519574165";"0,541095435619354";"-0,0149715049192309";"-0,033609863370657";"-0,0113706225529313"
"0,248493045568466";"-0,451216250658035";"0,351483643054962";"0,0254172850400209";"0,0142161604017019";"-0,0139986556023359"
"-0,0887155532836914";"0,361039221286774";"0,246696829795837";"-0,04068823158741";"-0,0139294471591711";"-0,0170495323836803"
"0,062734842300415";"-0,668282866477966";"0,212126508355141";"0,0341194719076157";"-0,00767979864031076";"-0,0101205054670572"
"0,121090047061443";"0,486987680196762";"0,250193268060684";"-0,0352989137172699";"0,00596266705542803";"-0,0129618523642421"
"-0,0875281989574432";"-0,507009983062744";"0,145532205700874";"0,026298651471734";"-0,0227000936865807";"-0,0112261865288019"
"0,316205084323883";"0,259284198284149";"0,13245353102684";"-0,0229393038898706";"0,0162012539803982";"-0,0133650712668896"
"-0,221445262432098";"-0,2909294962883";"0,16865448653698";"0,016253475099802";"-0,0268673524260521";"-0,011166132055223"
"0,410721719264984";"0,0657593011856079";"0,00105548184365034";"-0,0183013174682856";"0,0166719257831573";"-0,01068658195436"
"-0,196239709854126";"-0,305922150611877";"0,109410665929317";"0,0131398914381862";"-0,026328019797802";"-0,011928541585803"
"0,290235042572021";"0,234333381056786";"0,0297203026711941";"-0,0181302260607481";"0,0152625301852822";"-0,0115615893155336"
"-0,115915268659592";"-0,37718653678894";"0,0164815075695515";"0,0186238996684551";"-0,0206438638269901";"-0,0114961098879576"
"0,115224830806255";"0,316838383674622";"-0,0237502995878458";"-0,0282051842659712";"0,00622091302648187";"-0,0116831008344889"
"0,145346850156784";"-0,63516628742218";"-0,00239659938961267";"0,026006119325757";"-0,00617159157991409";"-0,00709524704143405"
"-0,066383570432663";"0,385024964809418";"-0,127301797270775";"-0,032781507819891";"-0,00908380374312401";"-0,0158366225659847"
"0,257091015577316";"-0,475880324840546";"-0,10223213583231";"0,0217160452157259";"0,00760564533993602";"-0,0131954476237297"
"-0,175558775663376";"0,182221189141273";"-0,0493621900677681";"-0,0202990230172873";"-0,022932555526495";"-0,0111931217834353"
"0,277113795280457";"-0,0702226758003235";"-0,139064714312553";"0,00571609707549214";"0,0170607343316078";"-0,0106293931603432"
"-0,119754552841187";"-0,169091373682022";"-0,225316449999809";"0,0032364628277719";"-0,0243497062474489";"-0,0127909537404776"
"0,0903907269239426";"0,201941341161728";"-0,411141663789749";"-0,0217612311244011";"0,00739849032834172";"-0,0121685173362494"
"0,147538244724274";"-0,37723833322525";"-0,212599381804466";"0,0236536394804716";"-0,00300802872516215";"-0,0131285144016147"
"-0,232311740517616";"0,219053208827972";"-0,232733502984047";"-0,0252007804811001";"-0,0183299034833908";"-0,0102894976735115"
"0,363743513822556";"-0,158477917313576";"-0,233755260705948";"0,00837782677263021";"0,0163855869323015";"-0,0155172236263752"
"-0,327205002307892";"0,0529620051383972";"-0,254588574171066";"0,00503147579729557";"-0,0214826501905918";"-0,00930830650031567"
"-0,0714923888444901";"0,20941486954689";"-0,49723681807518";"-0,0218358673155308";"0,000139393145218492";"-0,0128074279054999"
"0,460058391094208";"-0,319494724273682";"-0,302647799253464";"0,0195705238729715";"0,011406172066927";"-0,012964429333806"
"-0,502474844455719";"0,112185657024384";"-0,287444442510605";"-0,0119456760585308";"-0,0315531268715858";"-0,0105639519169927"
"0,35809138417244";"0,0640950500965118";"-0,455952525138855";"-0,0115308500826359";"0,0175682008266449";"-0,0120404977351427"
"0,107520014047623";"-0,318308651447296";"-0,482346683740616";"0,0192097462713718";"-0,00286884512752295";"-0,0125144142657518"
"-0,358414560556412";"0,0240270309150219";"-0,400878965854645";"-0,0175790172070265";"-0,0281714294105768";"-0,0102927861735225"
"0,626905679702759";"0,0331329703330994";"-0,429179549217224";"-0,00945253111422062";"0,0247317012399435";"-0,00969778187572956"
"-0,194718942046165";"-0,227661907672882";"-0,509376347064972";"0,0202465802431107";"-0,0135553274303675";"-0,00986344181001186"
"-0,256838351488113";"0,237680599093437";"-0,423409461975098";"-0,017358772456646";"-0,0210360251367092";"-0,0137989558279514"
"0,499825686216354";"0,0171619951725006";"-0,409939378499985";"-0,00896438304334879";"0,0216019470244646";"-0,0103488899767399"
"-0,128653109073639";"-0,261958718299866";"-0,600972771644592";"0,0175710264593363";"-0,0118232471868396";"-0,010961121879518"
"-0,138966083526611";"0,0251285210251808";"-0,437117487192154";"-0,0123119624331594";"-0,017958015203476";"-0,0104198595508933"
"0,270212769508362";"0,117583990097046";"-0,490052580833435";"-0,0136819100007415";"0,0111905494704843";"-0,00977750681340694"
"0,0756030380725861";"-0,213787481188774";"-0,621972739696503";"0,0149892773479223";"0,00040755164809525";"-0,0114006828516722"
"-0,164579659700394";"-0,153118297457695";"-0,43327733874321";"-0,00245080515742302";"-0,0206833221018314";"-0,0145302768796682"
"0,0477297864854336";"0,250362873077393";"-0,561904311180115";"-0,0191849321126938";"-0,000435291876783594";"-0,00589594012126327"
"0,108973398804665";"0,103711865842342";"-0,348756402730942";"0,00890045054256916";"0,0165139753371477";"-0,00582856684923172"
"-0,291898012161255";"-0,277181804180145";"-0,478690385818481";"0,0120717268437147";"-0,0154720321297646";"-0,00751490192487836"
"-0,179354518651962";"0,198648557066917";"-0,587335169315338";"-0,0147209661081433";"-0,0152243636548519";"-0,00887275207787752"
"0,301190465688705";"0,133397042751312";"-0,458062052726746";"-0,0122504765167832";"0,0138676203787327";"-0,00943857524544001"
"0,0721820294857025";"-0,223335981369019";"-0,638455510139465";"0,0147409308701754";"0,00113179022446275";"-0,0114920884370804"
"-0,1851586997509";"-0,235894188284874";"-0,507031917572021";"0,00495881820097566";"-0,0191003419458866";"-0,0107347648590803"
"-0,0436501950025558";"0,225262150168419";"-0,622164368629456";"-0,0205109771341085";"-0,00755901262164116";"-0,0112099917605519"
"0,260707855224609";"0,089107871055603";"-0,532351732254028";"-0,00565980141982436";"0,012993486598134";"-0,0118347238749266"
"0,0708384215831757";"-0,349952876567841";"-0,578940093517303";"0,0155258495360613";"-0,00114326388575137";"-0,0105436816811562"
"-0,232044622302055";"-0,146749496459961";"-0,545290768146515";"0,00310608977451921";"-0,0199288334697485";"-0,00950891058892012"
"-0,00448877364397049";"0,314330875873566";"-0,633654654026031";"-0,0211483389139175";"-0,00667999777942896";"-0,0102957198396325"
"0,228659152984619";"0,0181581676006317";"-0,573650896549225";"-0,00529739493504167";"0,011853089556098";"-0,0107087846845388"
"0,104314178228378";"-0,351121217012405";"-0,608975291252136";"0,0157998315989971";"0,00271261413581669";"-0,00972937978804111"
"-0,163964956998825";"-0,161935120820999";"-0,513014495372772";"0,00459468364715576";"-0,0177830699831247";"-0,015121485106647"
"-0,122650399804115";"0,244832172989845";"-0,6215740442276";"-0,0171642042696476";"-0,0130174439400434";"-0,00905841216444969"
"0,205287262797356";"0,0706688314676285";"-0,544526040554047";"-0,0101015707477927";"0,00844038929790258";"-0,00570621900260448"
"0,173040822148323";"-0,149636387825012";"-0,63888955116272";"0,00836117751896381";"0,00810882728546858";"-0,010161604732275"
"-0,0136137008666992";"-0,173493713140488";"-0,606013834476471";"0,00942241493612528";"-0,00803083367645741";"-0,0115302270278335"
"-0,208271741867065";"-0,00259747356176376";"-0,590656101703644";"-0,0041964310221374";"-0,0177557244896889";"-0,0101484172046185"
"-0,0331650525331497";"0,0979542881250381";"-0,642655253410339";"-0,013616880401969";"-0,005208277143538";"-0,0100981844589114"
"0,223639860749245";"0,0356396734714508";"-0,572971880435944";"-0,00700938887894154";"0,0090440297499299";"-0,0102685829624534"
"0,139654472470284";"-0,140325233340263";"-0,613140106201172";"0,00710311904549599";"0,0046039242297411";"-0,00991672184318304"
"-0,0273438394069672";"-0,252246588468552";"-0,60545414686203";"0,00942374486476183";"-0,00913537759333849";"-0,010026665404439"
"-0,257569909095764";"-0,0568777993321419";"-0,539544463157654";"-0,00567553378641605";"-0,0168997943401337";"-0,0157670620828867"
"-0,0805654376745224";"0,0706349611282349";"-0,665981590747833";"-0,0175288878381252";"-0,00899290479719639";"-0,0147054241970181"
"0,209732219576836";"0,0657422542572021";"-0,634838461875916";"-0,00752341048792005";"0,0091667901724577";"-0,00830310955643654"
"0,188695937395096";"-0,133700579404831";"-0,649456083774567";"0,00546885188668966";"0,00692732539027929";"-0,0112666888162494"
"-0,0128616839647293";"-0,186453372240067";"-0,646993100643158";"0,00941557716578245";"-0,00429442198947072";"-0,00734364613890648"
"-0,163164913654327";"-0,0988087430596352";"-0,57633775472641";"0,00343869486823678";"-0,0153535529971123";"-0,0112195201218128"
"-0,136858895421028";"0,0599615536630154";"-0,571484506130219";"-0,00757318316027522";"-0,0126095227897167";"-0,00838562659919262"
"0,104440331459045";"0,0827267318964005";"-0,683395683765411";"-0,014031476341188";"0,00140658183954656";"-0,0124495103955269"
"0,185418665409088";"-0,05179812759161";"-0,65242600440979";"-0,004822445102036";"0,00758749339729548";"-0,00625001918524504"
"0,089740514755249";"-0,117324560880661";"-0,624341130256653";"0,00582860503345728";"0,00287761888466775";"-0,011255357414484"
"-0,0153195261955261";"-0,185537576675415";"-0,624311983585358";"0,00702679390087724";"-0,00510546611621976";"-0,00930762477219105"
"-0,109740734100342";"-0,0631881728768349";"-0,62075287103653";"0,00313404621556401";"-0,0100584961473942";"-0,00973996985703707"
"-0,0903134793043137";"0,0116120055317879";"-0,614073812961578";"-0,00548502895981073";"-0,010807441547513";"-0,0104694413021207"
"-0,0144271999597549";"0,0804289728403091";"-0,666326999664307";"-0,0102857956662774";"-0,00505609344691038";"-0,0103152366355062"
"0,0649323165416718";"0,0652597919106483";"-0,638187825679779";"-0,00820872280746698";"0,00306590087711811";"-0,00836793333292007"
"0,145924359560013";"-0,0379678010940552";"-0,576051831245422";"-0,000633445743005723";"0,00542309926822782";"-0,00643371324986219"
"0,0932691693305969";"-0,135882124304771";"-0,648404002189636";"0,00470671197399497";"0,00229147402569652";"-0,0100845731794834"
"0,00911235809326172";"-0,153222233057022";"-0,639179825782776";"0,00568045070394874";"-0,00340028153732419";"-0,0111371800303459"
"-0,107633918523788";"-0,0852282792329788";"-0,591160476207733";"0,00412330310791731";"-0,0104504646733403";"-0,00931268651038408"
"-0,112382262945175";"-0,0377680584788322";"-0,625316619873047";"-0,00213112914934754";"-0,0126636242493987";"-0,00867809541523457"
"-0,0454486608505249";"0,0839732959866524";"-0,626776397228241";"-0,00950393732637167";"-0,00727642793208361";"-0,0101523716002703"
"0,0684585124254227";"0,0889760255813599";"-0,66261225938797";"-0,0105811916291714";"-0,000486515578813851";"-0,00893278885632753"
"0,086650624871254";"0,0194378942251205";"-0,588159799575806";"-0,00523725058883429";"0,00394887570291758";"-0,0120911207050085"
"0,113015085458755";"-0,0201946049928665";"-0,625322222709656";"0,000244220660533756";"0,00389548693783581";"-0,00944521464407444"
"0,0796405971050262";"-0,099700927734375";"-0,615321397781372";"0,00342195760458708";"0,00118238711729646";"-0,0134875401854515"
"0,0300341248512268";"-0,141624093055725";"-0,646250486373901";"0,0051832003518939";"-0,00221684388816357";"-0,00882412120699883"
"-0,0639985948801041";"-0,116991139948368";"-0,652090191841125";"0,00466562295332551";"-0,00669393967837095";"-0,00933200120925903"
"-0,0861851871013641";"-0,0898890644311905";"-0,614082038402557";"0,00161853968165815";"-0,010763774625957";"-0,00974559411406517"
"-0,0712308064103127";"0,0476710982620716";"-0,605678915977478";"-0,00386341707780957";"-0,0103783737868071";"-0,00344429165124893"
"-0,0268205720931292";"-0,0490004606544971";"-0,642039895057678";"-0,00752187753096223";"-0,00639223493635654";"-0,00141872628591955"
"0,0140838902443647";"0,0946454331278801";"-0,553434014320374";"-0,00760253984481096";"-0,00174569746013731";"-0,000988457351922989"
"0,044637992978096";"0,0727212429046631";"-0,654877662658691";"-0,00797769613564014";"0,000912360497750342";"-0,0111116701737046"
"0,0936758667230606";"-0,00112810730934143";"-0,617336988449097";"-0,00460188556462526";"0,00258976081386209";"-0,00855757482349873"
"0,112836435437202";"-0,0407709777355194";"-0,63421893119812";"-0,000133809400722384";"0,00314895762130618";"-0,0103597939014435"
"0,0878158509731293";"-0,0793551355600357";"-0,63433963060379";"0,00233360938727856";"0,00143696030136198";"-0,00876445323228836"
"0,0528182983398438";"-0,0986513644456863";"-0,622737944126129";"0,00296278716996312";"-0,00120688381139189";"-0,00935109704732895"
"-0,00188471376895905";"-0,123856417834759";"-0,614629507064819";"0,00427353382110596";"-0,0038252049125731";"-0,00897947326302528"
"-0,0358803868293762";"-0,111201591789722";"-0,634117126464844";"0,00440052803605795";"-0,0068611279129982";"-0,00896396860480309"
"-0,0403387397527695";"-0,0877609401941299";"-0,610781073570251";"0,00121171330101788";"-0,00805480778217316";"-0,00919512659311295"
"-0,0693536102771759";"-0,0664525926113129";"-0,617711186408997";"-0,00106954132206738";"-0,00980479829013348";"-0,00854042824357748"
"-0,0994631052017212";"-0,0234109088778496";"-0,588337004184723";"-0,00394945545122027";"-0,00985895469784737";"-0,00949263572692871"
"-0,0486281663179398";"0,00889725238084793";"-0,613376796245575";"-0,00625168299302459";"-0,00694277230650187";"-0,00901232752948999"
"-0,0443438589572906";"0,0287201553583145";"-0,627799272537231";"-0,00706196017563343";"-0,00527713820338249";"-0,00869359169155359"
"0,00784356892108917";"0,0400608405470848";"-0,598288893699646";"-0,00782911386340857";"-0,00251864921301603";"-0,0102802095934749"
"0,0455379635095596";"0,0611613467335701";"-0,604028463363647";"-0,00676919985562563";"-0,000951691879890859";"-0,00907603558152914"
"0,0694870501756668";"0,0339202806353569";"-0,628518760204315";"-0,00477526616305113";"0,00266182236373425";"-0,00827429816126823"
"0,0713830292224884";"-0,00406794250011444";"-0,567159593105316";"-0,00233197887428105";"0,00190160877536982";"-0,00968172214925289"
"0,0488629192113876";"-0,0413789451122284";"-0,607673943042755";"-0,00100362848024815";"0,000812385347671807";"-0,00775986164808273"
"0,073204979300499";"-0,0466367080807686";"-0,5757976770401";"0,000166965299285948";"0,00105622224509716";"-0,00894344411790371"
"0,0181735903024673";"-0,0656083300709724";"-0,62088805437088";"0,0021681145299226";"-0,000989587395451963";"-0,00903499033302069"
"0,0328922271728516";"-0,0758112967014313";"-0,606614887714386";"0,00174363772384822";"-0,00228149211034179";"-0,00837734993547201"
"0,0104047209024429";"-0,0552522391080856";"-0,600732386112213";"0,00126011739484966";"-0,00183826789725572";"-0,00946236308664083"
"0,00490894913673401";"-0,0472217835485935";"-0,586217045783997";"2,44828988797963E-05";"-0,00381349166855216";"-0,00724788755178452"
"-0,00180371105670929";"-0,0623799711465836";"-0,589869141578674";"0,00157305877655745";"-0,00494865700602531";"-0,00933282356709242"
"-0,0026865154504776";"-0,0582232102751732";"-0,576613664627075";"0,00018698675557971";"-0,0048363683745265";"-0,00872714072465897"
"-0,00839261710643768";"-0,0332483574748039";"-0,560772597789764";"-0,000925316999200732";"-0,00479175103828311";"-0,00784575380384922"
"0,00166846811771393";"-0,0248889774084091";"-0,575002193450928";"-0,000903650477994233";"-0,00528498599305749";"-0,00838363263756037"
"-0,0260079652070999";"-0,0376084968447685";"-0,594729423522949";"-0,000395212613511831";"-0,00672327680513263";"-0,0107111530378461"
"0,00373509526252747";"-0,0257481932640076";"-0,581557095050812";"-0,00136671494692564";"-0,00636310642585158";"-0,0118339862674475"
"0,00773516297340393";"-0,0200232118368149";"-0,532940149307251";"-0,00213372684083879";"-0,00426427181810141";"-0,00697009637951851"
"0,00476305186748505";"0,00664066895842552";"-0,561092436313629";"-0,00365322316065431";"-0,00410196464508772";"-0,00461814925074577"
"-0,00716355443000793";"-0,0521773248910904";"-0,586457669734955";"-0,00130030617583543";"-0,0065706754103303";"-0,0149085205048323"
"-0,00481370091438293";"-0,0241094194352627";"-0,553496599197388";"-0,00277545489370823";"-0,00410653557628393";"-0,00662342179566622"
"0,00244951993227005";"-0,00127660855650902";"-0,559388101100922";"-0,00311173358932137";"-0,00287705031223595";"-0,00419441424310207"
"0,00584863871335983";"0,00739104487001896";"-0,546990692615509";"-0,00311622302979231";"-0,00257051340304315";"-0,00194966560229659"
"0,0144687704741955";"-0,0143596492707729";"-0,533983945846558";"-0,00243596988730133";"-0,0022320153657347";"-0,00187003286555409"
"-0,00224384665489197";"-0,0178226586431265";"-0,55095899105072";"-0,00200421409681439";"-0,0033755642361939";"-0,00317514431662858"
"-0,00472230091691017";"-0,0053755845874548";"-0,563964784145355";"-0,0019309613853693";"-0,00350661063566804";"-0,00197650445625186"
"-0,0108663365244865";"-0,017515879124403";"-0,571475028991699";"-0,00150012853555381";"-0,00343045801855624";"-0,00228131003677845"
"-0,011384129524231";"-0,0190834365785122";"-0,572475671768188";"-0,000340293801855296";"-0,00541133526712656";"-0,00249107275158167"
"-0,0209948159754276";"-0,00636202841997147";"-0,557256400585175";"0,000274263409664854";"-0,0061417194083333";"-0,00142545031849295"
