Force X (N);Force Y (N);Force Z (N);Torque X (N-m);Torque Y (N-m);Torque Z (N-m);Frequency = 1000;Averaging Level = 16;F/T Serial Number = FT38684;Time Started = 20.12.2023 14:13:52
-0.00734406104311347;-0.00451523065567017;0.0831459388136864;4.42668970208615E-05;0.000731132924556732;-0.000319228216540068
-0.00465247547253966;-0.0105838775634766;0.0995420664548874;-0.00064425723394379;0.000244111870415509;-0.000271363038336858
-0.00446432642638683;-0.00736637227237225;0.088144950568676;-0.000563837529625744;0.000331741815898567;-0.000362051679985598
0.00127597898244858;-0.00867531821131706;0.0700540691614151;-0.000737883266992867;3.53298964910209E-05;-0.000183144380571321
-0.00317291170358658;-0.0145200127735734;0.08587945997715;-0.000940791156608611;0.000447174534201622;-0.000276182661764324
-0.0158801712095737;-0.000588139344472438;0.0975899323821068;-8.83423927007243E-05;0.00124516268260777;-0.000271602533757687
-0.0193106010556221;0.00193067453801632;0.06140011921525;0.000197851622942835;0.00170084554702044;-4.31761145591736E-05
-0.0107988696545362;-0.000817762454971671;0.0827598571777344;0.000207509932806715;0.00085556146223098;-0.000320314429700375
-0.0034223641268909;-0.00252173864282668;0.106330782175064;-0.000172375206602737;0.000354779796907678;-0.000266411603661254
-0.00479539297521114;-0.0127105871215463;0.0645677596330643;-0.00084294774569571;0.000265554001089185;-4.40606563643087E-05
-0.00814935471862555;-0.0217748880386353;0.114031687378883;-0.00139204575680196;0.000827238720376045;-0.00023551746562589
-0.0114318132400513;-0.0104381060227752;0.0923955291509628;-0.00081415637396276;0.00105194631032646;-0.000388581654988229
-0.0109226796776056;0.00677424017339945;0.0933238565921783;0.000507737742736936;0.000765272590797395;-0.000301516993204132
-0.0134693831205368;-0.0144090577960014;0.0784358605742455;-0.00100300228223205;0.000955339870415628;-0.000210425365366973
-0.009381796233356;-0.00850366242229939;0.0558485835790634;-0.000594174198340625;0.000479566107969731;-0.000120536584290676
-0.00833316519856453;-0.00348333059810102;0.104893572628498;-0.000363917177310213;0.000999217038042843;-0.000323625688906759
-0.00503439921885729;-0.0151041131466627;0.0928230732679367;-0.000852667435538024;0.000259807333350182;-0.000303407781757414
-0.0042353980243206;-0.0104418024420738;0.0943371802568436;-0.000455928733572364;0.000417576637119055;-0.00012876684195362
-0.00759544316679239;0.00646469928324223;0.0657064169645309;0.00061381165869534;0.000674766721203923;-9.77527088252828E-05
-0.015306000597775;0.00416967924684286;0.073997363448143;0.00038031829171814;0.00137904135044664;2.04334501177073E-05
-0.010316414758563;0.00251395558007061;0.0767746195197105;0.000185000128112733;0.000908471643924713;-0.000322823063470423
-0.00744171906262636;-0.00565404212102294;0.0909587815403938;-0.000361884012818336;0.000587639922741801;-0.000102416859590448
-0.00382616254501045;-0.00903844553977251;0.0785929262638092;-0.000544975104276091;0.000292649609036744;-0.000108168438600842
-0.00967819895595312;0.00291823386214674;0.0931742042303085;3.96741379518062E-05;0.000704942154698074;-0.000230506484513171
-0.0152867706492543;0.00554438307881355;0.114688567817211;0.000720240350347012;0.00112067686859518;-0.000147921469761059
-0.0221414621919394;-0.0117293484508991;0.111929267644882;-0.000741215597372502;0.00166040833573788;-0.000381267425836995
-0.00646584900096059;-0.0141048450022936;0.0910184383392334;-0.00110903347376734;0.000546645955182612;-0.000275369500741363
-0.00753554236143827;-0.00485415756702423;0.102240607142448;-0.000295263598673046;0.000725487479940057;-0.000282728200545534
-0.00387742510065436;-0.0161448381841183;0.0885043889284134;-0.00120794924441725;0.000558621948584914;-0.00010324121103622
-0.0166942533105612;-0.0116341253742576;0.0785891935229301;-0.000599754974246025;0.00113627687096596;-0.00035349084646441
-0.00853855349123478;-0.00386445876210928;0.091018483042717;-0.00010489602573216;0.000558139639906585;-0.000188612058991566
-0.011198353022337;0.00392267992720008;0.117396108806133;0.000324836641084403;0.00107533321715891;-0.000475406704936177
-0.00871735066175461;-0.0117864171043038;0.0940071791410446;-0.000699099095072597;0.000624407781288028;-0.000216508633457124
-0.0074499137699604;-0.00156639353372157;0.0867089256644249;-0.00014305769582279;0.00078205211320892;-0.000289368937956169
-0.0170472618192434;-0.00117679708637297;0.0970259681344032;0.000354075222276151;0.00154546648263931;-0.000140589501825161
-0.00967234931886196;-0.00365303014405072;0.0953192561864853;-8.69539217092097E-05;0.000805343501269817;-0.000343445455655456
-0.0122672338038683;0.00373562541790307;0.083770252764225;0.000349970476236194;0.00100250891409814;-0.000248073309194297
-0.00601063203066587;-0.0093812420964241;0.112433537840843;-0.000414071953855455;0.00058971846010536;-0.00017766424571164
-0.00899346731603146;-0.00897112861275673;0.109621092677116;-0.000403774087317288;0.000894999015145004;-0.00029340508626774
-0.000824702787213027;-0.00119363877456635;0.0757059305906296;-9.14336123969406E-05;0.000388857530197129;-6.38676865492016E-05
-0.0124323423951864;-0.0185099691152573;0.0910647660493851;-0.00139957456849515;0.000990133034065366;-0.000261913141002879
-0.00639839330688119;-0.00430068094283342;0.109150096774101;-0.000316573306918144;0.000647677923552692;-0.000308181217405945
-0.0122112659737468;0.00238759536296129;0.10620640963316;0.000219471272430383;0.0011447595898062;-0.000179805225343443
-0.00549624534323812;-0.0114774275571108;0.117694109678268;-0.00082816177746281;0.000536893901880831;-0.000233496655710042
-0.0165020488202572;-0.00727000925689936;0.116335920989513;-0.000222991046030074;0.00116530212108046;-0.000306590460240841
-0.00696474220603704;0.00442144926637411;0.114411443471909;0.000319910730468109;0.000526485440786928;-0.000219799665501341
-0.0183623246848583;-0.00901340320706367;0.106416046619415;-0.000655566051136702;0.00171795766800642;-0.000467552774352953
-0.0111201386898756;-0.0145057458430529;0.104138672351837;-0.000782877497840673;0.000999749754555523;-0.000440279371105134
-0.0129008460789919;-0.00547779258340597;0.106056161224842;-0.00046030170051381;0.000967321102507412;-9.63377751759253E-05
-0.00537117198109627;-0.00353903393261135;0.0936795771121979;-0.000278464576695114;0.00047187611926347;-0.0002584021713119
-0.00798863172531128;-0.0114715881645679;0.105422273278236;-0.000560781743843108;0.000657190568745136;-0.000239051558310166
-0.0024518109858036;-0.00965011771768332;0.0993654131889343;-0.000768049445468932;0.00018285633996129;-0.000457399524748325
-0.00842557288706303;-0.00529251527041197;0.106380522251129;-0.000329895061440766;0.000719703268259764;-0.000338698708219454
-0.00957815162837505;-0.0179160814732313;0.106591507792473;-0.00123722956050187;0.000695511582307518;-0.000283317291177809
-0.0122108422219753;0.00279652210883796;0.0893703550100327;0.000316979916533455;0.000948484346736223;2.6558329409454E-05
-0.0104017965495586;0.00543557200580835;0.086656779050827;0.000395371462218463;0.00121820846106857;-1.52374559547752E-05
-0.0136379394680262;-0.0108151184394956;0.155734866857529;-0.000571211916394532;0.00131472712382674;-0.000530444260220975
-0.0139835830777884;0.000189569080248475;0.117288917303085;-2.18048808164895E-05;0.00122282281517982;-0.0004909448325634
-0.0143413282930851;-0.0099000558257103;0.10639625787735;-0.000727518054191023;0.00131622864864767;-0.00023859363864176
-0.022100780159235;-0.00639215484261513;0.107647761702538;-0.00040091696428135;0.00181323569267988;-0.000367569562513381
-0.00145839061588049;-0.00228713196702302;0.107744500041008;-8.42270674183965E-05;2.60123633779585E-05;-0.00035244511673227
-0.0179451163858175;-0.0117108291015029;0.107559762895107;-0.000919259968213737;0.00140052614733577;-0.000211077640415169
-0.000997460912913084;-0.0120372679084539;0.108202859759331;-0.000694348651450127;0.000145181838888675;-0.00012277920905035
-0.0115665923804045;-0.00059606769355014;0.116305150091648;0.000135911119286902;0.0011581244179979;-0.000160411422257312
-0.00733682047575712;-0.00673440983518958;0.0880793258547783;-0.000515633553732187;0.00056559219956398;-0.000175786291947588
-0.00123206712305546;-0.00889638625085354;0.0985047221183777;-0.000395084905903786;0.000212961807847023;-0.000341461302014068
-0.00144169665873051;-0.00365721550770104;0.0908909738063812;-0.000353246898157522;0.000218229310121387;-0.000345322478096932
-0.0113396225497127;-0.00566048361361027;0.110557161271572;-0.000293190299998969;0.000838941836263984;-0.000308787595713511
-0.0146884843707085;-0.00905762705951929;0.11084046959877;-0.000524031929671764;0.0014210999943316;-0.000379025907022879
-0.00749905733391643;-0.00723304226994514;0.105034992098808;-0.000553853926248848;0.000813869351986796;-0.000338723766617477
-0.00152766588144004;0.000806834083050489;0.0951424911618233;9.52371337916702E-05;0.000226509117055684;-0.000184904434718192
-0.0156190590932965;-0.0100996689870954;0.11502668261528;-0.000428470375481993;0.0011062528938055;-0.000336051278281957
-0.0217710584402084;0.00125687080435455;0.112987332046032;3.49926121998578E-05;0.0019723423756659;-0.00011984786397079
-0.0053290231153369;-0.00257287477143109;0.104874655604362;-0.000222595816012472;0.000561458291485906;-0.00022398671717383
-0.0115014165639877;-0.0146882254630327;0.103723913431168;-0.0010239229304716;0.00095602567307651;-0.000154825815116055
-0.0145002342760563;-0.00869354605674744;0.109307855367661;-0.000494964537210763;0.00122429942712188;-0.000294707686407492
-0.0072413170710206;-0.00667953258380294;0.0866047143936157;-0.000555545499082655;0.000531605561263859;-0.00021971549722366
-0.0132283745333552;-0.00437004957348108;0.10135505348444;0.000190050574019551;0.00107884779572487;-0.000354504038114101
-0.00838986877351999;-0.0108572989702225;0.114839978516102;-0.000781976734288037;0.000798686349298805;3.76203679479659E-05
-0.0063177952542901;0.000230478821322322;0.104848176240921;2.66427523456514E-05;0.00060164975002408;-0.000324197782902047
-0.0133461253717542;-0.0179724935442209;0.102229051291943;-0.00135422358289361;0.00103855668567121;-0.000414558744523674
-0.00446193758398294;-0.00304379477165639;0.093737006187439;-0.000216433138120919;0.000437597336713225;-0.000200656591914594
-0.00870520249009132;0.0010955361649394;0.110744655132294;0.000297625607345253;0.000859060441143811;-0.000377954798750579
-0.00696544488891959;-0.00754615291953087;0.0955361947417259;-0.00028795562684536;0.000546455150470138;-0.000357996381353587
-0.0137341674417257;-0.000708748819306493;0.118545584380627;-0.000164897573995404;0.00119318347424269;-8.93480319064111E-05
-0.0110008493065834;-0.0144702224060893;0.0977434292435646;-0.00125164468772709;0.000850532902404666;-0.000244510883931071
-0.0168471112847328;-0.0113073401153088;0.112387761473656;-0.000594611396081746;0.00158251239918172;-0.000349827721947804
-0.00465736212208867;-0.0119357667863369;0.119210705161095;-0.000752473541069776;0.00037743616849184;-0.000247395946644247
-0.00912166014313698;0.00183926965110004;0.107533067464828;8.66294576553628E-05;0.000921655970159918;-0.000150523905176669
-0.0116448132321239;0.000527958734892309;0.120562806725502;0.00029462730162777;0.00112525990698487;-0.000215700987610035
-0.0123195499181747;-0.00844170339405537;0.117595344781876;-0.000496074499096721;0.000932817347347736;-0.000205471602384932
-0.0189429093152285;-0.000973285874351859;0.13555446267128;-0.000185478187631816;0.00200502085499465;-0.000366244348697364
-0.00590570317581296;-0.0161729641258717;0.120828241109848;-0.00105078262276947;0.000660528661683202;-0.000217439417610876
-0.0143069457262754;-0.00507236737757921;0.0859753862023354;8.66286573000252E-05;0.00126838218420744;-0.000332577648805454
-0.0147817581892014;0.00411037262529135;0.114318430423737;0.000203961797524244;0.00131402735132724;-0.000434587534982711
-0.0125918742269278;-0.0144444238394499;0.123441085219383;-0.000957848271355033;0.0011760137276724;-0.000259573949733749
-0.0184000916779041;-0.00881070643663406;0.11207453161478;-0.000529099314007908;0.00163207412697375;-0.000207161705475301
-0.0167831685394049;-0.00245199538767338;0.132637172937393;-0.000213303603231907;0.00138716551009566;-0.000384309707442299
-0.00869119819253683;-0.0104126241058111;0.117842510342598;-0.00076722155790776;0.00114691257476807;-0.000188492296729237
-0.0185524746775627;-0.0097142243757844;0.102363117039204;-0.000490576669108123;0.00149942596908659;-0.000197964051039889
-0.00340114580467343;0.000993551686406136;0.12173755466938;0.000224989606067538;0.00021136217401363;-0.000302410073345527
-0.0221375413239002;-0.00323854759335518;0.137141898274422;-5.55972656002268E-05;0.00189829478040338;-0.000309919618302956
-0.00718844123184681;-0.0122638447210193;0.12452520430088;-0.000915062264539301;0.000533016631379724;-8.80617881193757E-05
-0.0083710765466094;0.00567154260352254;0.104866802692413;0.000508472905494273;0.000846372218802571;-0.000222700007725507
-0.0122141968458891;-0.000772016239352524;0.118863821029663;5.65191148780286E-05;0.000989275285974145;-0.000304046698147431
-0.0116819329559803;-0.0148686356842518;0.115081578493118;-0.000947637017816305;0.00102308730129153;-0.000235114333918318
-0.0140187134966254;-0.00375519972294569;0.121565669775009;-0.000160869967658073;0.000913886993657798;-0.000390472763683647
-0.0125767514109612;-0.00757541926577687;0.121975354850292;-0.000335380784235895;0.00103067117743194;-0.000346035958500579
-0.016238309442997;-0.0142152877524495;0.119006589055061;-0.00103107350878417;0.00139366404619068;-0.000176423258380964
-0.0149644389748573;-0.00496437586843967;0.120133921504021;-0.000484535994473845;0.00143405387643725;-0.000317687226925045
-0.00782565493136644;-0.00960676372051239;0.123531028628349;-0.000541528454050422;0.000827642972581089;-0.000473440974019468
-0.00957829505205154;-0.00721461791545153;0.119144901633263;-0.000417758652474731;0.000931383576244116;-0.000332282099407166
-0.0122066587209702;0.00898472778499126;0.107555560767651;0.000752588442992419;0.00117006513755769;-0.000264206813881174
-0.0123119810596108;-0.00439711287617683;0.117561116814613;-0.000283033296000212;0.00120646669529378;-0.00013202715490479
-0.0114451609551907;-0.00703187193721533;0.127498105168343;-0.000359754951205105;0.00100668286904693;-0.000156817157403566
-0.0180816687643528;-0.00302913528867066;0.120228685438633;-0.000128017083625309;0.00149048818275332;-0.000275160913588479
-0.021239073947072;-0.00864830892533064;0.133033245801926;-0.000605483655817807;0.00209918920882046;-0.000225168740143999
-0.00751028768718243;-0.0179087407886982;0.119157418608665;-0.00125565915368497;0.00048985646571964;-0.000449710612883791
-0.00250996928662062;-0.00506790261715651;0.109221547842026;-0.000265936716459692;0.000138384406454861;-0.000165559467859566
-0.0136959739029408;-0.00641527306288481;0.149430900812149;-0.00059750716900453;0.0011786506511271;-0.000434211251558736
-0.0220101960003376;-0.0144779412075877;0.13994474709034;-0.00109816703479737;0.00202005123719573;-0.000166299374541268
-0.0043840785510838;-0.00433408608660102;0.116146095097065;-0.000340060563758016;0.000498486100696027;-0.000347853318089619
-0.00694294739514589;-0.00900043454021215;0.108181864023209;-0.000475239008665085;0.000822157075162977;-3.56148229911923E-05
-0.0165747422724962;-0.00326516712084413;0.106535904109478;-1.51923013618216E-05;0.00149699160829186;-0.000108348773210309
-0.0129767842590809;-0.0124505218118429;0.125808402895927;-0.00102077703922987;0.00110522250179201;-0.000216386033571325
-0.00899700727313757;-0.0060715563595295;0.114517688751221;-0.00066301051992923;0.00100388715509325;-0.000176720350282267
-0.0105681773275137;-0.0198919549584389;0.113615676760674;-0.00146332196891308;0.000945387757383287;-0.000365584186511114
-0.0177991762757301;-0.00223277136683464;0.121435031294823;-0.000312781456159428;0.00177009333856404;-2.97060614684597E-05
-0.00677924510091543;-0.00990810990333557;0.0884099900722504;-0.0006607043906115;0.000715192989446223;-0.000117297633551061
-0.025153735652566;-0.00584068614989519;0.097887746989727;-0.000316164368996397;0.0021126358769834;-9.93827052298002E-05
-0.0287591814994812;0.00168714835308492;0.139691188931465;0.000227044947678223;0.0025266264565289;-0.000265177892288193
-0.0155638046562672;-0.00503680482506752;0.121980004012585;-0.000156863578013144;0.00146936788223684;-0.00010111382289324
-0.0076468288898468;-0.00834158156067133;0.123411819338799;-0.000487144512590021;0.000815909472294152;-0.000143745448440313
-0.0131060760468245;-0.0088965967297554;0.132897302508354;-0.000553686055354774;0.000933382543735206;-0.000256277009611949
-0.017118152230978;-0.000550605123862624;0.1174156665802;-1.73498410731554E-05;0.00159425940364599;-0.000332614261424169
-0.0215067062526941;-0.00713470205664635;0.117772795259953;-0.000259844935499132;0.00183121312875301;-0.000247436895733699
-0.0183007121086121;-0.00546635594218969;0.141465336084366;-0.000189557307749055;0.00158862769603729;-0.000236251493333839
-0.0101248668506742;0.000322654726915061;0.128610864281654;0.0001011963468045;0.000848095864057541;-0.000270613643806428
-0.024180905893445;-0.00879191793501377;0.120381936430931;-0.000529519456904382;0.00210144324228168;-0.000160593175678514
-0.0121570909395814;-0.00312921870499849;0.109023965895176;-0.000249319244176149;0.00115498178638518;-2.15048021345865E-05
-0.0179602578282356;-0.00308776786550879;0.131378144025803;-0.00017723573546391;0.00153485557530075;-0.000226835400098935
-0.00633492320775986;-0.000675036106258631;0.151210531592369;0.000203252944629639;0.000413332716561854;-0.000289122894173488
-0.0200240146368742;0.00134985602926463;0.128595694899559;0.000247157877311111;0.00168804312124848;-0.000241894565988332
-0.0240775421261787;-0.0123777110129595;0.124538578093052;-0.00095241516828537;0.00224977731704712;-0.000244573748204857
-0.0171381011605263;-0.00972458533942699;0.120308473706245;-0.000848924915771931;0.00180581829044968;-0.000173804277437739
-0.0141798369586468;-0.00635300204157829;0.121710501611233;-0.000396329676732421;0.00120214244816452;-0.000102558617072646
-0.0178664568811655;0.00223796465434134;0.125642865896225;0.000119370059110224;0.00165585521608591;-0.000429064908530563
-0.0275073330849409;-0.0032728360965848;0.113573178648949;-4.28089697379619E-05;0.00270798965357244;-8.94776167115197E-05
-0.010719146579504;-0.00655914563685656;0.106631614267826;-0.000279993459116668;0.00102401373442262;2.05465348699363E-05
-0.00936843175441027;-0.0104652978479862;0.128853276371956;-0.000747183861676604;0.000903783366084099;-0.000242442358285189
-0.0182798467576504;-0.0065400255843997;0.104968883097172;-0.000416539463913068;0.0016890992410481;0.000105409540992696
-0.0156754944473505;-0.009373614564538;0.106638118624687;-0.000484182499349117;0.00138413498643786;-0.000223871000343934
-0.016940226778388;0.00407621776685119;0.131304875016212;0.000378958007786423;0.00149134919047356;-0.000254417129326612
-0.0125900395214558;-0.00882202200591564;0.113573908805847;-0.000504954485222697;0.00114863622002304;-0.000249222910497338
0.0906831026077271;-0.217114955186844;0.139093816280365;-0.0209577884525061;-0.0051630400121212;-0.0184605419635773
0.192621886730194;-0.106325887143612;0.190627843141556;-0.0140635706484318;-0.0125369466841221;0.0110663315281272
0.165379986166954;0.0619415678083897;-0.299538135528564;0.00655676098540425;-0.00486989133059978;0.0121853835880756
-0.267329692840576;-0.391022205352783;0.523058891296387;-0.0620723962783813;-0.0366654098033905;-0.204400360584259
-0.209447860717773;-0.874548435211182;-0.0256489366292953;-0.0555688738822937;-0.0351807773113251;-0.12220074236393
0.773727416992188;-0.333608984947205;-0.680147767066956;-0.00847390294075012;-0.0689107775688171;-0.109376259148121
0.349220991134644;0.450724840164185;-1.31202483177185;0.0710485130548477;-0.0203092396259308;-0.173895627260208
0.241398334503174;-0.454627990722656;1.27440917491913;-0.0121847093105316;-0.00538289546966553;-0.144879013299942
-0.343544960021973;-0.0523087978363037;-0.678832173347473;0.011138990521431;0.0294653177261353;-0.173983812332153
-0.0733342170715332;0.62690794467926;0.285158574581146;0.0323416441679001;0.0160075128078461;-0.0999599024653435
-0.00679612159729004;-0.20324444770813;0.47944301366806;-0.0194636136293411;-0.0409461259841919;-0.158768311142921
-0.338315963745117;-0.0469324588775635;-0.160206347703934;0.0355943888425827;0.0199766308069229;-0.141886666417122
0.219867706298828;-0.594527959823608;-0.176837712526321;-0.0276993811130524;0.0177837908267975;-0.202831566333771
0.161986827850342;0.450058698654175;-0.205238744616508;-0.00242131948471069;-0.0257547795772552;-0.262306898832321
1.04571533203125;2.47723960876465;-0.738929331302643;0.265602231025696;0.0905107259750366;-1.04072856903076
-2.05291938781738;-0.00403308868408203;1.22612750530243;-0.0147517919540405;-0.0322699546813965;-0.935505747795105
1.79428672790527;-0.700838088989258;-3.24512720108032;0.0209428668022156;0.0297791957855225;-0.875690340995789
-1.08517074584961;-2.79924440383911;-2.57626986503601;0.0269603133201599;0.0655530691146851;-0.707198858261108
2.01137256622314;2.83085250854492;-4.26430130004883;-0.0280951261520386;-0.0429054498672485;-0.593266725540161
0.120969772338867;-5.66163539886475;-7.74692058563232;-0.101550281047821;0.106962442398071;-0.507188141345978
-1.38732719421387;1.05181336402893;-7.01693820953369;0.199124604463577;0.0953443646430969;-0.321924656629562
5.59587478637695;2.21437311172485;-9.30969905853271;0.0986180305480957;-0.0118246674537659;-0.261992424726486
3.04635214805603;-2.48715877532959;-10.5276355743408;-0.040363073348999;-0.0539412796497345;-0.199163466691971
3.87861061096191;-0.642164707183838;-11.0905923843384;0.0775843560695648;-0.0644662380218506;-0.250319719314575
6.58523797988892;2.23913812637329;-13.6725368499756;0.047006368637085;-0.0862081050872803;-0.289479851722717
-0.00331926345825195;-2.91876435279846;-9.44874668121338;-0.161104947328568;0.22448667883873;-0.208151966333389
1.9662139415741;-4.13227128982544;-8.25583648681641;-0.17890428006649;0.115050226449966;-0.156671851873398
5.737229347229;0.142624855041504;-9.49893856048584;-0.163293361663818;-0.0425365567207336;-0.191541746258736
0.88357400894165;-3.82740426063538;-8.45765018463135;-0.319680035114288;0.148454338312149;-0.171112209558487
-1.07014584541321;-4.20687961578369;-2.98537850379944;-0.22348864376545;0.324215352535248;-0.136695593595505
3.07730388641357;-0.886805057525635;-1.58490467071533;-0.181035876274109;0.171830594539642;-0.106048941612244
0.0673165321350098;-2.47486996650696;-5.28941869735718;-0.191635072231293;0.221085220575333;-0.186407864093781
-1.65064835548401;-2.78775763511658;-2.89996337890625;-0.0672079771757126;0.328298062086105;-0.11269199103117
0.724567174911499;0.963612794876099;-1.00490283966064;0.0695250481367111;0.330021500587463;-0.1491609364748
-0.936526298522949;1.6013605594635;-1.07286560535431;0.235831916332245;0.2933030128479;-0.199099391698837
-0.241690158843994;-1.77132368087769;-6.2171835899353;0.122453972697258;0.180385857820511;-0.187397599220276
1.49529194831848;0.0261368751525879;-5.93194818496704;0.0187528729438782;0.255324095487595;-0.164705902338028
0.735384702682495;0.0434956550598145;-3.37273144721985;0.00530067086219788;0.1942018866539;-0.18642894923687
1.49488925933838;-2.2236442565918;-8.02363777160645;0.0559886693954468;0.0416144728660584;-0.240504175424576
5.5287504196167;1.56346249580383;-10.9924697875977;0.160851359367371;-0.0625659227371216;-0.132577925920486
3.75648212432861;1.297438621521;-11.8347043991089;0.0246971249580383;-0.00144845247268677;-0.255025595426559
3.15067934989929;-2.05519247055054;-10.9458665847778;0.00856997072696686;-0.0960460603237152;-0.137617379426956
7.17105960845947;1.50086736679077;-12.7872886657715;0.198367416858673;-0.127888381481171;-0.270479261875153
6.24440479278564;1.25379037857056;-14.5648565292358;0.0563499629497528;-0.0804144740104675;-0.241241574287415
1.77639245986938;-1.40603852272034;-11.119068145752;0.0467859208583832;0.00560390949249268;-0.232427090406418
5.10613346099854;-0.341884136199951;-9.78449153900146;0.0703108608722687;-0.0959557890892029;-0.182062923908234
6.22193336486816;1.33767652511597;-13.6299133300781;0.0228719711303711;-0.0631492137908936;-0.295554876327515
0.777464389801025;-2.4569091796875;-9.64943981170654;-0.0881924033164978;0.143036901950836;-0.260914742946625
2.70924806594849;-3.39495801925659;-7.09619331359863;-0.0994637310504913;0.0446571111679077;-0.1402967274189
5.92746591567993;0.229302644729614;-7.57492971420288;-0.11883257329464;-0.0696704685688019;-0.18373116850853
1.63457727432251;-3.51922464370728;-8.66031360626221;-0.293134778738022;0.073585033416748;-0.211171552538872
0.261368751525879;-4.54137754440308;-4.5426197052002;-0.223708853125572;0.219317764043808;-0.177832901477814
5.05079746246338;-1.62796080112457;-1.35255122184753;-0.236164376139641;0.0223594009876251;-0.0861393809318542
1.62788581848145;-3.16031646728516;-6.13437509536743;-0.23803348839283;0.0882264673709869;-0.177468210458755
0.248310089111328;-3.87868809700012;-3.52821516990662;-0.17640994489193;0.158177673816681;-0.0908907577395439
2.74187660217285;0.0412647724151611;-0.795487940311432;-0.0122062116861343;0.203039050102234;-0.136617749929428
0.368936061859131;0.262416839599609;-1.30808997154236;0.0558051019906998;0.219444185495377;-0.188006371259689
-1.13920116424561;-1.37180149555206;-4.91131496429443;0.138161972165108;0.238715082406998;-0.219003140926361
1.78458786010742;0.778673648834229;-4.5774827003479;0.113200426101685;0.210411787033081;-0.141853660345078
-0.246849775314331;1.01934850215912;-1.91658115386963;0.0619454830884933;0.333364367485046;-0.168036445975304
-2.83846187591553;-0.935594201087952;-2.69436764717102;0.187695354223251;0.354985982179642;-0.240938678383827
0.0444474220275879;0.60394287109375;-5.48410129547119;0.224979594349861;0.289868026971817;-0.206007242202759
2.37347650527954;1.37565135955811;-4.60484409332275;0.0587827265262604;0.205065608024597;-0.239749550819397
-2.77421855926514;-2.29297685623169;-3.54950642585754;-0.0104862079024315;0.359974324703217;-0.15180416405201
0.766026496887207;-0.846400499343872;-3.62716960906982;0.105884253978729;0.222805887460709;-0.228909403085709
2.26443672180176;1.97770214080811;-6.95665550231934;0.171096444129944;0.19935142993927;-0.223770290613174
0.614587306976318;-2.00699949264526;-6.43170738220215;-0.000295311212539673;0.114130675792694;-0.236778363585472
0.60090446472168;-1.43136346340179;-5.27114152908325;0.0687041431665421;0.148807018995285;-0.15591362118721
4.81511211395264;1.72823429107666;-8.75053787231445;0.125672668218613;0.0335013866424561;-0.190099895000458
2.1418194770813;0.0423848628997803;-8.90284824371338;0.115396291017532;0.0373388528823853;-0.223539426922798
2.85014271736145;-1.77588772773743;-10.6373014450073;0.103665813803673;-0.0428026020526886;-0.13713701069355
6.57618951797485;1.69161295890808;-9.87184047698975;0.0575549900531769;-0.126214385032654;-0.148200869560242
3.99140238761902;0.689744234085083;-11.1293230056763;0.0538657009601593;-0.0617725253105164;-0.206589818000793
4.78707218170166;-1.27155804634094;-13.5478887557983;0.143559485673904;-0.153254687786102;-0.254911661148071
7.05284118652344;1.92787313461304;-12.5177478790283;0.168455600738525;-0.137696325778961;-0.170054078102112
4.44421863555908;1.55138635635376;-13.1925029754639;0.081116110086441;-0.0415290594100952;-0.213482260704041
4.21128845214844;-1.58952629566193;-12.6206150054932;0.0364666283130646;-0.151801079511642;-0.150102064013481
7.28079223632813;1.05976343154907;-14.8495330810547;0.169538944959641;-0.146214127540588;-0.299667000770569
6.8005747795105;2.09692478179932;-17.4775333404541;0.106174886226654;-0.112002730369568;-0.236856341362
2.93672132492065;-1.91952538490295;-13.7820100784302;-0.00186106562614441;-0.0699934959411621;-0.221007019281387
6.19697713851929;0.670383453369141;-12.7748975753784;0.155825614929199;-0.180721163749695;-0.20295462012291
7.11757183074951;3.12778043746948;-17.5374965667725;0.187302052974701;-0.0773244500160217;-0.297247290611267
3.84164142608643;0.181576728820801;-17.2538318634033;0.137408375740051;-0.0385872721672058;-0.288327217102051
4.31782007217407;-1.92807281017303;-13.2595987319946;0.0554947555065155;-0.0670617818832397;-0.168434470891953
6.52645397186279;3.77444505691528;-14.0237312316895;0.201951205730438;-0.0682865381240845;-0.229281812906265
3.32264947891235;1.24607849121094;-16.8247623443604;0.121156930923462;-0.000705838203430176;-0.286145985126495
2.65691137313843;-1.53063297271729;-13.9139776229858;0.0742966532707214;0.0667422413825989;-0.310615062713623
7.40677118301392;1.31466245651245;-11.0915794372559;0.0539246499538422;-0.125033408403397;-0.184766203165054
3.83253121376038;-0.191987037658691;-14.2902860641479;-0.0140579342842102;-0.0371352434158325;-0.234288901090622
1.39057970046997;-2.21897149085999;-13.3391065597534;-0.0112157166004181;0.0834294557571411;-0.23933219909668
5.86344861984253;-1.4620156288147;-11.3695545196533;-0.128638625144958;0.00811314582824707;-0.259155571460724
3.61304092407227;-1.21953320503235;-10.8474931716919;-0.171879798173904;0.0661711692810059;-0.214569360017776
0.58718204498291;-3.27100014686584;-11.8095731735229;-0.125519394874573;0.111684203147888;-0.202472329139709
3.39066505432129;-1.97030591964722;-9.92262554168701;-0.130663648247719;0.0574871897697449;-0.15449084341526
4.9486255645752;-0.973545789718628;-11.4364681243896;-0.205634832382202;0.0285395979881287;-0.20183789730072
-1.82871627807617;-4.0282244682312;-8.54255771636963;-0.246720120310783;0.308853298425674;-0.188342392444611
1.93817520141602;-3.39690947532654;-6.91633319854736;-0.150670796632767;0.127117812633514;-0.1376813352108
5.81295013427734;-0.662367820739746;-6.42932510375977;-0.221498072147369;-0.0520752966403961;-0.162366449832916
0.55056619644165;-4.28980207443237;-8.47578144073486;-0.358797252178192;0.141880661249161;-0.148240596055984
-0.325934410095215;-4.50864315032959;-4.38457345962524;-0.258265376091003;0.291635096073151;-0.167341560125351
4.51105356216431;-1.25363540649414;-3.43703532218933;-0.239425823092461;0.0760967433452606;-0.0768518894910812
1.56820821762085;-3.62099695205688;-8.16323089599609;-0.307545512914658;0.0917820334434509;-0.194216549396515
-0.0942704677581787;-5.03182077407837;-5.79962205886841;-0.273137152194977;0.215093493461609;-0.100897677242756
2.92713117599487;-1.90062344074249;-2.34314513206482;-0.211655110120773;0.198625117540359;-0.141468316316605
0.625362634658813;-2.33917713165283;-1.24995803833008;-0.218860328197479;0.216522693634033;-0.121947750449181
-0.796949863433838;-3.4238748550415;-4.42868518829346;-0.111553624272346;0.219626635313034;-0.156231194734573
2.33424186706543;-0.778429269790649;-4.09998464584351;-0.0519573539495468;0.16503182053566;-0.0882007926702499
1.01526784896851;1.0033905506134;-1.27230775356293;0.0148064345121384;0.257443487644196;-0.158046185970306
-2.61720633506775;-1.3645007610321;-0.455413818359375;0.0890531986951828;0.341231346130371;-0.207952558994293
0.297866106033325;-0.100377559661865;-3.02214431762695;0.137918278574944;0.26642706990242;-0.162759974598885
2.76821184158325;2.03201460838318;-3.81838130950928;0.0676019638776779;0.158588171005249;-0.201079487800598
-2.44156169891357;-1.03798270225525;-2.93359971046448;0.0490902811288834;0.347447484731674;-0.161545813083649
-0.538871288299561;-0.657453298568726;-0.648376047611237;0.119879215955734;0.330042392015457;-0.236670315265656
0.90437650680542;1.89168620109558;-3.99987316131592;0.16547928750515;0.321647226810455;-0.164443790912628
-1.68351793289185;-0.664368391036987;-5.27580165863037;0.086301177740097;0.31371483206749;-0.298308372497559
-1.95796251296997;-2.0293755531311;-2.32775902748108;0.0443738698959351;0.365978538990021;-0.132344841957092
1.24618554115295;0.796492576599121;-2.63236355781555;0.0720903128385544;0.303566634654999;-0.202668949961662
0.189797878265381;-0.420979499816895;-2.22715067863464;0.114698737859726;0.200618624687195;-0.243486285209656
0.673518657684326;-3.05677843093872;-6.2503342628479;0.0344551205635071;0.133106082677841;-0.192459553480148
3.04692888259888;-0.391424894332886;-5.49775362014771;-0.0339803248643875;0.12678050994873;-0.180421113967896
1.4344322681427;-0.863755583763123;-3.6506142616272;-0.0673685222864151;0.1341333091259;-0.171450406312943
1.91683912277222;-2.17408061027527;-6.30785894393921;0.0917618274688721;0.0184205770492554;-0.2284255027771
5.22658443450928;0.235748767852783;-7.71908569335938;0.0849427878856659;-0.0485585927963257;-0.17287603020668
3.88930010795593;0.427266120910645;-7.08538055419922;-0.0309459269046783;-0.0068015456199646;-0.243518903851509
1.79724884033203;-2.29806041717529;-6.76151990890503;-0.0158845782279968;-0.0367435216903687;-0.0995609909296036
6.53715419769287;0.123613357543945;-8.36940383911133;0.125471174716949;-0.156434535980225;-0.219344317913055
5.37367916107178;1.80729818344116;-12.6390314102173;0.101760149002075;-0.0394562482833862;-0.172965034842491
2.22704410552979;-1.43092942237854;-11.254204750061;0.0432493686676025;-0.0356364250183105;-0.259335994720459
4.26317024230957;-0.951707363128662;-8.90950584411621;0.0466369390487671;-0.0945888757705688;-0.181792512536049
6.65361976623535;2.64252948760986;-15.1852807998657;0.158857256174088;-0.0891496539115906;-0.269297420978546
4.17406415939331;0.406871318817139;-16.7457752227783;0.163917988538742;-0.104245364665985;-0.296435177326202
4.83990526199341;-1.72528219223022;-12.4725103378296;0.106241047382355;-0.14379745721817;-0.171603456139565
7.17488527297974;3.1244912147522;-12.8353843688965;0.175613582134247;-0.157391309738159;-0.165347665548325
4.50748538970947;1.82717180252075;-14.7846279144287;0.180859982967377;-0.12253201007843;-0.28205817937851
5.37060976028442;-1.42480993270874;-15.8037052154541;0.131749182939529;-0.148270308971405;-0.276957213878632
7.33089542388916;3.32791614532471;-13.4968233108521;0.233678162097931;-0.125551402568817;-0.203791230916977
4.78631973266602;1.39499473571777;-14.7657146453857;0.0976623296737671;-0.0947502851486206;-0.264121919870377
2.43250942230225;-1.35932779312134;-14.7786359786987;0.084861546754837;0.0109208822250366;-0.222260475158691
7.150559425354;0.420873165130615;-14.1046962738037;0.0581235587596893;-0.0862216949462891;-0.302531719207764
5.18769264221191;0.483195781707764;-14.4482135772705;-0.0361942052841187;-0.0242692232131958;-0.253702342510223
1.59226989746094;-1.46367764472961;-14.3852729797363;0.0218813121318817;0.039577305316925;-0.244048684835434
4.44765567779541;-1.36041116714478;-12.2620105743408;-0.0585524439811707;0.000949263572692871;-0.182009398937225
5.84360361099243;-0.299135684967041;-12.9483375549316;-0.162397563457489;-0.0260936617851257;-0.254394263029099
-1.01699495315552;-3.83178567886353;-10.742751121521;-0.215312749147415;0.275726705789566;-0.205781519412994
1.85211968421936;-3.44909906387329;-10.0300750732422;-0.146698236465454;0.13914743065834;-0.154626488685608
5.13281011581421;0.154669761657715;-9.64419746398926;-0.146040499210358;0.00343239307403564;-0.188672110438347
0.9330735206604;-3.99360299110413;-10.4411897659302;-0.356400370597839;0.141203016042709;-0.19377788901329
-0.623777389526367;-4.68589782714844;-6.27176094055176;-0.26635679602623;0.319879561662674;-0.158115044236183
4.46259832382202;-1.62595045566559;-4.77529239654541;-0.261640399694443;0.0946756601333618;-0.108044803142548
0.974169969558716;-3.32858657836914;-8.42113304138184;-0.292838037014008;0.145448237657547;-0.150897890329361
-0.636629343032837;-5.14722013473511;-5.83136892318726;-0.29548305273056;0.257171809673309;-0.106340512633324
1.76561677455902;-2.00038599967957;-3.38211965560913;-0.223357602953911;0.298715770244598;-0.0858396515250206
-0.197836399078369;-1.39386057853699;-0.623480916023254;-0.115655153989792;0.294372051954269;-0.179383486509323
-1.01737833023071;-3.62804079055786;-4.89411687850952;-0.113510474562645;0.240804582834244;-0.198610246181488
1.69074892997742;0.252503395080566;-4.89323282241821;0.0228181779384613;0.225060552358627;-0.130409076809883
0.622702836990356;0.703482151031494;-1.55071806907654;-0.00685524940490723;0.302938669919968;-0.137504488229752
-3.10988712310791;-1.14735400676727;-0.430989027023315;0.114198192954063;0.371099472045898;-0.175350338220596
-0.228899240493774;1.00908493995667;-3.86779475212097;0.256913900375366;0.323801219463348;-0.171905159950256
1.16682124137878;2.63611578941345;-4.29252147674561;0.148344233632088;0.281591653823853;-0.216731742024422
-2.92208313941956;-1.49584650993347;-3.16170191764832;0.0421822816133499;0.371589064598084;-0.147893220186234
0.437129020690918;-0.763995885848999;-1.50424993038177;0.118598252534866;0.264356017112732;-0.215553313493729
1.72835111618042;1.41072940826416;-5.41862630844116;0.131986752152443;0.241752952337265;-0.210319250822067
-0.199549198150635;-2.07738494873047;-4.47873020172119;0.00999778509140015;0.190089523792267;-0.252097636461258
-1.1832287311554;-1.75681614875793;-3.63856840133667;0.0618603229522705;0.287526488304138;-0.108210474252701
4.19575166702271;0.727441072463989;-4.72087287902832;0.0657015442848206;0.0710513889789581;-0.174130707979202
1.8576512336731;-0.391651391983032;-4.50839853286743;0.0917716324329376;0.0719469785690308;-0.231511294841766
2.67638206481934;-3.27931261062622;-6.97300624847412;0.00669679045677185;-0.0198499858379364;-0.139566689729691
4.16084909439087;0.389846086502075;-7.63898372650146;0.00687754154205322;0.0408793985843658;-0.167340844869614
2.92586755752563;0.621516227722168;-5.4448299407959;0.0594007819890976;0.00354331731796265;-0.138532906770706
2.27312994003296;-1.84183895587921;-7.01212644577026;0.100437700748444;-0.0114408135414124;-0.206094771623611
4.75897979736328;0.814786672592163;-7.30458974838257;0.132165893912315;-0.0338709354400635;-0.124043405056
4.1242208480835;0.872992515563965;-8.30234909057617;0.008708655834198;-0.0147952437400818;-0.215286210179329
1.87636113166809;-1.69781959056854;-7.55080223083496;0.0317555367946625;-0.0387287139892578;-0.115101054310799
6.60928010940552;0.637719631195068;-9.61542320251465;0.155160903930664;-0.162979871034622;-0.216126888990402
5.37310934066772;2.38674592971802;-14.2626981735229;0.138560950756073;-0.041238009929657;-0.226765990257263
2.26686811447144;-1.52434825897217;-10.5209426879883;-0.00134804844856262;-0.0384659469127655;-0.209661409258842
4.01292181015015;-0.427682161331177;-9.04921627044678;0.0942895114421844;-0.0642965137958527;-0.14506521821022
6.18907451629639;2.14844226837158;-14.5728712081909;0.112405121326447;-0.0480110645294189;-0.246978238224983
3.68991708755493;0.464637756347656;-14.922194480896;0.170389473438263;-0.0605595111846924;-0.275957942008972
3.89204478263855;-1.72571265697479;-11.5524520874023;0.0837493240833282;-0.081603080034256;-0.145130813121796
6.13719844818115;2.54982757568359;-11.6845388412476;0.121785134077072;-0.0584019720554352;-0.128634870052338
3.80601358413696;1.11148023605347;-13.8642463684082;0.0984529554843903;-0.0536026954650879;-0.262498617172241
4.66808223724365;-1.28418135643005;-14.4068698883057;0.138283401727676;-0.115307033061981;-0.254961937665939
7.01478385925293;2.32553386688232;-12.6633443832397;0.179614096879959;-0.109379678964615;-0.13325722515583
3.72097826004028;1.33389091491699;-13.9417219161987;0.0740964412689209;-0.00621956586837769;-0.245384156703949
3.68939638137817;-1.53696036338806;-11.7315998077393;0.0627444386482239;-0.100643754005432;-0.183690279722214
7.93697643280029;0.411291599273682;-12.6475267410278;0.103428989648819;-0.169066250324249;-0.303528249263763
5.90953016281128;1.2998514175415;-13.8458366394043;0.0675959587097168;-0.0715981721878052;-0.225338906049728
1.72914981842041;-1.61353707313538;-10.4555864334106;0.0458280146121979;0.0182241797447205;-0.216078758239746
5.57758045196533;-0.453782081604004;-9.82627487182617;0.0695002675056458;-0.122324705123901;-0.1678686439991
6.34414386749268;1.86168670654297;-12.7097053527832;0.0923986434936523;-0.0593905448913574;-0.291861325502396
2.30926752090454;-1.23688077926636;-12.2357549667358;0.0425215363502502;0.049976646900177;-0.283784359693527
3.42455720901489;-2.69619464874268;-9.98532199859619;-0.0143080353736877;0.00127655267715454;-0.182775110006332
7.07257175445557;2.18802976608276;-11.017879486084;0.0835037529468536;-0.133566975593567;-0.218955650925636
2.919997215271;-0.640789031982422;-13.4882583618164;-0.031376838684082;0.00730472803115845;-0.31518217921257
2.81309223175049;-2.86877799034119;-10.7176923751831;-0.00938248634338379;0.0556536912918091;-0.279209017753601
6.8488245010376;0.903003215789795;-9.98642158508301;0.0283631384372711;-0.0837982296943665;-0.197597309947014
4.11732339859009;-0.336247444152832;-13.2667274475098;-0.0210447013378143;-0.073858916759491;-0.29069510102272
1.39461803436279;-2.33510780334473;-13.1767654418945;-0.0134890079498291;0.0870195627212524;-0.22509890794754
6.53759050369263;-1.51098537445068;-9.85447406768799;-0.106316655874252;-0.0553691387176514;-0.257058709859848
4.57009363174438;-1.67113065719604;-10.6008329391479;-0.199010536074638;0.00405311584472656;-0.232377022504807
1.58619117736816;-3.50877213478088;-10.6699810028076;-0.128718614578247;0.0367244482040405;-0.219576731324196
4.0500340461731;-2.09024524688721;-9.56320571899414;-0.122499912977219;-0.000839054584503174;-0.158767223358154
5.59503316879272;-0.897921323776245;-9.47944927215576;-0.184470608830452;-0.036848783493042;-0.239566206932068
-0.337625503540039;-3.87066411972046;-8.60477352142334;-0.220003589987755;0.202469944953918;-0.244771957397461
3.21487092971802;-4.00177097320557;-9.26171779632568;-0.167702615261078;0.0232061147689819;-0.175612822175026
6.26785707473755;0.0916295051574707;-9.15260601043701;-0.139026433229446;-0.0767377912998199;-0.166705191135406
2.2879810333252;-2.83641195297241;-12.5885934829712;-0.249562084674835;0.036375105381012;-0.232840001583099
1.25641107559204;-4.42536878585815;-8.17885398864746;-0.208624482154846;0.159080445766449;-0.225814402103424
6.74242877960205;-1.35728669166565;-6.59917259216309;-0.222705453634262;-0.0976103544235229;-0.114281289279461
3.45483136177063;-2.83644247055054;-10.4044256210327;-0.247077807784081;-0.0399298071861267;-0.201314657926559
2.28235769271851;-4.51313209533691;-9.35705661773682;-0.240093439817429;0.0329928994178772;-0.173334181308746
4.62786865234375;-2.06901979446411;-7.29729032516479;-0.21663573384285;0.0607404112815857;-0.196491241455078
2.99194812774658;-2.59943604469299;-7.16296005249023;-0.297424793243408;0.0704714953899384;-0.131227985024452
0.882519245147705;-3.38366103172302;-9.78975963592529;-0.153945624828339;0.0875020325183868;-0.190944194793701
4.9469895362854;-2.38333559036255;-10.0763082504272;-0.182876586914063;-0.0550054311752319;-0.135750949382782
5.866774559021;-1.29953503608704;-9.96555137634277;-0.229965180158615;-0.0566355586051941;-0.2160684466362
-0.756705284118652;-4.06851768493652;-8.26094245910645;-0.253494054079056;0.239309549331665;-0.217622369527817
2.34803056716919;-3.20370244979858;-8.74078559875488;-0.124832361936569;0.090983510017395;-0.117957100272179
5.57196044921875;0.379747152328491;-9.37056732177734;-0.129242122173309;-0.0421188771724701;-0.166011452674866
1.30288982391357;-2.85388994216919;-11.0405654907227;-0.252714574337006;0.12188333272934;-0.182135343551636
-0.378316879272461;-4.52615737915039;-6.74606800079346;-0.264063596725464;0.297154933214188;-0.161784648895264
4.60755252838135;-1.112468957901;-5.06130599975586;-0.206079706549644;0.0603373348712921;-0.127965033054352
0.918521404266357;-2.63249015808105;-9.20543575286865;-0.226444184780121;0.152298808097839;-0.204054653644562
-0.383837699890137;-4.10561943054199;-6.89236879348755;-0.191922605037689;0.249741703271866;-0.101946957409382
1.74141931533813;-1.49020516872406;-3.2405846118927;-0.179839298129082;0.282535374164581;-0.136392816901207
0.191235780715942;-1.2501916885376;-1.31508207321167;-0.0929309576749802;0.256669521331787;-0.134679734706879
-0.88410758972168;-3.37377429008484;-6.39807605743408;-0.0936613231897354;0.241639614105225;-0.172695755958557
2.09044194221497;-0.473204851150513;-6.02621507644653;-0.0390180498361588;0.198008611798286;-0.0773016214370728
1.36806273460388;-0.00899100303649902;-3.24691104888916;-0.0872402042150497;0.242534786462784;-0.124781236052513
-3.03615784645081;-1.53358674049377;-3.14112877845764;0.0278812944889069;0.374518811702728;-0.150136321783066
0.274790048599243;0.338265180587769;-5.13440418243408;0.179126411676407;0.283158421516418;-0.165254592895508
2.6377010345459;2.58285784721375;-6.63492107391357;0.110266774892807;0.172211587429047;-0.22309610247612
-1.76403665542603;-0.297411322593689;-6.39621591567993;0.0874385759234428;0.312617123126984;-0.129311472177505
-1.1218855381012;0.427899599075317;-3.69561767578125;0.197939351201057;0.346904724836349;-0.164882510900497
1.36842751502991;3.10494160652161;-5.27694082260132;0.238249763846397;0.277955919504166;-0.170960023999214
-1.19865894317627;0.439380407333374;-6.06201696395874;0.151840403676033;0.284391433000565;-0.250907719135284
-2.02709150314331;-1.20648694038391;-4.77689170837402;0.0963897854089737;0.357024520635605;-0.14561516046524
-0.480621576309204;1.86674833297729;-3.56686496734619;0.162624076008797;0.424249351024628;-0.16356360912323
-1.47331595420837;1.4846510887146;-2.69187068939209;0.227850243449211;0.321443766355515;-0.187897339463234
-1.69335174560547;-2.41495776176453;-6.55958652496338;0.0948393940925598;0.312591999769211;-0.206807613372803
1.09082365036011;1.00976800918579;-6.15482759475708;0.125603035092354;0.274276226758957;-0.191617071628571
-1.13915824890137;0.315800786018372;-2.93400859832764;0.0277756005525589;0.35919314622879;-0.151813179254532
-2.36429762840271;-0.998211264610291;-4.35886383056641;0.18816077709198;0.334978550672531;-0.200907081365585
0.637514114379883;0.206414699554443;-6.65679788589478;0.173953711986542;0.247289001941681;-0.22706925868988
1.73079681396484;1.4961850643158;-4.98131418228149;0.0897967219352722;0.221077799797058;-0.244274243712425
-2.78064966201782;-1.96963429450989;-3.75558757781982;0.00204291939735413;0.366499781608582;-0.133352816104889
0.220215797424316;-1.04990911483765;-3.89967679977417;0.0859417617321014;0.273214310407639;-0.236913099884987
0.48035454750061;1.53102445602417;-5.39299058914185;0.15971365571022;0.322687298059464;-0.196987241506577
0.00478696823120117;-1.80239510536194;-5.78084230422974;-0.00553396344184875;0.207704782485962;-0.247634828090668
-2.49444818496704;-1.79164564609528;-4.31171464920044;0.0538429096341133;0.408367574214935;-0.127633601427078
0.635577201843262;0.100206613540649;-3.81143522262573;0.0241696238517761;0.332831829786301;-0.201872944831848
-0.979935646057129;1.03484797477722;-3.4000129699707;0.199569895863533;0.308613657951355;-0.223674014210701
-0.927411556243896;-2.25357913970947;-5.91946077346802;0.0854754596948624;0.245173752307892;-0.204380631446838
0.939408540725708;0.70887279510498;-6.49664640426636;0.0906738340854645;0.298967868089676;-0.157946780323982
-0.495685338973999;-0.152973294258118;-0.715511083602905;-0.00793410837650299;0.322604835033417;-0.167873114347458
-2.22490739822388;-1.24002325534821;-2.05982899665833;0.173065632581711;0.33019882440567;-0.214088380336761
0.231593608856201;-0.262789726257324;-4.63660430908203;0.143751114606857;0.265484511852264;-0.191953033208847
1.35056638717651;2.05367612838745;-5.03627395629883;0.109057262539864;0.256901949644089;-0.218494683504105
-1.62102174758911;-2.63930058479309;-3.25597643852234;-0.0492373928427696;0.272399634122849;-0.124248921871185
1.93036079406738;-0.787055730819702;-2.46218371391296;0.100284099578857;0.153694599866867;-0.213762283325195
3.084632396698;1.09372997283936;-6.56578493118286;0.095866322517395;0.125839948654175;-0.172214463353157
0.998869895935059;-2.18116474151611;-5.5235481262207;-0.0237151384353638;0.0926044583320618;-0.251900732517242
0.285098314285278;-2.51959609985352;-4.16818380355835;-0.0178220868110657;0.198016464710236;-0.119227282702923
3.6090350151062;0.56591272354126;-5.11370658874512;0.0346680879592896;0.106691479682922;-0.212856441736221
1.6911768913269;-0.451846122741699;-3.68813395500183;0.0966521501541138;0.0906191468238831;-0.246045529842377
1.43708610534668;-3.1736147403717;-6.3434591293335;0.0146912932395935;0.0804933905601501;-0.170152679085732
2.84575200080872;0.345006465911865;-6.73868083953857;0.0410820543766022;0.133106559514999;-0.185813337564468
1.21813917160034;0.11384105682373;-3.99881887435913;0.0200822800397873;0.161256641149521;-0.161687791347504
0.443004608154297;-1.60757637023926;-5.38891410827637;0.09921595454216;0.141684859991074;-0.225876852869987
2.61592721939087;0.113322734832764;-7.51847887039185;0.132184162735939;0.116096526384354;-0.13347926735878
2.84552621841431;0.242102384567261;-6.44338369369507;-0.0436191856861115;0.118597328662872;-0.237866118550301
-0.423129081726074;-2.56100964546204;-5.52377271652222;-0.0477055236697197;0.177436351776123;-0.12161635607481
2.32804012298584;-0.418378829956055;-5.88001918792725;0.0845241248607636;0.133959233760834;-0.233257323503494
2.93579292297363;1.71064782142639;-8.68454742431641;0.125301837921143;0.146481424570084;-0.177505031228065
0.917527675628662;-1.35970091819763;-7.2357120513916;0.0405047535896301;0.11870864033699;-0.215901643037796
-0.490632295608521;-0.847560346126556;-6.72206735610962;0.0975690484046936;0.241948932409286;-0.114762172102928
3.65291690826416;1.17356181144714;-7.34489583969116;0.0701380372047424;0.10279455780983;-0.19434517621994
1.012939453125;0.309465885162354;-7.42840528488159;0.133406266570091;0.138489037752151;-0.208655253052711
1.95429015159607;-1.96467792987823;-8.44451904296875;0.111084401607513;0.0467568337917328;-0.176747351884842
3.37991571426392;1.29863572120667;-9.74438285827637;0.08727166056633;0.101458549499512;-0.163066312670708
3.00398349761963;0.453279972076416;-6.98882293701172;0.0312353521585464;0.00263217091560364;-0.173136800527573
2.5896897315979;-1.1825270652771;-9.74576759338379;0.139525502920151;-0.0197349786758423;-0.257373064756393
4.64916753768921;1.830885887146;-9.94826030731201;0.213808968663216;-0.0269856452941895;-0.150217533111572
4.27198362350464;1.73371243476868;-9.91922187805176;0.0748955011367798;-0.009177565574646;-0.201115489006042
1.56432867050171;-1.39699220657349;-8.43926429748535;0.0523354560136795;-0.0046333372592926;-0.115300960838795
5.72575521469116;0.587835788726807;-10.2496614456177;0.1662258207798;-0.123447746038437;-0.192184537649155
5.04144716262817;2.53501081466675;-13.4919719696045;0.175994217395782;-0.0222430527210236;-0.186526864767075
3.18813514709473;-0.505594968795776;-11.1975622177124;0.102820485830307;-0.0757234692573547;-0.227910846471786
3.26176261901855;-0.571637034416199;-9.29854202270508;0.105584308505058;-0.0525680780410767;-0.104015648365021
6.09697246551514;2.32779693603516;-11.2890911102295;0.166714310646057;-0.0901206731796265;-0.189244270324707
3.55457139015198;0.900184869766235;-11.405255317688;0.194907426834106;-0.0440210103988647;-0.233606994152069
3.47271943092346;-1.42405045032501;-9.61525726318359;0.112658083438873;-0.10245069861412;-0.144966259598732
4.86261034011841;0.972778558731079;-9.25275421142578;0.0397554337978363;-0.0412372946739197;-0.132437348365784
4.1962628364563;1.65812540054321;-7.23981380462646;0.140943318605423;-0.082040399312973;-0.129143625497818
3.28447484970093;-1.11602878570557;-8.88303375244141;0.170453667640686;-0.0945384204387665;-0.223208650946617
4.92162084579468;1.63975524902344;-8.84038162231445;0.197912663221359;-0.0765979290008545;-0.145893663167953
4.96401453018188;1.34150552749634;-8.39084720611572;0.0435473024845123;-0.0796768069267273;-0.24018919467926
2.49207329750061;-1.70416283607483;-6.61569404602051;0.0321887135505676;-0.0629916787147522;-0.13264262676239
5.19160985946655;0.275010585784912;-6.9410080909729;0.164539366960526;-0.10555773973465;-0.218233406543732
4.75718116760254;1.74064421653748;-9.69631767272949;0.105763077735901;-0.0255903005599976;-0.222529038786888
2.39702081680298;-2.12117838859558;-7.37287092208862;-0.0398077070713043;-0.0391498804092407;-0.254100143909454
2.07952356338501;-1.43452560901642;-5.81002378463745;0.0380836874246597;0.0158119201660156;-0.142228364944458
6.25035095214844;0.925126075744629;-7.83314323425293;0.0322470664978027;-0.0995259881019592;-0.196734085679054
3.78938245773315;-0.0561318397521973;-8.57378387451172;0.106061309576035;-0.0702807307243347;-0.242877900600433
2.77105689048767;-2.11870265007019;-8.2031774520874;0.0729111731052399;-0.0458778440952301;-0.166112810373306
3.99145150184631;0.793830156326294;-7.96925687789917;0.0235624015331268;0.0286403894424438;-0.175577729940414
3.1198205947876;-0.522090911865234;-5.63382244110107;-0.0610033720731735;0.00348129868507385;-0.155808001756668
1.53344202041626;-1.07637405395508;-7.17592716217041;0.132458001375198;0.0461713373661041;-0.213431894779205
3.66593337059021;-0.376310110092163;-7.38934659957886;0.0473818480968475;0.042702853679657;-0.145908534526825
3.21588921546936;0.412915945053101;-6.93878746032715;-0.0480446815490723;0.0662306547164917;-0.208256632089615
0.503542423248291;-3.33930850028992;-4.74173831939697;-0.122432664036751;0.0671258270740509;-0.10596376657486
3.57979512214661;-0.235022306442261;-5.09040594100952;0.105262279510498;0.0193864703178406;-0.183968722820282
3.89378714561462;1.3101007938385;-8.57581233978271;0.055467501282692;0.0669592618942261;-0.157428205013275
1.86324548721313;-2.5321307182312;-7.16027736663818;-0.0755032002925873;0.012907862663269;-0.236819192767143
0.98172664642334;-1.73848533630371;-5.83536815643311;-0.00100846588611603;0.114074975252151;-0.109113141894341
5.83429861068726;0.951706886291504;-7.23602485656738;0.0255495011806488;-0.0758383870124817;-0.197829514741898
2.4309983253479;-0.487101316452026;-7.7384614944458;0.0699295997619629;0.0249794125556946;-0.245892912149429
2.94567179679871;-2.53052163124084;-8.59124279022217;0.0259532630443573;-0.0424064695835114;-0.156264171004295
4.45941543579102;0.186437129974365;-7.05117702484131;-0.0415589064359665;0.00262683629989624;-0.174624770879745
3.19605731964111;0.211324453353882;-7.18813180923462;0.0101051330566406;-0.0132050812244415;-0.155152469873428
3.05127453804016;-2.17240309715271;-8.34971904754639;0.046598881483078;-0.0492758750915527;-0.202182918787003
4.61366653442383;0.613809823989868;-8.05605792999268;0.10226646065712;-0.0213135778903961;-0.171063929796219
3.33723974227905;0.738024234771729;-8.45873069763184;-0.0189763605594635;0.0475901365280151;-0.250964641571045
1.1658411026001;-2.11242055892944;-6.91368532180786;-0.000552400946617126;0.0464259088039398;-0.101415775716305
5.63471269607544;-0.0320377349853516;-6.97067308425903;0.109623730182648;-0.109296143054962;-0.222142443060875
4.39624929428101;1.25123047828674;-10.2842502593994;0.0605036318302155;0.0121200084686279;-0.213010340929031
2.53019237518311;-1.9819438457489;-8.12082099914551;-0.0483047068119049;-0.034787118434906;-0.230273634195328
2.00729417800903;-1.702641248703;-6.45369482040405;-0.00689104199409485;0.0540803074836731;-0.123026549816132
6.55311727523804;1.73522472381592;-9.12495231628418;0.0825033783912659;-0.125402808189392;-0.237234443426132
3.18161249160767;-0.61725902557373;-9.99405574798584;0.0472908914089203;-0.0258776545524597;-0.288855969905853
2.85105633735657;-2.08532476425171;-9.94413661956787;0.0400639772415161;-0.0358984172344208;-0.15361250936985
4.71100807189941;0.813306570053101;-9.31041145324707;-0.00392007827758789;0.00239446759223938;-0.165485322475433
3.61938810348511;0.472890615463257;-8.51540946960449;0.0211493372917175;-0.0459290444850922;-0.225102603435516
3.75826263427734;-1.82987523078918;-9.97799873352051;0.0797773599624634;-0.0926713943481445;-0.267710447311401
4.981125831604;2.14059543609619;-9.31227397918701;0.215559169650078;-0.0427809059619904;-0.121255338191986
3.8345160484314;0.932112216949463;-9.38945865631104;0.0013548731803894;-0.00895535945892334;-0.281341761350632
1.98330593109131;-2.21458983421326;-8.20512676239014;-0.0100034922361374;-0.00977936387062073;-0.120766617357731
6.3237419128418;0.586169719696045;-8.28092575073242;0.165684819221497;-0.145029336214066;-0.191932082176208
5.25128936767578;1.54529666900635;-11.9594163894653;0.102868914604187;-0.0603968501091003;-0.258972436189651
2.46220636367798;-1.64948225021362;-9.66698169708252;0.00653260946273804;-0.0638390183448792;-0.237179294228554
3.76225137710571;-0.580089569091797;-7.87045621871948;0.0992274284362793;-0.0727522969245911;-0.123389139771461
6.48438310623169;2.9952278137207;-11.4459314346313;0.194830417633057;-0.114346742630005;-0.244093418121338
4.33097743988037;0.860689163208008;-11.6813898086548;0.215212553739548;-0.121226012706757;-0.294990420341492
3.54413270950317;-1.06728196144104;-10.464879989624;0.148822426795959;-0.0885301530361176;-0.134771525859833
5.54447937011719;1.78758668899536;-9.15410041809082;0.088793009519577;-0.0882325768470764;-0.194662600755692
3.76094818115234;1.15086960792542;-10.2748975753784;0.0965601205825806;-0.0549220144748688;-0.208539068698883
4.78059577941895;-1.19461107254028;-11.9161787033081;0.145510822534561;-0.171970129013062;-0.267258703708649
6.36524391174316;2.23961472511292;-11.351658821106;0.213064044713974;-0.108603537082672;-0.150161504745483
4.43609237670898;1.00107336044312;-10.9718379974365;0.0584647059440613;-0.0627278089523315;-0.280114084482193
2.63137936592102;-1.28010332584381;-10.3105745315552;0.0896403789520264;-0.0654496550559998;-0.145669370889664
8.17537307739258;0.0976629257202148;-11.3763122558594;0.125401198863983;-0.226882755756378;-0.282391220331192
6.10180282592773;2.55993986129761;-13.7830038070679;0.189619868993759;-0.107691258192062;-0.231630101799965
3.139399766922;-1.66660094261169;-10.0020704269409;0.0477274954319;-0.0837178528308868;-0.186946302652359
5.38587951660156;-0.803195238113403;-8.04434776306152;0.0813523828983307;-0.167860001325607;-0.149963885545731
7.35404014587402;2.32853364944458;-13.1154699325562;0.147999614477158;-0.137685775756836;-0.273761332035065
4.29061937332153;0.925652027130127;-14.0060844421387;0.231378793716431;-0.0883550047874451;-0.242162376642227
4.67364740371704;-1.7019476890564;-11.6621999740601;0.0983321368694305;-0.122959524393082;-0.184677094221115
6.88659286499023;2.95517134666443;-11.0754270553589;0.169019311666489;-0.107686102390289;-0.192728444933891
3.86976957321167;0.53749942779541;-13.6346254348755;0.0676693320274353;-0.0516276359558105;-0.3165223300457
3.8530707359314;-2.29470300674438;-12.2754812240601;0.0341222584247589;-0.0341972708702087;-0.328408360481262
7.35326623916626;1.25198125839233;-11.5208034515381;0.0614700317382813;-0.145269453525543;-0.241873294115067
4.26833915710449;0.257483005523682;-13.7637233734131;-0.0110623240470886;-0.0485749244689941;-0.258413642644882
2.69663858413696;-2.22252130508423;-12.6832141876221;-0.0244714021682739;-0.00587236881256104;-0.2481419891119
6.93807649612427;-1.71126174926758;-10.3809337615967;-0.0951780378818512;-0.095080554485321;-0.24816557765007
5.07990264892578;-0.62440824508667;-10.8288116455078;-0.093675971031189;-0.0320374369621277;-0.26895409822464
1.48719453811646;-2.73270559310913;-11.7239856719971;-0.0670698881149292;0.03127720952034;-0.190390199422836
4.85386610031128;-1.95781946182251;-10.9113874435425;-0.0786902606487274;-0.0643045902252197;-0.211847931146622
6.54633712768555;-0.391165733337402;-12.2590770721436;-0.139921754598618;-0.0706595778465271;-0.245169222354889
1.29869842529297;-3.30771112442017;-9.6738805770874;-0.159086912870407;0.106977641582489;-0.26551029086113
2.82147526741028;-2.90818476676941;-9.62209510803223;-0.0619139224290848;0.0353340208530426;-0.123623266816139
6.02737188339233;0.674939632415771;-11.0451984405518;-0.0626575648784637;-0.043334424495697;-0.233811676502228
2.52395963668823;-1.30063796043396;-15.0189752578735;-0.107845544815063;0.0579094886779785;-0.251322239637375
2.47671461105347;-3.50312185287476;-10.952917098999;-0.0777090191841125;0.0905508995056152;-0.259974658489227
6.90291309356689;0.770145893096924;-12.552393913269;0.0146580934524536;-0.0839126110076904;-0.215975195169449
3.99310398101807;0.027867317199707;-15.3795289993286;-0.0259125232696533;-0.0284625291824341;-0.28971791267395
2.77515506744385;-1.41297388076782;-14.7653589248657;0.0574505031108856;0.00595700740814209;-0.27430534362793
7.31281185150146;0.616213321685791;-12.7151918411255;0.106116235256195;-0.124597489833832;-0.291016638278961
6.10118961334229;1.5381875038147;-15.9549674987793;0.0867361724376678;-0.0590955018997192;-0.271863907575607
2.13819074630737;-0.411642551422119;-14.7492818832397;0.108596622943878;0.0203052163124084;-0.227055251598358
5.19696807861328;-0.0802741050720215;-11.2763614654541;0.114463478326797;-0.122698098421097;-0.223114788532257
7.21417617797852;2.62973690032959;-15.9877557754517;0.146845906972885;-0.104560554027557;-0.279905557632446
4.8880500793457;0.456934452056885;-16.056453704834;0.155090868473053;-0.102115094661713;-0.270642787218094
4.69390344619751;-2.73037528991699;-13.2766256332397;0.00644481182098389;-0.132960021495819;-0.227974832057953
7.22953271865845;2.62124490737915;-12.1746730804443;0.123763203620911;-0.167884349822998;-0.225083023309708
4.77788305282593;0.891798496246338;-15.3156719207764;0.0991984307765961;-0.0851128101348877;-0.265386700630188
5.44585561752319;-1.40326118469238;-15.0708255767822;0.136064201593399;-0.186259508132935;-0.273335218429565
8.12745666503906;2.81322431564331;-13.7609758377075;0.262407392263412;-0.228815540671349;-0.1095000654459
4.90773487091064;1.93051075935364;-13.2457008361816;0.135048031806946;-0.0828811228275299;-0.22150045633316
3.7600998878479;-1.11260366439819;-9.77099418640137;0.0996661484241486;-0.153594523668289;-0.182105988264084
7.65708065032959;0.659661293029785;-12.1378612518311;0.174598187208176;-0.225668877363205;-0.231443613767624
5.70429611206055;2.5073459148407;-14.4729986190796;0.174296796321869;-0.0743646621704102;-0.184877574443817
2.96024370193481;-0.98792839050293;-10.65296459198;0.0834718942642212;-0.0875166058540344;-0.288444608449936
4.49094390869141;-0.458171844482422;-9.07705211639404;0.102512061595917;-0.135867923498154;-0.126931443810463
6.59797477722168;2.34723091125488;-12.2969388961792;0.148344159126282;-0.122336506843567;-0.22044512629509
4.39323329925537;-0.0208663940429688;-12.8779859542847;0.121842235326767;-0.11786949634552;-0.246161997318268
3.65921306610107;-1.4780181646347;-11.0128955841064;0.126484274864197;-0.090230256319046;-0.141392886638641
5.59667634963989;1.70079565048218;-11.003514289856;0.0861243009567261;-0.0827230513095856;-0.160939425230026
3.68654179573059;1.1841869354248;-9.54935646057129;0.106937378644943;-0.0561330020427704;-0.20279423892498
3.95619988441467;-1.34072542190552;-11.0814924240112;0.124832719564438;-0.12228125333786;-0.224750578403473
5.10307168960571;2.26637291908264;-10.4353952407837;0.232368975877762;-0.0548445582389832;-0.177332907915115
4.56058788299561;0.812845706939697;-10.9618968963623;0.00119456648826599;-0.0541733503341675;-0.234673485159874
2.34883165359497;-1.61626720428467;-8.34706401824951;0.0379272699356079;-0.0647886097431183;-0.107913583517075
6.03142738342285;0.377444267272949;-9.53735160827637;0.149477154016495;-0.131094723939896;-0.189607441425323
4.48449325561523;1.77821826934814;-12.6723117828369;0.0982917845249176;0.0195183157920837;-0.173072203993797
1.91515922546387;-1.57687163352966;-8.22937393188477;-0.00681120157241821;0.003440260887146;-0.234658420085907
1.7992103099823;-2.00060629844666;-5.35529088973999;-0.00387671589851379;0.058692455291748;-0.122270010411739
3.89354753494263;1.44441437721252;-7.8608570098877;0.0624900758266449;0.0912346839904785;-0.218646377325058
0.563452243804932;-1.34122824668884;-5.65330696105957;-0.00835949182510376;0.169744729995728;-0.242132693529129
0.526572704315186;-3.50843262672424;-7.66524362564087;-0.0581906288862228;0.138788849115372;-0.139410793781281
2.18306684494019;-0.470376968383789;-7.41858911514282;-0.0745390951633453;0.196828722953796;-0.166917160153389
0.44393253326416;-0.926263093948364;-4.1481409072876;-0.101118206977844;0.228686034679413;-0.182944267988205
-1.60170793533325;-2.06078219413757;-6.26610851287842;0.0510434806346893;0.286506980657578;-0.190469205379486
1.49679780006409;-0.0707499980926514;-7.37291765213013;0.0944637656211853;0.188819169998169;-0.154528975486755
2.1683406829834;0.894170522689819;-7.22524547576904;-0.00650909543037415;0.17733108997345;-0.250602841377258
-1.44704055786133;-2.33169651031494;-7.06594657897949;-0.0550104454159737;0.267013669013977;-0.119831264019012
0.743446350097656;-0.194787740707397;-6.60966539382935;0.10966694355011;0.225885719060898;-0.227059751749039
2.47657132148743;1.45336961746216;-8.8920726776123;0.0970275402069092;0.18088561296463;-0.146010294556618
0.603309154510498;-1.41936922073364;-8.68761730194092;-0.0156908631324768;0.124253869056702;-0.222766235470772
-1.10723042488098;-1.98941576480865;-5.79742050170898;-0.0115193054080009;0.276194632053375;-0.123097538948059
2.69312143325806;0.921904563903809;-8.03223037719727;0.0536811351776123;0.177099883556366;-0.205840229988098
1.06669521331787;0.324181795120239;-8.33116912841797;0.1102654337883;0.15328386425972;-0.206351205706596
0.439196348190308;-2.0178554058075;-9.14564323425293;0.0875038355588913;0.14439982175827;-0.152480140328407
1.61956524848938;0.796081781387329;-7.7917218208313;0.067790150642395;0.222681254148483;-0.167482852935791
0.646398067474365;0.341708183288574;-4.71389865875244;0.0258103460073471;0.227950364351273;-0.204356551170349
-1.79097604751587;-1.59258663654327;-6.03656339645386;0.114049717783928;0.29310804605484;-0.24856698513031
0.246646642684937;-0.102734088897705;-7.27226972579956;0.119589909911156;0.275064527988434;-0.164005234837532
0.664462566375732;0.715354919433594;-5.63760566711426;-0.0198767483234406;0.302541017532349;-0.232553511857986
-3.03845357894897;-1.65121579170227;-5.52461957931519;-0.00374174118041992;0.392921328544617;-0.110934622585773
-1.44182682037354;-0.496465921401978;-4.25764274597168;0.112578243017197;0.361445963382721;-0.235456138849258
0.896522760391235;2.28277826309204;-4.70064783096313;0.192145138978958;0.317863702774048;-0.216055005788803
-0.824163436889648;-1.23011636734009;-5.40423059463501;0.0191493928432465;0.261540472507477;-0.286844581365585
-2.70320558547974;-2.1618344783783;-3.82675743103027;0.00426238775253296;0.388342767953873;-0.167029768228531
0.394598007202148;0.728918313980103;-2.17716479301453;0.0545157194137573;0.358994364738464;-0.210167497396469
-0.740124702453613;1.12470626831055;-0.153761476278305;0.174593731760979;0.289193868637085;-0.187307894229889
-1.79912519454956;-0.925081729888916;-6.05533266067505;0.183282971382141;0.303907960653305;-0.201495260000229
0.955823421478271;1.00818014144897;-6.34483814239502;0.102133959531784;0.27413621544838;-0.165342941880226
-0.526825189590454;1.29455852508545;-3.07044219970703;0.077327698469162;0.332438111305237;-0.200589016079903
-3.52383160591125;-0.252991199493408;-3.07781362533569;0.19968469440937;0.401356667280197;-0.234854251146317
-0.619054794311523;0.545850992202759;-5.83337926864624;0.193203523755074;0.342176973819733;-0.220943778753281
2.02454042434692;1.77305889129639;-5.69321489334106;0.0549266934394836;0.22693657875061;-0.190918028354645
-1.73960065841675;-1.87941992282867;-5.99007797241211;-0.0697557181119919;0.309802889823914;-0.147792190313339
-1.96441674232483;-1.72948336601257;-4.01956844329834;0.0138278603553772;0.425810694694519;-0.161908864974976
3.06389379501343;0.156819820404053;-3.88567018508911;-0.0782332271337509;0.159546166658401;-0.113670721650124
0.0493578910827637;-1.50570750236511;-8.94063949584961;-0.0995188727974892;0.224729090929031;-0.187530845403671
-1.36973118782043;-2.60753536224365;-7.52041673660278;-0.0506643727421761;0.301244974136353;-0.113453343510628
0.955258846282959;0.0758607387542725;-4.91350221633911;-0.0235382169485092;0.32024672627449;-0.149328142404556
-0.567488431930542;0.218340396881104;-2.86540913581848;0.0638087391853333;0.281923085451126;-0.18458878993988
-1.57378435134888;-1.54416465759277;-8.47541809082031;0.0922798216342926;0.265252143144608;-0.164437025785446
0.793821811676025;1.03354263305664;-8.98411178588867;0.11986443400383;0.281123220920563;-0.149642586708069
-0.409653663635254;1.5232013463974;-5.69845294952393;0.0775502473115921;0.320656567811966;-0.158476144075394
-3.79029846191406;-0.83542412519455;-5.28416776657104;0.132835194468498;0.406244575977325;-0.179179251194
-0.372732400894165;0.904146313667297;-7.86684846878052;0.211895793676376;0.303420007228851;-0.14190074801445
1.58990025520325;3.06959867477417;-8.27859973907471;0.162964046001434;0.238396167755127;-0.197134658694267
-2.54830765724182;-0.77846759557724;-8.43671894073486;0.0689222887158394;0.33476334810257;-0.135977908968925
-1.30883932113647;0.510356426239014;-6.19014167785645;0.195837244391441;0.359439760446548;-0.224488705396652
1.29587769508362;2.10268545150757;-7.14366388320923;0.143425717949867;0.273406147956848;-0.186189964413643
-1.16764831542969;0.154344797134399;-9.12517738342285;0.0986668020486832;0.268391668796539;-0.246138572692871
-1.52412343025208;-1.40277552604675;-7.94086265563965;0.0561053901910782;0.326600939035416;-0.154327198863029
1.57928872108459;0.701717615127563;-5.58197355270386;0.050695464015007;0.274692475795746;-0.179269775748253
0.499426364898682;0.230354070663452;-3.53065991401672;0.0759908705949783;0.204347521066666;-0.147657036781311
-1.08040523529053;-2.66795420646667;-6.80087423324585;-0.00196358561515808;0.225254833698273;-0.169200122356415
2.58867883682251;-0.670632362365723;-5.65699863433838;-0.0143630653619766;0.127784043550491;-0.132761999964714
1.69180870056152;-0.580100297927856;-3.27336955070496;-0.136533364653587;0.208052039146423;-0.173727303743362
-1.48125839233398;-3.82930064201355;-3.67958569526672;-0.175654977560043;0.266623079776764;-0.197189703583717
0.763732433319092;-3.38834524154663;-4.49690723419189;-0.115476794540882;0.196927160024643;-0.143931716680527
4.77177143096924;-0.968049287796021;-5.17511749267578;-0.226590648293495;0.0152214765548706;-0.157135859131813
0.279601097106934;-2.92852020263672;-6.80683946609497;-0.216652631759644;0.173031657934189;-0.15590962767601
-0.166134357452393;-4.1730523109436;-4.26698446273804;-0.187851577997208;0.248540818691254;-0.192013695836067
4.78753137588501;-1.47712695598602;-1.5563553571701;-0.195850074291229;0.0235739648342133;-0.0993572846055031
2.32818508148193;-2.70708560943604;-8.18203449249268;-0.224216714501381;0.0381540358066559;-0.179601192474365
0.90348482131958;-4.99807167053223;-7.82673978805542;-0.259810507297516;0.120901674032211;-0.147871181368828
4.32354402542114;-2.66647624969482;-6.35253286361694;-0.254816353321075;0.0846847295761108;-0.152937233448029
3.2677891254425;-2.58021998405457;-7.63849401473999;-0.289250433444977;0.0649692416191101;-0.199634373188019
0.944532871246338;-3.73537445068359;-11.240424156189;-0.173400491476059;0.0910062193870544;-0.192542463541031
4.2714376449585;-2.48499202728271;-10.9278345108032;-0.175116062164307;-0.0274885892868042;-0.162546157836914
5.04633712768555;-1.21015548706055;-11.7607316970825;-0.231704384088516;0.0225375294685364;-0.208612561225891
-0.244391441345215;-3.90251684188843;-10.5362815856934;-0.244179666042328;0.232130438089371;-0.212461918592453
2.48358058929443;-3.62293744087219;-11.2406358718872;-0.14795783162117;0.0892960131168365;-0.155367150902748
5.83093404769897;1.21262884140015;-10.9691953659058;-0.0361103713512421;-0.0517930388450623;-0.220023214817047
2.41767644882202;-2.32111740112305;-15.3043127059937;-0.219738855957985;0.0718638300895691;-0.245122671127319
1.23649215698242;-3.93923687934875;-12.8746929168701;-0.17234542965889;0.172872543334961;-0.268200516700745
7.13524770736694;-0.662208318710327;-11.1028966903687;-0.15323993563652;-0.118099391460419;-0.145017147064209
3.55722880363464;-1.01216721534729;-16.5289936065674;-0.112419471144676;4.38690185546875E-05;-0.234870344400406
1.63110494613647;-2.69881939888;-14.5379638671875;-0.0775862336158752;0.0735982358455658;-0.19354847073555
5.66557455062866;-2.29453349113464;-12.7467060089111;-0.198249757289886;0.0141939520835876;-0.243596494197845
4.20184278488159;-0.532013654708862;-14.011754989624;-0.129513308405876;0.0493739247322083;-0.218275874853134
1.69145202636719;-2.49697494506836;-15.5458536148071;-0.0743728578090668;0.0279843211174011;-0.28541162610054
5.26926040649414;-0.601683378219604;-13.9093770980835;0.0273438990116119;-0.0900731086730957;-0.190796822309494
7.37797927856445;1.88266706466675;-15.7678537368774;0.0661016702651978;-0.119351506233215;-0.327697157859802
2.50513887405396;-1.37396860122681;-15.732234954834;0.00264468789100647;0.0356261134147644;-0.267632365226746
4.63738870620728;-1.5779767036438;-12.7142295837402;0.0568414032459259;-0.0897468030452728;-0.192455261945724
7.62557983398438;3.09209060668945;-12.6065788269043;0.132011115550995;-0.146218031644821;-0.205993786454201
4.06988906860352;1.47741222381592;-17.0806579589844;0.122730255126953;-0.0480044484138489;-0.25975090265274
3.90825843811035;-1.8879816532135;-14.6208763122559;0.0662395358085632;-0.0138137340545654;-0.28356796503067
7.81416606903076;1.7596869468689;-13.1003379821777;0.0991438329219818;-0.152768194675446;-0.21785631775856
4.89809131622314;0.722139358520508;-15.1777105331421;0.0196957290172577;-0.0762830376625061;-0.2270827293396
3.21037721633911;-0.975959300994873;-14.4906320571899;0.076437920331955;-0.0306628942489624;-0.238604739308357
7.85252380371094;0.236324787139893;-13.5865859985352;0.0728363990783691;-0.138021171092987;-0.313549816608429
4.35009574890137;0.530515432357788;-12.6988649368286;-0.072968453168869;0.011078953742981;-0.0830157697200775
1.2783465385437;-0.796754956245422;-8.89281558990479;0.0450050607323647;-0.0657421126961708;0.010545015335083
3.04177951812744;0.134060055017471;-5.08173227310181;-0.0305210761725903;-0.00768949463963509;0.0303654614835978
0.439987301826477;-1.04155421257019;-5.92538118362427;-0.026041554287076;0.0472415089607239;0.0100787347182631
0.351801425218582;0.019721120595932;-6.17522621154785;0.0140721257776022;0.0577117018401623;0.0267848707735538
0.182226330041885;-0.415000975131989;-6.44887542724609;-0.0247543230652809;0.0579800605773926;0.0209201872348785
0.312411159276962;-0.012990839779377;-5.64331388473511;-0.00526287779211998;0.0259249601513147;0.0139680970460176
0.275983422994614;-0.25836443901062;-5.27126121520996;-0.0288029499351978;0.0162099301815033;0.0198588408529758
0.00848400592803955;0.495170891284943;-5.35683584213257;0.0314702317118645;0.0285472758114338;0.0152041744440794
0.225987315177917;0.10809363424778;-5.12316799163818;0.00320225767791271;0.00740210525691509;0.0183413624763489
0.152407288551331;0.0615130364894867;-5.02858257293701;0.011705094948411;0.0155911138281226;0.0177595261484385
-0.139659136533737;-0.116949364542961;-4.47758626937866;0.00700254552066326;0.022857490926981;0.0167325176298618
-0.236120730638504;0.065410315990448;-4.49766635894775;0.00810350943356752;0.0203455910086632;0.0145852472633123
-0.286208301782608;0.15180392563343;-4.07595634460449;0.00707652047276497;0.0185902118682861;0.0140037974342704
0.0789918899536133;0.144977554678917;-3.80356931686401;0.00563325919210911;0.0149640422314405;0.0129285622388124
0.023705393075943;-0.106206327676773;-3.576899766922;0.00599009543657303;0.0116882249712944;0.015213000588119
-0.318964391946793;0.0830672532320023;-3.88653659820557;0.00849114079028368;0.0168737769126892;0.0127687305212021
-0.0162227153778076;0.300940662622452;-3.25395750999451;0.00583477132022381;0.00701804831624031;0.0145387127995491
0.13919423520565;-0.0666547566652298;-3.36444115638733;0.00973663665354252;0.0159620009362698;0.0129632074385881
-0.242253392934799;-0.0724587440490723;-3.19691061973572;0.00156817957758904;0.00994860008358955;0.0130794998258352
-0.179348558187485;0.37866598367691;-3.03801202774048;0.00758197717368603;0.0161487609148026;0.011481249704957
0.195189848542213;-0.188310086727142;-2.93969035148621;0.000932173803448677;0.010619493201375;0.0158526320010424
-0.437939763069153;-0.0434891581535339;-2.76074600219727;-0.00620242953300476;0.0166431237012148;0.0134126394987106
0.165876314043999;0.252934992313385;-2.77867436408997;0.0114205526188016;0.0103646479547024;0.00842147506773472
-0.0743958353996277;-0.117379322648048;-2.59846043586731;0.00323267839848995;0.000944431871175766;0.0173089373856783
0.121727019548416;0.28162556886673;-2.50655078887939;0.00301800388842821;0.000876443460583687;0.0104681700468063
-0.0702375173568726;-0.220307260751724;-2.41563749313354;0.000549624674022198;0.0126527175307274;0.0145387649536133
-0.125266909599304;0.306380420923233;-2.36033892631531;0.00549505837261677;0.00952927768230438;0.0113813187927008
0.0433540344238281;-0.173086643218994;-2.35203409194946;0.00345215480774641;0.0089811235666275;0.0120139010250568
-0.12865886092186;0.239712029695511;-2.16844582557678;0.00202878192067146;0.00547441467642784;0.0128457369282842
0.121052861213684;-0.158110216259956;-2.05872368812561;0.00185719970613718;0.00613016821444035;0.017140619456768
-0.0958569645881653;0.322713196277618;-2.10106205940247;0.0124652143567801;0.00409847684204578;0.0115578975528479
0.0143219977617264;-0.222929790616035;-2.06149530410767;-0.00471964105963707;0.00944974645972252;0.0124915102496743
-0.013143926858902;0.296707451343536;-1.95170974731445;0.00485551729798317;0.00314756110310555;0.0127067659050226
-0.0841275453567505;-0.120460048317909;-1.90867209434509;0.00857428647577763;0.0112146437168121;0.0149411708116531
0.169546633958817;0.300687968730927;-1.81939709186554;0.00984385702759027;-0.00291632674634457;0.0120923109352589
-0.207991629838943;-0.0587803721427917;-1.80255973339081;0.0115840351209044;0.00908602401614189;0.00947113428264856
0.178095802664757;0.14685446023941;-1.75078475475311;0.00279198680073023;0.004835594445467;0.0113492552191019
-0.198676273226738;-0.00161583721637726;-1.73371553421021;-0.00064556859433651;0.00490753725171089;0.0109397592023015
0.084463357925415;-0.0610119849443436;-1.61607086658478;0.00279912166297436;0.0083689708262682;0.012316707521677
0.042489767074585;0.239094242453575;-1.58127725124359;0.00391511805355549;-0.00271998345851898;0.0140347769483924
-0.197912663221359;-0.178235083818436;-1.58843970298767;0.000779465772211552;0.0132511854171753;0.0103257978335023
0.335677713155746;0.235094726085663;-1.56403386592865;0.00653415452688932;-0.00483047403395176;0.0108748925849795
-0.482553273439407;0.132205903530121;-1.41109395027161;0.0126904603093863;0.0218079257756472;0.0149913784116507
0.233963549137115;-0.0421709194779396;-1.49625718593597;0.00581274833530188;-4.10657376050949E-05;0.00903721246868372
-0.000147372484207153;0.226348847150803;-1.39448392391205;0.00295235961675644;0.0023767314851284;0.0134529955685139
-0.135229349136353;-0.110389977693558;-1.40581798553467;0.00111103057861328;0.00418123975396156;0.0103282518684864
0.26066580414772;0.0262701287865639;-1.36951982975006;0.00285887625068426;0.000155739486217499;0.0124948220327497
-0.177821695804596;0.160007983446121;-1.35392558574677;-8.55699181556702E-06;0.00882461294531822;0.00925916712731123
0.0104739516973495;-0.110855512320995;-1.30986869335175;0.000765752047300339;-0.00245528575032949;0.00748340133577585
0.0809102058410645;0.144076436758041;-1.29298889636993;0.012931558303535;0.00935797858983278;0.00909630581736565
-0.0954388976097107;0.250552535057068;-1.27315497398376;0.00796185899525881;0.00476384721696377;0.0107040209695697
-0.120292499661446;-0.14938573539257;-1.30519759654999;-0.00321836955845356;0.00467406399548054;0.0108930431306362
0.248325899243355;0.00280395150184631;-1.26372289657593;0.00297833746299148;-0.00208746362477541;0.0114657701924443
0.00810396671295166;0.170595452189445;-1.14096903800964;0.00154347717761993;0.00056331604719162;0.0110269412398338
-0.200720503926277;0.00913634896278381;-1.19735908508301;0.00550754647701979;0.00793919898569584;0.0111884530633688
0.140817448496819;-0.0471313819289207;-1.14016997814178;0.00453744968399405;0.00239878334105015;0.00993889197707176
0.0254240930080414;0.123903535306454;-1.21887958049774;-0.000649584457278252;0.00583602488040924;0.0130203831940889
-0.250311106443405;0.307114034891129;-1.11593627929688;0.0191749595105648;0.0119970813393593;0.0117088342085481
0.00516888499259949;-0.0806843489408493;-1.13123333454132;0.00283168442547321;0.00204925797879696;0.0134396450594068
0.184026658535004;0.00811640545725822;-1.10749959945679;0.00151273747906089;0.0011187712661922;0.00749147450551391
-0.081605851650238;0.250363796949387;-1.05405640602112;0.00795697513967752;0.00508441217243671;0.0114299599081278
-0.0687790960073471;-0.00183908641338348;-1.06400048732758;0.00377912260591984;-0.000504801049828529;0.0112076392397285
0.0767901241779327;-0.1400436013937;-0.978073716163635;-0.00143750663846731;0.00219200644642115;0.012652263045311
0.126548036932945;0.0862528532743454;-1.00476837158203;0.0023529315367341;0.000417632982134819;0.0082329111173749
-0.0580656826496124;0.214490160346031;-1.01505637168884;0.0064258174970746;0.00298685021698475;0.0104576647281647
-0.0671367049217224;-0.0804919749498367;-1.00073659420013;-0.00148964580148458;0.000324184074997902;0.0110773453488946
0.0621487498283386;-0.101567879319191;-0.989167630672455;0.000250469893217087;0.00297837797552347;0.0104381591081619
0.111344754695892;0.108763918280602;-0.979195296764374;0.0034165233373642;0.00103442743420601;0.0120112523436546
-0.039765253663063;0.161405012011528;-0.948488116264343;0.0038969973102212;0.00352369621396065;0.00764583284035325
-0.0755024552345276;-0.0788821950554848;-0.914276421070099;-0.00390527956187725;0.00177479162812233;0.0082195783033967
0.0612219423055649;-0.0638369545340538;-0.945257246494293;-0.000708668492734432;-0.00139332842081785;0.0095533998683095
0.0767013877630234;0.044221255928278;-0.929778873920441;0.0022932356223464;0.000839805230498314;0.00811850093305111
0.057752251625061;0.0935791358351707;-0.90316253900528;0.00210215523838997;0.000857587903738022;0.011800903826952
-0.0330667048692703;0.0206329300999641;-0.847439587116241;0.000389331020414829;0.000996673479676247;0.00951771438121796
-0.0243823230266571;0.00651508569717407;-0.879366755485535;0.00222511682659388;0.00239110551774502;0.0114703997969627
0.041949450969696;-0.0200370401144028;-0.897534370422363;0.00051728542894125;0.000330605544149876;0.00951787829399109
0.0341454297304153;0.0333836004137993;-0.832114994525909;0.00345130497589707;0.00229649804532528;0.00815384369343519
0.0326181650161743;0.0645273551344872;-0.852740526199341;0.00184992048889399;0.000762917101383209;0.0130450464785099
-0.0203999504446983;-0.019102431833744;-0.773682415485382;-0.00156051851809025;0.000950005371123552;0.00264697172679007
0.0181074142456055;-0.0114295780658722;-0.80253791809082;0.00133381318300962;0.00109278224408627;0.0134253539144993
0.0403661727905273;0.0527322888374329;-0.810743451118469;0.00310810143128037;0.000316927209496498;0.00689185876399279
-0.000148087739944458;0.0510854050517082;-0.832373917102814;0.00309245195239782;0.00149601884186268;0.0100073125213385
0.0141270160675049;0.000692635774612427;-0.76277619600296;0.00129697006195784;0.000114968046545982;0.0100092655047774
-0.0149330794811249;0.0305867791175842;-0.783014476299286;0.00473078805953264;0.00266670435667038;0.0118551757186651
0.0561905205249786;-0.0114272683858871;-0.804396390914917;-0.000655909068882465;0.000634694471955299;0.0115728359669447
0.100363194942474;0.0425325110554695;-0.775113105773926;0.00088364165276289;-0.00119977444410324;0.0101216584444046
-0.0345176607370377;0.076953798532486;-0.782352387905121;0.00123314838856459;0.0027476642280817;0.00803543627262115
-0.0533582121133804;0.062881700694561;-0.751137375831604;0.00394795741885901;0.00132151879370213;0.0106199830770493
-0.0303710997104645;-0.0244647562503815;-0.709346652030945;0.00182765163481236;0.000836341641843319;0.00842753890901804
0.0196919441223145;-0.0139925703406334;-0.764534413814545;0.00333047239109874;0.00213876273483038;0.00981395691633224
0.0957010090351105;-0.0654038414359093;-0.734501123428345;-0.00189557624980807;-0.000789769925177097;0.0101127307862043
0.0672653615474701;0.0521671548485756;-0.721503734588623;0.00215734448283911;0.00204900838434696;0.01102489605546
0.00366336107254028;0.145004123449326;-0.685616135597229;0.00510911364108324;0.00429356843233109;0.00935970805585384
-0.0229094475507736;0.112737290561199;-0.726207673549652;0.0025673508644104;-0.000252524390816689;0.00816534180194139
-0.069209024310112;0.0285668671131134;-0.701008319854736;0.00129679404199123;-0.000288449227809906;0.010636106133461
-0.0623272359371185;-0.0469584167003632;-0.716638922691345;0.00169465783983469;0.00178146176040173;0.00957575812935829
0.00285361707210541;-0.0558501482009888;-0.686312913894653;0.00274217734113336;0.000992435961961746;0.00890479423105717
0.0697811990976334;-0.0268190875649452;-0.693236947059631;0.00290846638381481;0.00195493176579475;0.0102436551824212
0.117608845233917;-0.0176244005560875;-0.683770775794983;-6.54053874313831E-05;0.000635746866464615;0.00923893600702286
0.0798313468694687;0.0943897888064384;-0.628368556499481;0.00215124804526567;0.00154273584485054;0.00858829449862242
0.00378182530403137;0.116487227380276;-0.61469566822052;0.00138803292065859;0.00180194713175297;0.00697727873921394
-0.0275569558143616;0.116685107350349;-0.656161427497864;0.00229355599731207;-7.33509659767151E-06;0.00972934160381556
-0.0821855217218399;0.0776260495185852;-0.654303193092346;0.00299717858433723;0.00128630362451077;0.010158896446228
-0.0700882077217102;-0.0142258405685425;-0.592022657394409;0.000687941908836365;-0.00116760097444057;0.00903401989489794
-0.0900059789419174;0.00202904641628265;-0.648169279098511;0.00666564097627997;0.00327801704406738;0.0104131773114204
0.0136495381593704;-0.0761445760726929;-0.644472360610962;0.00123851746320724;-0.00028078630566597;0.0122597869485617
0.0536845624446869;-0.0143224000930786;-0.718225955963135;0.00607773195952177;0.00191135331988335;0.0132408160716295
0.109490394592285;-0.0547191724181175;-0.555534541606903;0.00187161890789866;3.37790697813034E-05;0.00942691788077354
0.128561168909073;-0.0189359560608864;-0.626305282115936;-0.00101033598184586;0.00144629273563623;0.00841324217617512
0.147202894091606;0.0923936143517494;-0.615749716758728;0.00169213023036718;-0.000291933305561543;0.0086454376578331
0.0872212946414948;0.160670831799507;-0.574389755725861;0.00226858071982861;0.000130977481603622;0.00907720159739256
0.0220928192138672;0.165876165032387;-0.608913421630859;0.0025623170658946;-0.000642748549580574;0.00959761254489422
-0.0608078688383102;0.144202649593353;-0.574542343616486;0.00170047767460346;0.000213027000427246;0.00918875262141228
-0.0946869403123856;0.100827053189278;-0.545301020145416;0.00145123526453972;-0.000356340780854225;0.00835302751511335
-0.117000997066498;0.0560561344027519;-0.543834745883942;0.00255309604108334;-0.000643262639641762;0.00879116542637348
-0.118450358510017;-0.026834562420845;-0.56959480047226;0.00224222149699926;-0.000118732452392578;0.00827092863619328
-0.103432729840279;-0.0649966150522232;-0.578456580638886;0.00238777045160532;0.000751761719584465;0.0102606825530529
-0.0243046879768372;-0.101853914558887;-0.581742823123932;0.00228501250967383;-0.000418500974774361;0.00857499241828918
0.0162037312984467;-0.103360742330551;-0.536084115505219;0.00120666855946183;0.00105957686901093;0.00853637233376503
0.079895406961441;-0.0840307623147964;-0.556102812290192;0.00235102069564164;-0.000492442399263382;0.00878133345395327
0.0908303707838058;-0.0472026467323303;-0.559243679046631;0.00259343930520117;0.000276300124824047;0.00865869130939245
0.0934555381536484;-0.0237047299742699;-0.61051207780838;-0.000374629627913237;0.00324317067861557;0.00838623847812414
0.148346558213234;0.0343975052237511;-0.658991515636444;0.00181067548692226;0.00284189824014902;0.00866293162107468
0.108502924442291;0.126451164484024;-0.511993646621704;0.00294028222560883;-0.00036974623799324;0.00898900907486677
0.0554060041904449;0.0865319520235062;-0.471241772174835;0.000947707332670689;-0.000249903649091721;0.00867854058742523
0.00855110585689545;0.107182756066322;-0.563835918903351;0.000936658121645451;0.00166996940970421;0.00899429433047771
0.011398121714592;0.10274401307106;-0.527871131896973;0.00199582427740097;-0.000214433297514915;0.00904749240726233
-0.000646814703941345;0.0542804896831512;-0.539331078529358;-0.000264600850641727;0.000333091244101524;0.00920922681689262
-0.0510687083005905;0.0483443252742291;-0.535292088985443;0.000684988219290972;0.00137967057526112;0.00606953492388129
0.011846587061882;0.0308331921696663;-0.530393540859222;-3.40882688760757E-05;-0.000774219632148743;0.0101330243051052
-0.0222655683755875;0.024611659348011;-0.534389972686768;0.000760040245950222;-0.000500244088470936;0.00722247362136841
0.00530865788459778;0.0221522524952888;-0.509665906429291;0.000476876273751259;-0.00158073753118515;0.00765679590404034
0.0106939077377319;0.0031079426407814;-0.515491604804993;-9.49851237237453E-05;-0.00081840343773365;0.0071594943292439
-0.0162883400917053;0.0598465800285339;-0.51203578710556;0.00322476588189602;-0.00129583850502968;0.00994383171200752
0.0103168040513992;0.00848051905632019;-0.51025664806366;0.00162778468802571;-0.00172180589288473;0.00837881676852703
-0.0139213651418686;0.0457568243145943;-0.51021808385849;0.00205065775662661;0.000764299184083939;0.00855103507637978
0.000129804015159607;0.0124146714806557;-0.481881886720657;0.00208650808781385;-0.00208948366343975;0.010220187716186
-0.00737845897674561;-0.0170799642801285;-0.510597109794617;0.00138102006167173;-0.00205041095614433;0.0126835908740759
-0.0239868462085724;0.0360785871744156;-0.497882306575775;0.00269034132361412;0.000831166282296181;0.0121234208345413
0.0254017561674118;0.00354731827974319;-0.502049744129181;0.000747110228985548;-0.000632764771580696;0.0073052579537034
0.0299935638904572;0.00755595788359642;-0.493543446063995;0.000939936377108097;-0.000982260331511498;0.00472959550097585
0.0411514043807983;-0.00111746042966843;-0.489950984716415;-0.00126768136397004;-0.00127507513388991;-0.00374090066179633
0.0400288738310337;0.0255065634846687;-0.477387338876724;0.000137887429445982;-0.00110872276127338;-0.00323154358193278
0.00050782784819603;0.00891246367245913;-0.512214660644531;-9.88974643405527E-05;-0.00121215474791825;0.000129580672364682
-0.0279281958937645;0.0597966834902763;-0.484479039907455;0.00251173158176243;-0.000181133858859539;0.00403533084318042
-0.00273063406348228;0.0246211532503366;-0.504606246948242;-0.000594915589317679;-0.000544507056474686;-0.00292023923248053
0.0123859625309706;0.024953156709671;-0.504688560962677;0.000567026901990175;-0.00229733111336827;-0.00151504948735237
-0.00916475243866444;0.0355233997106552;-0.504106998443604;0.00122094538528472;-0.00251351157203317;0.000394647649955004
0.0107215009629726;0.0302121620625257;-0.490275830030441;0.0003994086291641;-0.0023867036215961;-0.00271461857482791
0.0069794924929738;0.0392287261784077;-0.507966816425323;0.00100232986733317;-0.00273887068033218;-0.00142145133577287
0.00626610266044736;0.0297062732279301;-0.496801018714905;0.0012101735919714;-0.0027305455878377;-0.000455037108622491
0.0247316919267178;0.0239417366683483;-0.492291331291199;0.000208622484933585;-0.00297079770825803;-0.000117366565973498
0.00389932654798031;0.0214443728327751;-0.473280727863312;-2.37651984207332E-05;-0.00165645848028362;0.000231939658988267
0.0103235868737102;0.0342470481991768;-0.468802511692047;0.000965263694524765;-0.00155114196240902;0.000253697915468365
0.013995467685163;0.0219788290560246;-0.498018026351929;0.000273892481345683;-0.00267821713350713;-0.000410134613048285
0.0155805833637714;0.0237455740571022;-0.4766905605793;0.000574798905290663;-0.00260958052240312;-0.000427184888394549
0.0115141170099378;0.0180513523519039;-0.487076878547668;-0.000272928300546482;-0.00226220255717635;0.000182628238690086
1.10846012830734E-05;0.029131818562746;-0.469192177057266;0.000597868522163481;-0.00134307390544564;-3.7735779187642E-05
0.00722287688404322;0.0199418421834707;-0.460202515125275;0.000107343439594842;-0.00188946176785976;-0.00021993721020408
0.00172570021823049;0.0302322804927826;-0.478858768939972;0.000780133355874568;-0.0015906993066892;-0.000443698489107192
0.0204708203673363;0.0283900089561939;-0.484379142522812;0.000431611202657223;-0.002856858773157;2.83237131952774E-05
0.00534340646117926;0.0200650952756405;-0.503781497478485;-4.76083951070905E-05;-0.00164817518088967;0.000233071274124086
0.000171471387147903;0.0315835699439049;-0.503003120422363;0.000655907555483282;-0.0013573975302279;0.000305028341244906
0.0118975704535842;0.027076555415988;-0.449530184268951;0.000441596261225641;-0.00248687854036689;-0.000387772015528753
0.0172841809689999;0.0284178145229816;-0.475803792476654;0.000794284685980529;-0.00306923245079815;-0.000156003588926978
0.00384117010980845;0.0288589708507061;-0.470489978790283;0.000529855256900191;-0.00144337839446962;0.000177898997208104
0.00439777690917253;0.0356359258294106;-0.447066187858582;0.000900354236364365;-0.00151047273539007;0.000102982434327714
0.00152684468775988;0.0248761661350727;-0.451979041099548;0.000615519471466541;-0.00170002365484834;-0.00010239050607197
