"Force X (N)";"Force Y (N)";"Force Z (N)";"Torque X (N-m)";"Torque Y (N-m)";"Torque Z (N-m)";"Frequency = 1000";"Averaging Level = 16";"F/T Serial Number = FT38684";"Time Started = 20.12.2023 14:20:54"
"-0,00811025500297546";"0,00985152833163738";"0,0414854288101196";"0,000727891048882157";"0,000468128768261522";"4,73790423711762E-05"
"-0,000105600862298161";"0,00652776472270489";"0,0526793822646141";"0,000375596689991653";"-0,00020485557615757";"-0,000119891483336687"
"0,0043450859375298";"-0,00439891498535872";"0,0460838191211224";"-0,000436815083958209";"-0,000424675497924909";"-0,000266474380623549"
"0,00430017290636897";"-0,00302586937323213";"0,0334827080368996";"-0,000261301436694339";"-0,000538726337254047";"-7,19292220310308E-05"
"-1,65000092238188E-05";"0,00986920576542616";"0,0399470999836922";"0,00055607600370422";"-0,000214255196624435";"-0,00025455019203946"
"0,00559984287247062";"0,0140184424817562";"0,0541971698403358";"0,00100470590405166";"-0,000523801369126886";"-0,000174440036062151"
"-0,000623037107288837";"-0,00245119095779955";"0,0432701110839844";"-0,000146060454426333";"-0,000232400256209075";"-0,000354614690877497"
"-0,000845257192850113";"0,0127277858555317";"0,0594684295356274";"0,000810835452284664";"-0,000209872479899786";"-0,000302884232951328"
"-0,00199116719886661";"0,0050593763589859";"0,0259481742978096";"5,45250077266246E-06";"0,000272028963081539";"9,81123230303638E-05"
"0,0101558938622475";"-0,00619631540030241";"0,0125079555436969";"-0,000560900429263711";"-0,00109343032818288";"-8,22808433440514E-05"
"0,00645973347127438";"0,0104011809453368";"0,0220380742102861";"0,000730954925529659";"-0,000687082821968943";"9,65322178672068E-05"
"-0,00599075853824615";"0,0177421383559704";"0,0469401329755783";"0,00134532386437058";"0,000205294578336179";"-0,000135921858600341"
"0,00772271770983934";"0,0100178103893995";"0,0471185147762299";"0,000681082543451339";"-0,000903304608073086";"7,04136800777633E-06"
"0,0132412305101752";"0,00331515492871404";"0,0235974751412869";"0,000208257581107318";"-0,00136713276151568";"-4,73047548439354E-05"
"0,00349920196458697";"0,010600658133626";"0,034647386521101";"0,000703871075529605";"-0,000291231030132622";"-0,000140658710733987"
"0,00999340415000916";"-0,00108605076093227";"0,0364599078893662";"-8,1512684118934E-05";"-0,000829427561257035";"3,13078489853069E-05"
"-0,00407022703438997";"0,00991230737417936";"0,0470417663455009";"0,000691259512677789";"8,92958487384021E-05";"-7,92728387750685E-05"
"-9,94610891211778E-05";"0,00669145211577415";"0,0400407426059246";"0,000387773761758581";"-0,000284830603050068";"-8,31352808745578E-05"
"-0,000534664373844862";"-0,00134247774258256";"0,0544453039765358";"-5,82084176130593E-05";"-0,000184135948074982";"-0,000105339626315981"
"0,00692850956693292";"0,00381246721372008";"0,0399998649954796";"2,00801878236234E-07";"-0,000734988716430962";"1,7427508282708E-05"
"0,000152921071276069";"-0,000148843857459724";"0,0511373430490494";"-0,000342259474564344";"-0,000173044172697701";"-0,000121577657409944"
"0,00188912637531757";"0,00854395516216755";"0,0821281298995018";"0,000565927824936807";"-0,00032526470022276";"-0,000392375921364874"
"-0,00517040677368641";"0,00782387424260378";"0,0401082672178745";"0,000431636814028025";"0,000437819573562592";"-8,15311213955283E-05"
"-0,00392016209661961";"0,0142903691157699";"0,037065502256155";"0,000910828472115099";"0,000127541046822444";"-0,000226685835514218"
"0,00700327102094889";"0,00385967921465635";"0,0617155507206917";"0,000451997213531286";"-0,000584200257435441";"8,67665075929835E-05"
"-0,0052805133163929";"0,011257822625339";"0,0359512194991112";"0,000798104389104992";"0,000367656903108582";"-8,32317164167762E-05"
"-0,00622306251898408";"0,00509918807074428";"0,0556196272373199";"0,000324372784234583";"0,000459628994576633";"-6,05384084337857E-05"
"-0,000525910407304764";"0,0127613982185721";"0,0234486889094114";"0,000896829296834767";"9,88639076240361E-05";"-1,96612018044107E-06"
"-0,000260139699093997";"0,00798696465790272";"0,0415473356842995";"0,000650366768240929";"-0,000442266755271703";"-0,000183193915290758"
"-0,00797494407743216";"0,0154211688786745";"0,0259115044027567";"0,00106290495023131";"0,000521790934726596";"0,000184354183147661"
"-0,00995020754635334";"-0,00023559620603919";"0,0554985404014587";"-0,000153440894791856";"0,000684589263983071";"9,5684161351528E-05"
"0,00265401881188154";"0,00135651952587068";"0,0514646917581558";"-1,90016580745578E-05";"-0,000337282428517938";"-7,74025538703427E-05"
"0,00779125653207302";"0,00643818266689777";"0,0400613658130169";"0,000236367341130972";"-0,000767270335927606";"-0,000168232290889136"
"-0,00140870176255703";"0,00448903162032366";"0,0388816632330418";"0,000229358920478262";"0,000147017621202394";"8,99058286449872E-05"
"0,00363834365271032";"0,00972395297139883";"0,0429877825081348";"0,000655532174278051";"-0,000417690433096141";"-3,72012291336432E-05"
"0,00251625222153962";"0,00927346758544445";"0,0486951135098934";"0,000755090557504445";"-0,000457933900179341";"-0,000178425194462761"
"-0,000124568527098745";"0,000825027818791568";"0,0541395507752895";"-0,000130152708152309";"-9,84206926659681E-05";"-4,77863795822486E-05"
"0,00590949365869164";"-0,00219821417704225";"0,0737454816699028";"-0,000322255655191839";"-0,000846464768983424";"-0,000341252103680745"
"0,00273559521883726";"0,00326987588778138";"0,0261298641562462";"-9,38456651056185E-05";"-3,18287347909063E-05";"0,000227750279009342"
"0,00367382913827896";"0,0088754715397954";"0,0275289248675108";"0,000585875590331852";"-0,000552356708794832";"1,21616594697116E-05"
"-0,00694407150149345";"0,0170132704079151";"0,0160366967320442";"0,0011022319085896";"0,000488870078697801";"9,41334874369204E-05"
"-0,00474507920444012";"0,0141523014754057";"0,0243328493088484";"0,000895918579772115";"3,89325432479382E-05";"9,61843470577151E-05"
"-0,000304376590065658";"0,00180927873589098";"0,0542565956711769";"1,67421821970493E-05";"-4,56675625173375E-05";"-0,000104567108792253"
"-0,00030705239623785";"0,00642211176455021";"0,0528347380459309";"0,000454291584901512";"-0,000109485641587526";"9,583227802068E-05"
"-0,00941871199756861";"0,0188425220549107";"0,0591888353228569";"0,00120946031529456";"0,000564063549973071";"-0,000101730933238287"
"-0,00588219333440065";"0,0077202320098877";"0,0553629919886589";"0,000469273247290403";"0,000237578176893294";"-4,72502761112992E-05"
"-0,000962682301178575";"0,00713710580021143";"0,0722335055470467";"0,000449394341558218";"-0,000198643523617648";"-0,000225823692744598"
"0,00344107812270522";"0,0108374375849962";"0,0347017869353294";"0,000833172292914242";"-0,000402592471800745";"7,40020186640322E-05"
"-0,00305700907483697";"0,00729774869978428";"0,0288042798638344";"0,000432644737884402";"-1,93918240256608E-05";"0,000141121650813147"
"0,00262631988152862";"0,00352046405896544";"0,0556843876838684";"0,000177608075318858";"-0,000295104109682143";"-1,75708410097286E-05"
"-0,00493135722354054";"0,0145631851628423";"0,0539265647530556";"0,00093303486937657";"0,000367910019122064";"-0,00020370511629153"
"0,00716813746839762";"-0,00226069591008127";"0,0307495780289173";"-0,000109353873995133";"-0,000901316176168621";"-1,61437419592403E-05"
"-0,00875212345272303";"0,0053234351798892";"0,0454915091395378";"0,000317695899866521";"0,000287508824840188";"0,000133186375023797"
"-0,0111097991466522";"0,00893090479075909";"0,0590445697307587";"0,00025377789279446";"0,000661710451822728";"-0,00023274525301531"
"0,00170325906947255";"0,0180803798139095";"0,0569352693855762";"0,00123903504572809";"8,00267443992198E-05";"2,92435543087777E-05"
"-0,00614062324166298";"0,0026747127994895";"0,0878610014915466";"0,00013294248492457";"0,000507858756463975";"-0,000275023689027876"
"-0,00292152632027864";"0,0101629896089435";"0,03288209810853";"0,000464007607661188";"0,00024287735868711";"-7,05747661413625E-05"
"-0,000457442045444623";"0,00502201542258263";"0,0318760126829147";"0,000251358287641779";"5,5001652071951E-05";"-7,10135427652858E-05"
"-0,0041018701158464";"0,0134097076952457";"0,0245884545147419";"0,000969609478488564";"6,46145781502128E-05";"0,000168683138326742"
"0,000835098326206207";"0,0049790502525866";"0,0457027330994606";"0,000273935642326251";"-0,000373768445570022";"-0,000209718709811568"
"-0,00396411400288343";"0,000624538748525083";"0,0680873990058899";"-0,000191049097338691";"0,000317943980917335";"-0,000127084567793645"
"0,00154783646576107";"0,00632079923525453";"0,0529229901731014";"0,000469467195216566";"-0,000221044974750839";"5,32190024387091E-05"
"-0,000319960294291377";"0,00829500705003738";"0,0443809293210506";"0,000473588414024562";"4,44169854745269E-05";"-0,000279946340015158"
"0,00047966605052352";"0,00380535400472581";"0,037551287561655";"0,000332929019350559";"-0,000306452711811289";"1,63014501595171E-05"
"-0,00749210827052593";"0,0145702818408608";"0,0382100045681";"0,000839651213027537";"0,000367897097021341";"0,000117213239718694"
"-0,00032361876219511";"0,018207898363471";"0,0457405149936676";"0,0012915157712996";"0,0001911356812343";"0,000152831416926347"
"0,00273975590243936";"-0,00426382571458817";"0,068294882774353";"-0,000494064588565379";"-0,000302552536595613";"-4,15184986195527E-05"
"-0,00102232815697789";"0,00692269671708345";"0,0371874421834946";"0,000269196112640202";"5,16076106578112E-05";"0,000103031139587983"
"0,000829534139484167";"0,00565853994339705";"0,0555250942707062";"0,000239325658185408";"-0,000111487795948051";"-0,000218179571675137"
"0,00244720582850277";"0,00814006756991148";"0,0571903213858604";"0,000729080988094211";"-0,000410851265769452";"5,50645490875468E-05"
"0,00146339321509004";"0,0130931260064244";"0,0374923944473267";"0,00105932482983917";"-0,000268260337179527";"8,97786158020608E-05"
"0,00468332320451736";"0,00786983221769333";"0,0654191598296165";"0,000486869947053492";"-0,000435201625805348";"-0,000198738882318139"
"-0,0046475799754262";"0,0051882560364902";"0,0594232231378555";"0,000198792011360638";"2,17200577026233E-05";"-3,21397637890186E-05"
"0,00582357123494148";"-0,00349809252656996";"0,0527552962303162";"-0,000519463210366666";"-0,000685285951476544";"-0,000250082433922216"
"-0,00294836331158876";"0,0172369070351124";"0,0483100116252899";"0,00125910248607397";"-1,29780382849276E-05";"6,5505359089002E-05"
"-0,00106024532578886";"0,00269257789477706";"0,0414578653872013";"1,83570082299411E-05";"-0,000101530735264532";"7,51236220821738E-05"
"-0,0016535174800083";"-0,000985120190307498";"0,0657666325569153";"3,77075921278447E-05";"-1,25447695609182E-06";"-8,51115910336375E-05"
"-0,0044055413454771";"0,0161856934428215";"0,0549580492079258";"0,000929116737097502";"0,000119528325740248";"-4,6835673856549E-05"
"0,00887337792664766";"0,00610583648085594";"0,0737074315547943";"0,000346262182574719";"-0,00100627215579152";"-8,16187530290335E-05"
"-0,00558599177747965";"-0,000797286513261497";"0,044685497879982";"4,94043779326603E-05";"0,000236600899370387";"-9,42537917580921E-06"
"-0,00335174007341266";"0,00784874148666859";"0,0346198081970215";"0,000499038491398096";"0,000304032029816881";"0,00013128129648976"
"-0,0127115119248629";"0,0149954538792372";"0,0622499734163284";"0,00112259667366743";"0,000725142657756805";"-0,000158340175403282"
"0,0128312408924103";"0,0175033677369356";"0,040639441460371";"0,00162205914966762";"-0,0012546683428809";"-7,89350997365545E-06"
"-0,00210591126233339";"0,0106904525309801";"0,0512642934918404";"0,000663839920889586";"0,000166327256010845";"3,8640180719085E-05"
"0,00953781791031361";"0,00946180801838636";"0,0633841156959534";"0,000212711573112756";"-0,000928402878344059";"-1,60425770445727E-07"
"-0,0068863844498992";"0,0037853792309761";"0,0750630721449852";"0,00021917036792729";"0,000334737240336835";"3,31939954776317E-05"
"0,0039566271007061";"0,00916193425655365";"0,0357510857284069";"0,00056575023336336";"-0,000730090425349772";"-2,79968298855238E-05"
"0,00216913339681923";"0,0128026818856597";"0,0201478525996208";"0,000812622078228742";"-0,00071669794851914";"5,03431037941482E-05"
"0,00017652046517469";"-0,000121383287478238";"0,0602556392550468";"8,37869010865688E-05";"1,98393681785092E-05";"2,81255524896551E-05"
"0,00167951197363436";"0,000900909013580531";"0,0542766936123371";"-1,29664695123211E-05";"-0,00028280180413276";"0,000124429061543196"
"-0,00597347319126129";"0,00830787513405085";"0,0596301034092903";"0,000426693062763661";"0,000558009254746139";"-5,79901789024007E-05"
"-0,00348182511515915";"0,00788046419620514";"0,0452420711517334";"0,000235071129282005";"5,73078286834061E-05";"7,66971133998595E-05"
"0,000820421380922198";"0,0112404869869351";"0,0456777773797512";"0,000686381245031953";"-5,80523337703198E-05";"5,06234828208108E-05"
"-0,00350584671832621";"0,00460834894329309";"0,0761648789048195";"0,000109742133645341";"-6,87476131133735E-05";"-0,000124891710584052"
"-0,00201854668557644";"0,0034719561226666";"0,061087355017662";"0,000217644163058139";"-0,000204465075512417";"1,18435491458513E-05"
"-0,00509357778355479";"0,0103245442733169";"0,0568886175751686";"0,000747265701647848";"0,000238189779338427";"-0,000102973965113051"
"0,00292133796028793";"0,00374633213505149";"0,0526661202311516";"8,41334694996476E-05";"-0,000409728672821075";"-1,97121153178159E-05"
"-0,000720486976206303";"0,0107101518660784";"0,0390663594007492";"0,000953688402660191";"1,36009184643626E-05";"0,000291595759335905"
"-0,0145866852253675";"0,00396313052624464";"0,0468068867921829";"0,000118727548397146";"0,000862268614582717";"-0,000152962675201707"
"-0,00158039852976799";"0,0122466115280986";"0,057910468429327";"0,000655273324809968";"-5,55419246666133E-05";"0,000155233254190534"
"-0,00125364284031093";"-0,00415867380797863";"0,0627012699842453";"-0,000420529395341873";"-4,52606909675524E-05";"-1,46847742144018E-06"
"0,00211276230402291";"0,00651836674660444";"0,0707661360502243";"0,000287324073724449";"-0,000355237163603306";"-0,000111527828266844"
"0,00161477387882769";"0,00515940366312861";"0,0514698028564453";"0,000309984490741044";"-0,000214456376852468";"-0,000105358398286626"
"-0,00830783229321241";"-0,000324868771713227";"0,0767908692359924";"6,77470816299319E-05";"0,000473480438813567";"-0,000152350708958693"
"0,0031078034080565";"0,017023641616106";"0,0468056201934814";"0,00104599026963115";"-0,000413971138186753";"-0,000321936153341085"
"0,00240210979245603";"0,00942575559020042";"0,0530018620193005";"0,000900102488230914";"-0,000525287003256381";"3,84587474400178E-05"
"0,00188458245247602";"0,00671521201729774";"0,0611024722456932";"0,000459086732007563";"-0,00048178166616708";"-7,33938795747235E-05"
"0,0059403725899756";"0,0142540810629725";"0,0623873248696327";"0,000933940813411027";"-0,000626671593636274";"-4,22745652031153E-05"
"0,00381265114992857";"0,00864212587475777";"0,0498958453536034";"0,00050109182484448";"-0,000416990456869826";"2,30950754485093E-05"
"-0,0209198445081711";"0,138567104935646";"-0,00617522886022925";"0,00819866731762886";"0,00285415723919868";"0,00674984510987997"
"0,492070436477661";"-0,0254152715206146";"-0,636562824249268";"-0,0222444720566273";"-0,0422802120447159";"-0,0170369185507298"
"0,48699164390564";"0,12823086977005";"-1,53948831558228";"0,0136041641235352";"-0,0441709533333778";"-0,0533082745969296"
"-0,0318703055381775";"-0,376515030860901";"-0,22807402908802";"-0,0317307561635971";"-0,0393430441617966";"-0,0209797918796539"
"-0,789718389511108";"-0,969678640365601";"0,317572236061096";"-0,00559970736503601";"0,0303691327571869";"-0,154742181301117"
"0,958036005496979";"-0,955418169498444";"-0,162924379110336";"-0,0270171016454697";"0,0228870064020157";"-0,042456828057766"
"2,20850896835327";"0,666855692863464";"1,19005930423737";"-0,0734879299998283";"-0,0444876551628113";"-0,111024975776672"
"-1,27062797546387";"1,42743825912476";"-0,290369242429733";"0,00631849467754364";"0,0436832010746002";"-0,188993230462074"
"-1,65810799598694";"-1,57970428466797";"2,67991876602173";"-0,0504571944475174";"0,0222244262695313";"-0,181213572621346"
"1,58133816719055";"-0,451103687286377";"1,31323659420013";"-0,0198074579238892";"-0,0126141905784607";"-0,164324477314949"
"-1,53932845592499";"1,86197805404663";"-1,21479284763336";"0,0693907886743546";"0,00808806717395782";"-0,102081887423992"
"1,24394035339355";"-1,91379046440125";"0,61457097530365";"-0,0206787884235382";"-0,0129350125789642";"-0,12712898850441"
"1,15652990341187";"1,83744359016418";"-0,11994680762291";"-0,0227429494261742";"-0,0436483472585678";"-0,146101579070091"
"-1,94768238067627";"-1,56951224803925";"-2,11088705062866";"-0,0163207799196243";"0,114116758108139";"-0,140010699629784"
"0,374112129211426";"3,24368858337402";"-0,0832524299621582";"0,0535382330417633";"-0,0233041644096375";"-0,435808539390564"
"1,7257251739502";"1,3079309463501";"-3,0279905796051";"-0,00806927680969238";"-0,0677833557128906";"-0,987346529960632"
"0,768774032592773";"-1,25629901885986";"0,522876143455505";"-0,028447151184082";"-0,0536572933197021";"-0,971544444561005"
"-1,61494636535645";"-0,533229827880859";"-2,27292275428772";"-0,0596517324447632";"-0,013535737991333";"-0,776720762252808"
"-0,36745548248291";"-2,18344974517822";"-2,63911581039429";"-0,0692420601844788";"-0,0242241621017456";"-0,676757216453552"
"0,0651817321777344";"-0,250223636627197";"-5,49251461029053";"-0,0731031894683838";"0,00651419162750244";"-0,471635520458221"
"-0,776122808456421";"-0,551790356636047";"-3,55016779899597";"0,0738804936408997";"-0,0299627333879471";"-0,153093487024307"
"-0,99599814414978";"-2,86061310768127";"-3,81929540634155";"-0,0373255237936974";"0,0325708091259003";"-0,12982776761055"
"-1,2251443862915";"-1,18455767631531";"-4,01927804946899";"0,0175985097885132";"0,0817079991102219";"-0,113961659371853"
"0,375487327575684";"-1,77386379241943";"-10,5934400558472";"0,0487009137868881";"-0,0227257013320923";"-0,142176866531372"
"0,644586563110352";"-2,2231605052948";"-9,0417652130127";"-0,0239180475473404";"-0,0539662539958954";"-0,151528492569923"
"-1,47103261947632";"-2,35198950767517";"-2,76713681221008";"0,0848616361618042";"0,0542433857917786";"-0,162320464849472"
"-1,84751605987549";"-2,21439456939697";"-3,08798336982727";"-0,00784291326999664";"0,081652507185936";"-0,0943419933319092"
"-0,64269495010376";"-2,37508273124695";"-12,4147272109985";"-0,0310308933258057";"0,0510297119617462";"-0,120844930410385"
"1,73328542709351";"-1,45465898513794";"-6,92530059814453";"0,108916193246841";"-0,108355015516281";"-0,229306846857071"
"-1,55787324905396";"-2,89113569259644";"-1,4162095785141";"-0,068424180150032";"0,0345446169376373";"-0,154270127415657"
"-2,11935639381409";"-2,42023944854736";"-8,87373924255371";"0,0217631459236145";"0,0904494822025299";"-0,14378659427166"
"0,252987146377563";"-2,71103882789612";"-9,79051494598389";"-0,065922349691391";"-0,00531262159347534";"-0,127551719546318"
"0,0498435497283936";"-1,14372134208679";"-4,40568780899048";"0,0974178314208984";"-0,0221387147903442";"-0,132180362939835"
"-1,71059203147888";"-3,13570976257324";"-5,10813236236572";"-0,0769950523972511";"0,0916763246059418";"-0,132759556174278"
"-0,880427122116089";"-1,8035933971405";"-10,7624187469482";"0,0529681295156479";"0,0412266850471497";"-0,1532062292099"
"0,165618896484375";"-2,30091905593872";"-7,83190488815308";"-0,00956606864929199";"-0,0244517028331757";"-0,177651643753052"
"-0,238246917724609";"-1,56870317459106";"-2,9956419467926";"0,110348522663116";"-0,0233102142810822";"-0,175367847084999"
"-1,37981629371643";"-3,31221103668213";"-4,41032838821411";"-0,0647514835000038";"0,0604930520057678";"-0,126729294657707"
"-1,06458401679993";"-2,61204433441162";"-8,8979549407959";"-0,0210439711809158";"0,00622141361236572";"-0,144180044531822"
"-0,0502219200134277";"-0,683111190795898";"-4,70318031311035";"0,1642195135355";"-0,00423234701156616";"-0,109099350869656"
"-0,0842771530151367";"-3,09591102600098";"-3,19980478286743";"-0,0662615895271301";"-0,00923356413841248";"-0,147248268127441"
"-1,98686957359314";"-1,84792935848236";"-8,68247985839844";"0,0279273688793182";"0,0936394780874252";"-0,149603292346001"
"-0,208535671234131";"-2,69077086448669";"-8,93523406982422";"-0,0342637598514557";"-0,0579984188079834";"-0,170015066862106"
"0,246913433074951";"-0,938857793807983";"-4,9203724861145";"0,156014621257782";"-0,0180467665195465";"-0,171524047851563"
"-0,722373843193054";"-2,42270851135254";"-3,10339665412903";"-0,051120538264513";"0,0414185374975204";"-0,0645443797111511"
"-1,07376098632813";"-2,44177842140198";"-11,3573389053345";"-0,00206002593040466";"0,0645529925823212";"-0,148689344525337"
"0,281816482543945";"-2,35213804244995";"-9,03598976135254";"0,0199435204267502";"-0,0830162167549133";"-0,14980736374855"
"-0,410683631896973";"-0,839373230934143";"-2,28007864952087";"0,174429908394814";"0,0157168507575989";"-0,174339637160301"
"-0,858813285827637";"-2,45762372016907";"-4,69264650344849";"-0,0767671167850494";"0,0507225394248962";"-0,144202679395676"
"0,099153995513916";"-2,20841693878174";"-12,2821798324585";"-0,00587362051010132";"-0,0144944489002228";"-0,149929761886597"
"-0,834614515304565";"-2,18486571311951";"-6,96402835845947";"0,0997660160064697";"-0,0311375260353088";"-0,136353209614754"
"-0,775189638137817";"-1,75752639770508";"-1,29894804954529";"0,0111347138881683";"0,0515552759170532";"-0,143145218491554"
"-1,22718238830566";"-2,33936738967896";"-8,68256282806396";"-0,0176076591014862";"0,077406108379364";"-0,181724935770035"
"-1,5590283870697";"-2,42057347297668";"-10,442834854126";"-0,0122666358947754";"0,0399924218654633";"-0,161653831601143"
"0,104746341705322";"-1,32308006286621";"-5,72785043716431";"0,116217598319054";"-0,0711748600006104";"-0,168485045433044"
"-0,851686477661133";"-2,22005653381348";"-3,42147350311279";"-0,0142030939459801";"0,0823677331209183";"-0,101556062698364"
"-0,424129724502563";"-1,85023009777069";"-9,70087623596191";"0,0107711106538773";"0,0401176363229752";"-0,115828476846218"
"-0,517648935317993";"-1,8427586555481";"-10,3010787963867";"0,0104010254144669";"0,000758111476898193";"-0,142809391021729"
"-0,126542091369629";"-2,1331946849823";"-3,72198820114136";"0,107858553528786";"-0,0458514392375946";"-0,178748279809952"
"-1,34071254730225";"-2,62116312980652";"-2,86513614654541";"-0,0213387981057167";"0,105522945523262";"-0,108556523919106"
"-0,425100564956665";"-1,02321696281433";"-12,068959236145";"0,0474472194910049";"0,0348055362701416";"-0,170956745743752"
"0,869643211364746";"-1,90982103347778";"-8,76030540466309";"0,0335552841424942";"-0,11913326382637";"-0,15463325381279"
"-1,60107064247131";"-3,08386445045471";"-2,72275805473328";"0,00166169553995132";"0,0622133612632751";"-0,102629333734512"
"-0,62308669090271";"-2,23383259773254";"-7,81826019287109";"-0,00506559014320374";"0,0748360753059387";"-0,138011306524277"
"-1,41689348220825";"-1,4894163608551";"-11,362265586853";"0,0168194770812988";"0,0722645074129105";"-0,12996743619442"
"-0,52027702331543";"-1,76844000816345";"-4,68512582778931";"0,104825407266617";"-0,0701268017292023";"-0,170260980725288"
"-0,733611106872559";"-3,17735910415649";"-2,74204564094543";"-0,05348189920187";"0,0306328237056732";"-0,126905187964439"
"0,159979104995728";"-1,40011429786682";"-12,2269535064697";"0,0296797454357147";"0,0477045774459839";"-0,11401405185461"
"-0,305593013763428";"-2,19910478591919";"-9,35506916046143";"-0,0112622380256653";"-0,0456473231315613";"-0,154040515422821"
"-0,955504417419434";"-1,14973258972168";"-1,40443706512451";"0,14595465362072";"0,00291931629180908";"-0,146583542227745"
"-1,1907422542572";"-2,885910987854";"-4,82069063186646";"-0,0378241837024689";"0,0941994190216064";"-0,106025531888008"
"-0,525314331054688";"-2,35900068283081";"-10,2396812438965";"0,00583578646183014";"0,0429771840572357";"-0,203421711921692"
"0,0636940002441406";"-1,67206633090973";"-7,71943044662476";"0,0397064089775085";"-0,0641618669033051";"-0,169502913951874"
"-0,926170349121094";"-1,32555460929871";"-1,41822421550751";"0,13011808693409";"-0,0160112977027893";"-0,136231303215027"
"-0,671741724014282";"-3,80601119995117";"-8,82233142852783";"-0,0907146781682968";"0,0408927500247955";"-0,104415155947208"
"0,372344255447388";"-2,76020336151123";"-10,4875631332397";"-0,0788924992084503";"-0,00987035036087036";"-0,111812472343445"
"-0,123778820037842";"-1,15019249916077";"-5,68215322494507";"0,088997095823288";"-0,0727014541625977";"-0,190112382173538"
"-1,80027174949646";"-2,86393070220947";"-4,25329923629761";"-0,000442519783973694";"0,0492632687091827";"-0,14237405359745"
"-0,513631582260132";"-2,00059294700623";"-10,0041351318359";"0,0303538888692856";"0,069817990064621";"-0,122821919620037"
"0,203624248504639";"-1,26298320293427";"-9,38442993164063";"0,0579564273357391";"-0,0189795196056366";"-0,192715585231781"
"-1,41317224502563";"-1,75286853313446";"-4,09124279022217";"0,0836008489131927";"0,0380449891090393";"-0,154525607824326"
"-1,70516300201416";"-3,04669046401978";"-3,70682144165039";"-0,0649518743157387";"0,0816119909286499";"-0,0948355942964554"
"-0,079930305480957";"-1,34384512901306";"-10,0883817672729";"0,103384017944336";"0,0294232368469238";"-0,161884188652039"
"0,055729866027832";"-2,09650707244873";"-8,23454856872559";"0,0127121657133102";"-0,0326131582260132";"-0,149818807840347"
"-1,28983592987061";"-1,94658005237579";"-1,15089201927185";"0,111859515309334";"0,0250713229179382";"-0,178156092762947"
"-1,82936882972717";"-2,30280876159668";"-4,8317084312439";"-0,00929875671863556";"0,0612093508243561";"-0,115673944354057"
"-0,0277354717254639";"-2,58356475830078";"-12,8110799789429";"-0,0463711470365524";"0,00901013612747192";"-0,0973415225744247"
"1,27241849899292";"-1,00463938713074";"-6,09398651123047";"0,139995068311691";"-0,112891793251038";"-0,194781899452209"
"-1,29633355140686";"-2,94209051132202";"-0,853697776794434";"-0,0468555390834808";"0,0205830335617065";"-0,13624195754528"
"-1,5995819568634";"-2,30892086029053";"-8,8684778213501";"0,0233458131551743";"0,0613843202590942";"-0,139620155096054"
"-0,517621278762817";"-1,51312077045441";"-12,6834783554077";"0,0352005958557129";"0,0589517951011658";"-0,139622509479523"
"0,267345905303955";"-0,720544576644897";"-3,46897506713867";"0,144868418574333";"-0,0423071384429932";"-0,172820329666138"
"-1,95605146884918";"-2,55301856994629";"-2,89869451522827";"0,0013929009437561";"0,0942782610654831";"-0,0888576880097389"
"-1,03344225883484";"-2,01920557022095";"-11,6287565231323";"0,0438349992036819";"0,0545521378517151";"-0,160149022936821"
"0,0476188659667969";"-2,07041144371033";"-9,1340217590332";"0,0254048854112625";"-0,0114825069904327";"-0,171314731240273"
"0,0863504409790039";"-1,74227213859558";"-2,82811045646667";"0,0742831975221634";"-0,0404248237609863";"-0,178282201290131"
"-1,3712170124054";"-2,90968632698059";"-4,39286994934082";"-0,026570051908493";"0,0627120435237885";"-0,131698995828629"
"-1,9291820526123";"-1,24830317497253";"-12,6736097335815";"0,0467572808265686";"0,0939255356788635";"-0,139207109808922"
"0,370564699172974";"-0,825796484947205";"-8,13527584075928";"0,136368840932846";"-0,0485455542802811";"-0,12771825492382"
"0,327138900756836";"-2,46957969665527";"-1,3517130613327";"0,0137982815504074";"-0,0541212558746338";"-0,14550518989563"
"-1,52360701560974";"-2,13822078704834";"-7,32620191574097";"0,0103840827941895";"0,0737181454896927";"-0,130046054720879"
"-0,854013919830322";"-2,7039520740509";"-11,5335721969604";"-0,028852716088295";"0,00752827525138855";"-0,170503556728363"
"0,0691447257995605";"-1,73281335830688";"-6,23808002471924";"0,077929899096489";"-0,000121742486953735";"-0,171378642320633"
"-0,967511653900146";"-1,70105147361755";"-0,555432379245758";"0,0483065396547318";"0,0375756174325943";"-0,123340979218483"
"-0,734535455703735";"-2,32677578926086";"-11,2007884979248";"0,00885729491710663";"0,0493620187044144";"-0,104078680276871"
"-0,0483508110046387";"-2,35483551025391";"-12,073935508728";"0,0142465531826019";"-0,0246818661689758";"-0,155668169260025"
"-0,414083480834961";"-1,67916762828827";"-3,76578879356384";"0,106213331222534";"-0,00685736536979675";"-0,168710052967072"
"-0,768205642700195";"-2,15597462654114";"-2,45925879478455";"-0,0210407823324203";"0,0419169962406158";"-0,165940701961517"
"-0,630912780761719";"-2,77611112594604";"-12,4941682815552";"-0,0211318880319595";"0,0240657329559326";"-0,148968935012817"
"-0,801371812820435";"-1,74603021144867";"-9,49036979675293";"0,0912358611822128";"-0,0111063271760941";"-0,130456864833832"
"-0,686341762542725";"-2,24576663970947";"-1,76601123809814";"0,0117120444774628";"0,023606151342392";"-0,172548770904541"
"-0,295927047729492";"-1,44752430915833";"-5,56594514846802";"0,060856357216835";"0,0218490213155746";"-0,107880294322968"
"-2,13236570358276";"-1,8171728849411";"-12,0000925064087";"0,0384543985128403";"0,123272567987442";"-0,144874662160873"
"0,371827602386475";"-2,02690577507019";"-6,51111602783203";"0,0520292073488235";"-0,0951269567012787";"-0,147051841020584"
"-0,523480415344238";"-1,70391917228699";"-3,45577430725098";"0,0622236430644989";"0,0401884168386459";"-0,116874650120735"
"-1,22571015357971";"-1,39507389068604";"-7,95174169540405";"0,0733602941036224";"0,0795084536075592";"-0,0851977467536926"
"-0,686969995498657";"-2,14442586898804";"-10,9949741363525";"0,0084482878446579";"0,0245496928691864";"-0,145297080278397"
"-0,101826667785645";"-2,54344987869263";"-6,53399419784546";"0,0326365679502487";"-0,0474862158298492";"-0,154881089925766"
"-0,837484121322632";"-1,59070944786072";"-3,50736331939697";"0,0959096550941467";"0,054316520690918";"-0,161365017294884"
"-0,403076648712158";"-1,14622402191162";"-8,62581253051758";"0,0290336608886719";"0,0170081853866577";"-0,146709829568863"
"-0,798840999603271";"-2,08966541290283";"-11,1252307891846";"0,0265964567661285";"0,0377637445926666";"-0,156162261962891"
"-0,349924087524414";"-3,07676267623901";"-5,2241063117981";"0,0243654251098633";"-0,0588947534561157";"-0,141779541969299"
"-1,44803714752197";"-1,03270530700684";"-2,72475790977478";"0,105690643191338";"0,100023835897446";"-0,153602883219719"
"-0,694993734359741";"-0,7503821849823";"-9,83359241485596";"0,0978126972913742";"0,0513891875743866";"-0,146028935909271"
"-0,929003000259399";"-3,24889540672302";"-8,75015449523926";"-0,0524714887142181";"-0,0129910409450531";"-0,137748017907143"
"0,252930164337158";"-1,94903492927551";"-4,53215980529785";"0,0666236877441406";"-0,0649364292621613";"-0,197085171937943"
"-0,743462324142456";"-2,4455189704895";"-4,52049732208252";"0,0016443058848381";"0,0725035518407822";"-0,0872859060764313"
"-0,895723819732666";"-1,70462489128113";"-9,25502967834473";"0,0393378436565399";"0,0573300719261169";"-0,126612022519112"
"-0,497092008590698";"-2,1217622756958";"-7,04830455780029";"0,0249088406562805";"-0,0311695337295532";"-0,142733097076416"
"-0,383661270141602";"-2,44431161880493";"-2,28741931915283";"0,0929186642169952";"-0,0181088149547577";"-0,19269523024559"
"-1,65618753433228";"-2,40593695640564";"-5,62348556518555";"-0,0294977128505707";"0,136996582150459";"-0,128073945641518"
"-0,54929780960083";"-0,62859058380127";"-13,7299108505249";"0,081712394952774";"0,0324377417564392";"-0,200623601675034"
"0,35118556022644";"-2,21665382385254";"-6,01827907562256";"0,0403061956167221";"-0,0940961986780167";"-0,144637480378151"
"-0,976209878921509";"-3,89247798919678";"-0,715421259403229";"-0,0221788957715034";"0,00740373134613037";"-0,0790543332695961"
"-0,0482783317565918";"-1,32233834266663";"-7,29326391220093";"0,0748088657855988";"0,0186086297035217";"-0,168070495128632"
"-1,37088346481323";"-1,37569522857666";"-12,9085931777954";"0,0273236334323883";"0,0832594633102417";"-0,174866259098053"
"-0,787017345428467";"-1,77070164680481";"-5,81998443603516";"0,115209683775902";"-0,0408946573734283";"-0,151732891798019"
"-0,794355392456055";"-3,44444036483765";"-2,17041277885437";"-0,0869177728891373";"0,0163114964962006";"-0,152346670627594"
"-0,0268607139587402";"-1,30496668815613";"-10,840859413147";"0,0741717368364334";"0,0459030568599701";"-0,126077860593796"
"-1,04654765129089";"-2,52059698104858";"-11,4372787475586";"-0,041391484439373";"0,0459167957305908";"-0,114681363105774"
"0,00248861312866211";"-1,56720161437988";"-2,81093215942383";"0,109929338097572";"-0,0738416761159897";"-0,147098049521446"
"-0,79353666305542";"-2,14349102973938";"-4,53027772903442";"0,0369215160608292";"0,0529516041278839";"-0,124701604247093"
"-0,656295299530029";"-1,47683274745941";"-11,860279083252";"0,0735865086317062";"0,0598072409629822";"-0,183780491352081"
"-0,652230501174927";"-0,492552161216736";"-11,2924041748047";"0,104314118623734";"0,0153198540210724";"-0,167054414749146"
"-0,311337471008301";"-2,13100719451904";"-3,48843240737915";"0,0449557304382324";"-0,0645342767238617";"-0,226327896118164"
"-0,693543195724487";"-3,07786393165588";"-6,41942358016968";"-0,00440048426389694";"0,0392924398183823";"-0,0850519388914108"
"-0,0487601757049561";"-2,2242226600647";"-11,4724960327148";"-0,0425143614411354";"0,0419394671916962";"-0,110269039869308"
"-0,652134895324707";"-1,24873208999634";"-8,25778675079346";"0,0630286782979965";"-0,0145198106765747";"-0,216173231601715"
"-1,59664344787598";"-2,71577787399292";"-2,50692176818848";"0,0179933309555054";"0,0233068466186523";"-0,14107945561409"
"-0,921583652496338";"-1,63172435760498";"-7,99604320526123";"0,0699189156293869";"0,077821671962738";"-0,101390913128853"
"-0,19269847869873";"-1,43069243431091";"-12,7501020431519";"0,0304913222789764";"0,0325742065906525";"-0,178616136312485"
"-0,605522871017456";"-2,03969860076904";"-4,15280914306641";"0,0709548741579056";"-0,0341687202453613";"-0,155011206865311"
"-1,40104699134827";"-2,06861901283264";"-2,26905107498169";"0,0229763984680176";"0,0534834265708923";"-0,152000814676285"
"-0,283328533172607";"-2,16185235977173";"-9,51029777526855";"0,0312591642141342";"0,0329283773899078";"-0,164930522441864"
"-0,58323860168457";"-2,08786702156067";"-12,0037403106689";"0,0162427723407745";"0,052495002746582";"-0,192763730883598"
"-0,199243068695068";"-1,48348081111908";"-4,99447822570801";"0,103824824094772";"-0,0536524951457977";"-0,166844770312309"
"-1,59368395805359";"-2,00130605697632";"-2,70590734481812";"0,0421844869852066";"0,0413381606340408";"-0,0983302742242813"
"-0,717020034790039";"-3,3360641002655";"-12,9588241577148";"-0,0893518775701523";"0,073116198182106";"-0,0772763639688492"
"1,44971513748169";"-1,17045402526855";"-8,25585269927979";"0,0846359729766846";"-0,104900032281876";"-0,14748951792717"
"-0,917741298675537";"-1,63547492027283";"-2,11949849128723";"0,054138645529747";"-0,0148943960666656";"-0,197040066123009"
"-2,20651245117188";"-3,0413031578064";"-6,95281553268433";"-0,000797294080257416";"0,0930028557777405";"-0,112540945410728"
"-0,428574085235596";"-1,55939483642578";"-12,3802146911621";"0,0421880930662155";"0,0643876492977142";"-0,108883768320084"
"0,686506271362305";"-0,945020079612732";"-6,50702381134033";"0,113680377602577";"-0,0721888542175293";"-0,153437852859497"
"-1,6187481880188";"-2,30526638031006";"-1,29122865200043";"0,0502088665962219";"0,0462471395730972";"-0,117976047098637"
"-1,55242419242859";"-2,35845994949341";"-8,15578174591064";"0,000570803880691528";"0,0966422706842422";"-0,0995446965098381"
"0,172817230224609";"-2,17904710769653";"-10,6126861572266";"0,00833620131015778";"0,0104088187217712";"-0,160731986165047"
"0,886743545532227";"-2,09491777420044";"-7,03147983551025";"0,0439381152391434";"-0,106386631727219";"-0,168022602796555"
"-0,919974327087402";"-1,42648732662201";"-3,35713315010071";"0,128376990556717";"0,019412100315094";"-0,182180672883987"
"-1,863973736763";"-2,25943088531494";"-6,46403121948242";"-0,0056232288479805";"0,0748308002948761";"-0,0940263047814369"
"-0,294549942016602";"-2,11115407943726";"-11,8583641052246";"0,0180483534932137";"0,0279314815998077";"-0,0817550793290138"
"1,80782032012939";"-0,759532451629639";"-5,58908128738403";"0,152609974145889";"-0,149629563093185";"-0,207375302910805"
"-1,4867000579834";"-2,91218495368958";"-1,70897269248962";"-0,0445978045463562";"0,040641188621521";"-0,18378646671772"
"-1,95321917533875";"-2,68545341491699";"-11,2823657989502";"-0,00478754937648773";"0,0890474319458008";"-0,137396335601807"
"0,366065979003906";"-1,54410982131958";"-11,4407892227173";"0,0456726849079132";"-0,0148670375347137";"-0,151480942964554"
"0,412834167480469";"-1,56642019748688";"-2,52833080291748";"0,0898849815130234";"-0,0608476996421814";"-0,138250380754471"
"-1,96280324459076";"-3,21201968193054";"-3,78707909584045";"-0,0594922304153442";"0,108237594366074";"-0,0573137179017067"
"-0,860132694244385";"-1,7690452337265";"-12,5885848999023";"0,0527235865592957";"0,0446879863739014";"-0,154950737953186"
"0,589351654052734";"-1,67281174659729";"-8,4243335723877";"0,059855729341507";"-0,0480876266956329";"-0,177460178732872"
"0,423776865005493";"-1,35555791854858";"-2,63199353218079";"0,121244445443153";"-0,0749264359474182";"-0,149648547172546"
"-1,72063183784485";"-3,027339220047";"-5,90105104446411";"-0,0450576841831207";"0,100668996572495";"-0,138697102665901"
"-1,57213473320007";"-1,57647180557251";"-11,5328798294067";"0,0587153136730194";"0,0599938929080963";"-0,124135404825211"
"0,600215911865234";"-1,51827001571655";"-6,4996919631958";"0,090574324131012";"-0,0620771944522858";"-0,123019099235535"
"0,719395160675049";"-1,95439720153809";"-3,67719841003418";"0,0225452482700348";"-0,0617015659809113";"-0,189336538314819"
"-1,55766844749451";"-2,53530097007751";"-8,14642333984375";"0,0034424364566803";"0,0744515657424927";"-0,153831228613853"
"-1,04974675178528";"-2,30246496200562";"-12,3635187149048";"0,0138882845640182";"0,0227043926715851";"-0,154179707169533"
"0,836182594299316";"-1,54207801818848";"-6,72917413711548";"0,0803500860929489";"-0,0589196979999542";"-0,141257673501968"
"-0,901362895965576";"-1,780552983284";"-1,10430312156677";"0,043598435819149";"0,0460154116153717";"-0,105643227696419"
"-1,85707378387451";"-2,25474047660828";"-8,94397163391113";"0,0244759619235992";"0,115194961428642";"-0,102612972259521"
"-0,758016586303711";"-2,42049813270569";"-11,764684677124";"0,00795397162437439";"0,0213927626609802";"-0,172332346439362"
"0,385546684265137";"-1,78606224060059";"-3,51638174057007";"0,101684913039207";"-0,0428579747676849";"-0,163081109523773"
"-0,761370658874512";"-1,20427393913269";"-2,35687804222107";"0,10071824491024";"0,0220670998096466";"-0,197664052248001"
"-0,73594069480896";"-3,10501003265381";"-10,4994049072266";"-0,0408922135829926";"0,0418838262557983";"-0,14745469391346"
"-1,22516417503357";"-1,65617799758911";"-9,39318466186523";"0,108934327960014";"0,022487074136734";"-0,122256308794022"
"0,0652709007263184";"-1,20829427242279";"-2,26293659210205";"0,0972157865762711";"-0,0401855409145355";"-0,162576705217361"
"-0,754070043563843";"-2,16398692131042";"-6,38921165466309";"-0,00232325494289398";"0,0493247807025909";"-0,134726390242577"
"-1,41725182533264";"-1,863734126091";"-11,3189191818237";"0,0374300628900528";"0,0615885853767395";"-0,15607450902462"
"-0,23606538772583";"-1,9297206401825";"-9,36945056915283";"0,0502150356769562";"-0,0601761639118195";"-0,156699702143669"
"0,139947175979614";"-1,64985847473145";"-3,54628586769104";"0,0868080407381058";"-0,00342383980751038";"-0,142300382256508"
"-1,26121282577515";"-2,39173078536987";"-3,61754631996155";"-0,0425919443368912";"0,08726467192173";"-0,0969670936465263"
"-0,592350244522095";"-2,35370540618896";"-12,1604747772217";"-0,00281988084316254";"0,0187008380889893";"-0,117550291121006"
"0,337121486663818";"-1,93644285202026";"-10,0963191986084";"0,0642546713352203";"-0,0817330181598663";"-0,178030848503113"
"-0,202850580215454";"-1,31155717372894";"-2,11741805076599";"0,16032300889492";"-0,00323230028152466";"-0,145628750324249"
"-1,03951215744019";"-1,90739965438843";"-4,40507841110229";"-0,0278163552284241";"0,067315936088562";"-0,146279841661453"
"0,029761791229248";"-2,09195041656494";"-14,6289434432983";"0,0222644060850143";"-0,0106452405452728";"-0,121304005384445"
"-0,450408935546875";"-1,96879041194916";"-6,55986785888672";"0,114776343107224";"-0,067177802324295";"-0,156611382961273"
"-0,87147855758667";"-2,19576382637024";"0,984116554260254";"0,0162128806114197";"0,049761950969696";"-0,170992016792297"
"-0,478644847869873";"-2,17742896080017";"-10,05495262146";"-0,0241485685110092";"0,031207948923111";"-0,199913457036018"
"-1,19306898117065";"-1,37998986244202";"-13,5038795471191";"0,0861828923225403";"0,00756356120109558";"-0,205507755279541"
"0,727685451507568";"-1,83899474143982";"-4,47817373275757";"0,0922882556915283";"-0,125479817390442";"-0,193339765071869"
"-0,764104127883911";"-2,31990146636963";"-0,513053715229034";"0,01495011895895";"0,0606435537338257";"-0,073414221405983"
"-0,929224967956543";"-1,59417855739594";"-10,7501544952393";"0,0362085998058319";"0,0660634338855743";"-0,102270096540451"
"-0,138015031814575";"-1,86938226222992";"-13,4124746322632";"-0,0101157426834106";"-0,0157030522823334";"-0,149150103330612"
"0,307878017425537";"-1,63365375995636";"-4,80317878723145";"0,162643894553185";"-0,0899266600608826";"-0,191719681024551"
"-1,40830087661743";"-2,68380165100098";"-1,65566301345825";"-0,0186798125505447";"0,102934509515762";"-0,137522831559181"
"-1,05305242538452";"-0,722553491592407";"-11,8321571350098";"0,0767419934272766";"0,0723530054092407";"-0,226788848638535"
"0,306281805038452";"-1,72270166873932";"-11,8172779083252";"0,0431270301342011";"-0,0710776746273041";"-0,112264722585678"
"-0,174073219299316";"-3,84184813499451";"-1,16870880126953";"-0,0033944696187973";"-0,0685018301010132";"-0,144221678376198"
"-1,21900010108948";"-1,6194452047348";"-4,61448669433594";"0,029769092798233";"0,106607243418694";"-0,136947497725487"
"-1,80390787124634";"-0,581370830535889";"-14,4571714401245";"0,0817826092243195";"0,126511514186859";"-0,178828552365303"
"-0,437907695770264";"-2,19733381271362";"-8,20473861694336";"0,0870236754417419";"-0,0782836377620697";"-0,189785212278366"
"-0,60366153717041";"-2,22702956199646";"0,576187372207642";"0,0581880509853363";"-0,0182979106903076";"-0,153981566429138"
"-0,0227336883544922";"-2,78275728225708";"-8,93573760986328";"-0,0531510189175606";"0,056862473487854";"-0,111268445849419"
"-1,22483325004578";"-2,19130086898804";"-12,6011066436768";"-0,0301378071308136";"0,0697770714759827";"-0,0887212380766869"
"0,254832744598389";"-0,970279097557068";"-7,63019466400146";"0,140394613146782";"-0,091205894947052";"-0,178121984004974"
"-1,21026635169983";"-1,89070403575897";"-1,39403247833252";"0,106879130005836";"0,0667699575424194";"-0,132983699440956"
"-0,845648050308228";"-3,04088807106018";"-6,06856679916382";"-0,0395312160253525";"0,0656297206878662";"-0,130073338747025"
"-0,977274417877197";"-0,286584615707397";"-13,856143951416";"0,0992557555437088";"0,0662333369255066";"-0,176491945981979"
"0,680015087127686";"-1,63690555095673";"-5,39025735855103";"0,0791464745998383";"-0,146930187940598";"-0,19898447394371"
"-1,97708654403687";"-3,97820520401001";"-0,940672755241394";"-0,0231985226273537";"0,103631392121315";"-0,0931737273931503"
"-0,432661533355713";"-1,91701543331146";"-10,7998914718628";"-0,0235221236944199";"0,0752028077840805";"-0,11120143532753"
"-0,685242652893066";"-1,27175998687744";"-11,705039024353";"0,0477702468633652";"-0,00355115532875061";"-0,172095492482185"
"-0,564949512481689";"-2,34370255470276";"-3,83701634407043";"0,0800547152757645";"-0,0668635070323944";"-0,195680543780327"
"-1,08883810043335";"-2,40474414825439";"-1,42443025112152";"0,0312495082616806";"0,0589424222707748";"-0,115543112158775"
"0,184723854064941";"-1,9848096370697";"-12,8097314834595";"-0,0126039087772369";"0,0452365726232529";"-0,102347895503044"
"-0,201501369476318";"-2,21062159538269";"-10,7793197631836";"-0,00303874909877777";"-0,0441662073135376";"-0,186247676610947"
"-0,164294719696045";"-1,05094838142395";"-1,99806642532349";"0,156213760375977";"-0,0577232241630554";"-0,162493258714676"
"-1,43778824806213";"-2,51507353782654";"-4,68161153793335";"0,0111784636974335";"0,0995395332574844";"-0,117271363735199"
"-0,374700546264648";"-1,72322750091553";"-13,2976140975952";"0,0509749501943588";"0,0549905002117157";"-0,186786592006683"
"-0,501690864562988";"-1,31057059764862";"-9,14266109466553";"0,0562712103128433";"-0,0209693610668182";"-0,167832225561142"
"-0,668628692626953";"-1,67190194129944";"0,482378363609314";"0,0973892062902451";"-0,0469081997871399";"-0,132635101675987"
"-0,850111246109009";"-3,26458215713501";"-7,17328071594238";"-0,0240858048200607";"0,0491366684436798";"-0,117148891091347"
"0,249269008636475";"-2,5879442691803";"-15,1598587036133";"-0,0767062902450562";"0,0136851072311401";"-0,161369726061821"
"-0,154435157775879";"-0,355932712554932";"-5,46410131454468";"0,173239633440971";"-0,0695675313472748";"-0,196796804666519"
"-1,53450012207031";"-3,14710760116577";"-1,19667160511017";"-0,0149785429239273";"0,0163504779338837";"-0,158868134021759"
"-0,543936967849731";"-1,41414451599121";"-10,8528242111206";"0,0742080509662628";"0,0679575055837631";"-0,117539376020432"
"-0,429959774017334";"-1,85746037960052";"-13,4174919128418";"-0,0166803151369095";"0,058432936668396";"-0,141340702772141"
"0,00783729553222656";"-2,38246250152588";"-5,07122850418091";"0,0353598147630692";"-0,0810050666332245";"-0,151095539331436"
"-1,08757781982422";"-1,55548620223999";"-2,30240392684937";"0,0716915279626846";"0,0451588779687881";"-0,12494583427906"
"-0,331792831420898";"-2,24752283096313";"-10,7810878753662";"0,0256551802158356";"0,0351660847663879";"-0,150885045528412"
"-0,908122777938843";"-1,2203586101532";"-12,2113084793091";"0,0893746912479401";"0,0754051208496094";"-0,153199881315231"
"-0,298862457275391";"-1,86431550979614";"-3,69345188140869";"0,0765734761953354";"-0,0569832026958466";"-0,160579010844231"
"-1,99019169807434";"-1,22297716140747";"-1,82217025756836";"0,107967771589756";"0,0790527611970901";"-0,0901782289147377"
"-0,447694540023804";"-2,61920285224915";"-14,6320743560791";"-0,0323212146759033";"0,0619436502456665";"-0,128382429480553"
"0,818187475204468";"-2,34404182434082";"-10,850133895874";"-0,0123728662729263";"-0,0586779117584229";"-0,149552166461945"
"-0,552897930145264";"-0,91492223739624";"-2,49490523338318";"0,116152316331863";"-0,0319027304649353";"-0,211343616247177"
"-1,8234326839447";"-3,84115266799927";"-4,16071271896362";"-0,0829800963401794";"0,0595173686742783";"-0,118895664811134"
"-0,228368759155273";"-1,73392748832703";"-12,6980009078979";"0,0499883443117142";"0,0504092574119568";"-0,140725299715996"
"0,795039892196655";"-2,17028665542603";"-7,95321178436279";"0,00613202154636383";"-0,0884441137313843";"-0,138478219509125"
"-1,58042240142822";"-1,51426017284393";"-2,16392588615417";"0,134791880846024";"0,044405072927475";"-0,16214993596077"
"-1,46564936637878";"-2,67057800292969";"-5,70196533203125";"-0,0422913953661919";"0,0778492391109467";"-0,10670468211174"
"0,200130462646484";"-1,9052312374115";"-11,8613328933716";"0,0298131257295609";"0,0126491785049438";"-0,174333184957504"
"0,679912090301514";"-2,32224345207214";"-7,58082723617554";"0,00268387794494629";"-0,0907019376754761";"-0,158285185694695"
"-1,34396147727966";"-1,41296112537384";"-2,85519623756409";"0,148683056235313";"0,0450303852558136";"-0,170358672738075"
"-1,80705630779266";"-1,50129425525665";"-6,1385931968689";"0,0496565401554108";"0,0712119340896606";"-0,0982020646333694"
"-0,0266451835632324";"-2,37517881393433";"-13,2690420150757";"-0,01504947245121";"0,0103520452976227";"-0,0999899208545685"
"1,87234258651733";"-1,20937061309814";"-4,79302644729614";"0,13817635178566";"-0,161931723356247";"-0,206576287746429"
"-1,36740446090698";"-2,74379730224609";"-1,18936955928802";"-0,0324247926473618";"0,0261489152908325";"-0,146212384104729"
"-1,75233840942383";"-2,74373292922974";"-10,6207408905029";"-0,00550270080566406";"0,0911450386047363";"-0,164238780736923"
"-0,310895919799805";"-3,18140602111816";"-12,0651540756226";"-0,0896329060196877";"0,0184747576713562";"-0,141127422451973"
"0,824276685714722";"-0,450945854187012";"-3,41033363342285";"0,177854940295219";"-0,0901962220668793";"-0,161470353603363"
"-2,32327198982239";"-3,01864051818848";"-2,89702820777893";"-0,028433695435524";"0,120908245444298";"-0,124808236956596"
"-0,804492235183716";"-1,87806594371796";"-9,82806873321533";"0,0529536008834839";"0,0299451351165771";"-0,0973394811153412"
"-0,175135135650635";"-1,99664914608002";"-10,8779811859131";"0,0251853168010712";"0,0285490155220032";"-0,176866292953491"
"0,291473865509033";"-1,68280220031738";"-3,98232078552246";"0,0915560722351074";"-0,0693769752979279";"-0,18891230225563"
"-1,58188939094543";"-2,44577145576477";"-2,69915866851807";"0,0350094810128212";"0,0746814757585526";"-0,0919666811823845"
"-1,27591943740845";"-2,50944423675537";"-11,4720945358276";"-0,0395620167255402";"0,0435237288475037";"-0,13125005364418"
"0,460617065429688";"-1,09726405143738";"-9,30978584289551";"0,123267516493797";"-0,0418524444103241";"-0,0732167363166809"
"0,91038990020752";"-1,87773025035858";"-2,12765002250671";"0,0568643510341644";"-0,0843377709388733";"-0,187788456678391"
"-2,41878080368042";"-2,44807696342468";"-7,05465173721313";"-0,00992926955223084";"0,133282467722893";"-0,151577532291412"
"-1,63466548919678";"-1,88339757919312";"-12,2708473205566";"0,0337786227464676";"0,0647898316383362";"-0,164796337485313"
"0,993194103240967";"-1,91692399978638";"-8,77708721160889";"0,0473347157239914";"-0,0784567594528198";"-0,171397492289543"
"-0,383594036102295";"-1,26083540916443";"-3,15299820899963";"0,0849593579769135";"0,00436541438102722";"-0,111627727746964"
"-1,64575839042664";"-2,49803352355957";"-7,01752281188965";"-0,00196003168821335";"0,0860592573881149";"-0,0966738313436508"
"-1,04827642440796";"-2,18165016174316";"-12,2773818969727";"0,0260218232870102";"0,0560642778873444";"-0,153010487556458"
"0,801804065704346";"-2,16402530670166";"-5,17229986190796";"0,0512557923793793";"-0,0938547551631927";"-0,183542534708977"
"-0,590733289718628";"-0,674612998962402";"-2,97615694999695";"0,149745270609856";"0,0159856081008911";"-0,166796028614044"
"-0,829883575439453";"-3,30086803436279";"-7,99637746810913";"-0,056755006313324";"0,0443814992904663";"-0,118597432971001"
"-1,47220134735107";"-1,88464951515198";"-11,6335649490356";"0,0440739840269089";"0,0500214099884033";"-0,171417132019997"
"0,383714437484741";"-0,659879684448242";"-5,51818180084229";"0,161055281758308";"-0,0483879148960114";"-0,133668199181557"
"0,0491552352905273";"-2,61998176574707";"-3,28789687156677";"-0,0156349688768387";"-0,0139422416687012";"-0,135719075798988"
"-1,88336491584778";"-1,61866271495819";"-10,3130197525024";"0,0644256323575974";"0,112558722496033";"-0,141188949346542"
"-0,671413421630859";"-1,66619992256165";"-10,192419052124";"0,0472350120544434";"-0,0317535400390625";"-0,177159160375595"
"0,576736927032471";"-1,07381224632263";"-4,32962608337402";"0,14619117975235";"-0,0545932352542877";"-0,164284646511078"
"-1,24725198745728";"-1,83782386779785";"-3,67004179954529";"0,0197289362549782";"0,0801552683115005";"-0,0898442789912224"
"-1,03080081939697";"-2,67041730880737";"-10,505518913269";"-0,0164818912744522";"0,0445246398448944";"-0,161839857697487"
"0,147692203521729";"-2,54069972038269";"-10,2838497161865";"-0,00489924848079681";"-0,060789167881012";"-0,165262907743454"
"0,204321384429932";"-1,36360347270966";"-3,15618348121643";"0,146883592009544";"-0,0421172976493835";"-0,162391662597656"
"-1,32760953903198";"-1,85617315769196";"-4,18458604812622";"-0,0264860838651657";"0,0873928964138031";"-0,110705502331257"
"0,0833029747009277";"-2,23854684829712";"-12,3622751235962";"0,0279565155506134";"-0,0196057260036469";"-0,172994881868362"
"-0,467438220977783";"-2,45623230934143";"-8,18023014068604";"0,063948780298233";"-0,0447452962398529";"-0,150131732225418"
"-0,642913818359375";"-1,51401233673096";"-2,25089454650879";"0,0640515089035034";"0,0229299068450928";"-0,139853239059448"
"-0,722884654998779";"-1,96232807636261";"-7,8753833770752";"0,0220084339380264";"0,049411952495575";"-0,151516452431679"
"-1,39814233779907";"-2,20240616798401";"-12,4290380477905";"-0,0160121023654938";"0,0533377826213837";"-0,171063914895058"
"0,263449668884277";"-1,6950216293335";"-6,64277982711792";"0,0948087722063065";"-0,0991503000259399";"-0,134380057454109"
"-0,490367650985718";"-2,11274743080139";"-3,29496645927429";"0,0332063436508179";"0,0387527942657471";"-0,149787425994873"
"-0,911606788635254";"-1,18548166751862";"-9,41413688659668";"0,0782030746340752";"0,0766085386276245";"-0,10207162797451"
"-0,543312549591064";"-2,76222658157349";"-11,1191444396973";"-0,0497441440820694";"0,00955438613891602";"-0,146970853209496"
"0,324951171875";"-2,36504912376404";"-4,67545557022095";"0,0748031139373779";"-0,101475656032562";"-0,168876558542252"
"-0,887409210205078";"-1,80482840538025";"-3,655442237854";"0,0865165889263153";"0,0583029687404633";"-0,180034130811691"
"-0,948785781860352";"-2,05103325843811";"-8,05127906799316";"-0,0343309491872787";"0,0608047246932983";"-0,176162078976631"
"-0,257517576217651";"-1,88254737854004";"-11,3339862823486";"0,0437299311161041";"-0,00148969888687134";"-0,132200181484222"
"-0,441905498504639";"-2,80989813804626";"-5,16572093963623";"0,0549492686986923";"-0,0615107417106628";"-0,194291427731514"
"-1,18649959564209";"-1,80619835853577";"-2,58369946479797";"0,0329607725143433";"0,0813196301460266";"-0,16414238512516"
"-1,00273966789246";"-1,52087998390198";"-12,6585454940796";"0,0199775546789169";"0,0794335454702377";"-0,130245238542557"
"-0,523636817932129";"-1,82226765155792";"-10,6459159851074";"0,0658782571554184";"-0,0467073023319244";"-0,150014251470566"
"0,188400268554688";"-1,2494238615036";"-3,29814004898071";"0,148998230695724";"-0,0843213796615601";"-0,162336304783821"
"-0,731885194778442";"-3,01897430419922";"-5,68305540084839";"-0,0726141110062599";"0,101428806781769";"-0,112531863152981"
"-1,09452676773071";"-2,38400506973267";"-12,0156269073486";"-0,0485699884593487";"0,0779700577259064";"-0,0654653757810593"
"0,0555052757263184";"-1,81064856052399";"-8,24089336395264";"0,0488764494657516";"-0,0700447559356689";"-0,16632154583931"
"-0,827200889587402";"-1,6227924823761";"-2,0763463973999";"0,135762184858322";"0,0172784924507141";"-0,196889907121658"
"-0,814016103744507";"-2,77034044265747";"-6,04223251342773";"-0,03370001912117";"0,0798465758562088";"-0,0848898068070412"
"-0,355704784393311";"0,172044515609741";"-13,4722023010254";"0,153404101729393";"0,0260955989360809";"-0,169119611382484"
"0,7860107421875";"-1,54537522792816";"-6,61265563964844";"0,0936681181192398";"-0,141754746437073";"-0,150225982069969"
"-1,92275428771973";"-3,09929895401001";"-1,69208955764771";"0,0351074784994125";"0,0859156847000122";"-0,115443721413612"
"-0,608766794204712";"-1,65979027748108";"-8,20451545715332";"0,0366622507572174";"0,0631716847419739";"-0,114951893687248"
"-1,49583649635315";"-0,376019477844238";"-13,9206848144531";"0,0810887813568115";"0,0910225808620453";"-0,167192459106445"
"-0,333033084869385";"-2,38122034072876";"-4,95949602127075";"0,0862536579370499";"-0,0886367559432983";"-0,187957555055618"
"-1,02165675163269";"-2,22479677200317";"-1,01072573661804";"0,0388463288545609";"0,029924064874649";"-0,135316833853722"
"-0,0550775527954102";"-2,16696119308472";"-10,995306968689";"-0,0158131867647171";"0,0524888634681702";"-0,148560151457787"
"-1,30176138877869";"-1,67257356643677";"-13,5382118225098";"0,0312006771564484";"0,0799236744642258";"-0,141323298215866"
"0,152632236480713";"-1,95956385135651";"-3,22844505310059";"0,0873297154903412";"-0,0967376381158829";"-0,1530621945858"
"-1,4460129737854";"-1,9627845287323";"-2,67607474327087";"0,0697112306952477";"0,0975997745990753";"-0,109207630157471"
"-0,329478740692139";"-2,06246948242188";"-12,5265979766846";"0,0245815962553024";"0,0531705021858215";"-0,18134281039238"
"-0,810703277587891";"-0,84139621257782";"-11,8740949630737";"0,0688551515340805";"0,0347054898738861";"-0,175667494535446"
"-0,117210388183594";"-2,10257339477539";"-1,17881333827972";"0,0724536776542664";"-0,100881904363632";"-0,212279230356216"
"-1,07555317878723";"-3,96939134597778";"-4,58324146270752";"-0,0553521290421486";"0,05213862657547";"-0,104513190686703"
"0,045212984085083";"-2,02919983863831";"-13,8405294418335";"-0,0437956750392914";"0,0370004177093506";"-0,146344915032387"
"-0,622688293457031";"-0,931257128715515";"-7,91661739349365";"0,105645030736923";"-0,0246541798114777";"-0,185273796319962"
"-1,12963151931763";"-3,13673996925354";"-0,910729587078094";"0,0367410480976105";"-0,0304712951183319";"-0,170854598283768"
"-0,828175067901611";"-2,99105477333069";"-4,5555624961853";"-0,0566967278718948";"0,0735814869403839";"-0,122761942446232"
"0,217229604721069";"-1,7680287361145";"-12,7626638412476";"-0,00363749265670776";"0,0323114097118378";"-0,15324804186821"
"-0,00441932678222656";"-2,38178443908691";"-9,74182033538818";"0,00952185690402985";"-0,0745607614517212";"-0,145636901259422"
"-0,856236934661865";"-1,52311456203461";"-2,46986961364746";"0,116602048277855";"0,000790685415267944";"-0,147080570459366"
"-0,635802745819092";"-2,78045701980591";"-7,035728931427";"-0,0347376316785812";"0,0726986229419708";"-0,100206106901169"
"-1,04655289649963";"-1,48657011985779";"-12,9322032928467";"0,0741287469863892";"0,0984145998954773";"-0,16479779779911"
"-0,141743659973145";"-1,20319759845734";"-7,91932058334351";"0,0897462517023087";"-0,0593733489513397";"-0,177293539047241"
"-0,910921812057495";"-1,25757789611816";"0,361032485961914";"0,140232652425766";"-0,028036966919899";"-0,122954875230789"
"-0,578953742980957";"-4,10044384002686";"-8,17516708374023";"-0,11548488587141";"0,0319147109985352";"-0,0993167012929916"
"0,296911716461182";"-0,712054133415222";"-13,5594911575317";"0,114366501569748";"-0,00343546271324158";"-0,152315884828568"
"-0,177454948425293";"-1,25607430934906";"-2,9655327796936";"0,0972945094108582";"-0,0773077607154846";"-0,179585635662079"
"-2,36869812011719";"-3,51421546936035";"-2,03766870498657";"-0,0217203944921494";"0,0905291736125946";"-0,149224519729614"
"-0,352751493453979";"-2,41557097434998";"-11,5574417114258";"-0,0431547313928604";"0,0666937530040741";"-0,131665706634521"
"0,347615242004395";"-0,720069885253906";"-11,4956998825073";"0,0988535583019257";"-0,0280927419662476";"-0,160535842180252"
"-1,18069124221802";"-1,90602719783783";"-3,00043201446533";"0,0990974903106689";"0,0162432193756104";"-0,162437736988068"
"-1,49017977714539";"-3,13821983337402";"-3,63456273078918";"-0,054157942533493";"0,0639691650867462";"-0,135497212409973"
"-0,130126476287842";"-1,69868075847626";"-12,3476190567017";"0,0393797904253006";"0,0378853976726532";"-0,170758873224258"
"0,276063680648804";"-1,87885856628418";"-8,80493831634521";"0,0408966392278671";"-0,0577167570590973";"-0,140354722738266"
"-1,41799306869507";"-1,09316122531891";"-2,09556198120117";"0,166420370340347";"0,0420301258563995";"-0,177783906459808"
"-1,78959441184998";"-2,93899011611938";"-5,64079618453979";"-0,0895932018756866";"0,0607127696275711";"-0,120036885142326"
"-0,299734115600586";"-1,36706602573395";"-14,0093841552734";"0,0782845467329025";"0,0291938781738281";"-0,125445768237114"
"1,43225049972534";"-1,39829397201538";"-6,20646905899048";"0,094453752040863";"-0,129106193780899";"-0,217777281999588"
"-1,55942749977112";"-2,90887331962585";"-0,746104657649994";"-0,033966600894928";"0,048242598772049";"-0,158355847001076"
"-1,7666277885437";"-2,71140718460083";"-11,3396987915039";"-0,0273672342300415";"0,0914076268672943";"-0,163255795836449"
"-0,605318546295166";"-1,25757932662964";"-14,2423820495605";"0,0593693256378174";"0,0690076947212219";"-0,143381342291832"
"1,14579272270203";"-1,15583097934723";"-4,13007879257202";"0,103630661964417";"-0,112449631094933";"-0,132513254880905"
"-1,94669008255005";"-3,55691123008728";"-0,690706074237823";"-0,0625295490026474";"0,0822896361351013";"-0,114794842898846"
"-0,783627986907959";"-1,85981905460358";"-12,5830020904541";"0,0445573776960373";"0,0378446280956268";"-0,164680376648903"
"-0,373323917388916";"-2,02518749237061";"-10,8533639907837";"0,027582123875618";"0,0185726583003998";"-0,186536192893982"
"0,193195581436157";"-1,36078929901123";"-2,04182100296021";"0,121748119592667";"-0,0602059960365295";"-0,151544108986855"
"-1,32191634178162";"-2,52301597595215";"-4,71695137023926";"0,0242491215467453";"0,0614258795976639";"-0,120796024799347"
"-1,63133478164673";"-1,80405700206757";"-12,6896867752075";"0,0221037566661835";"0,0635076761245728";"-0,143428355455399"
"0,273240804672241";"-0,488404512405396";"-7,553391456604";"0,177526876330376";"-0,0442583858966827";"-0,142520442605019"
"0,559305906295776";"-1,8894522190094";"-1,89082157611847";"0,0532536953687668";"-0,049126535654068";"-0,148404330015182"
"-1,60363721847534";"-2,35174155235291";"-7,49415254592896";"0,00343465805053711";"0,0712042152881622";"-0,159649953246117"
"-0,585753440856934";"-1,50805652141571";"-13,7836837768555";"0,0572576820850372";"-0,00497755408287048";"-0,158075049519539"
"0,732332706451416";"-2,19676113128662";"-6,78012323379517";"0,0356726348400116";"-0,0709655284881592";"-0,183764070272446"
"-0,447284460067749";"-1,81540489196777";"-0,901814043521881";"0,0544617399573326";"0,00810769200325012";"-0,0933516621589661"
"-1,77398359775543";"-2,58254194259644";"-10,0723876953125";"-0,0126134604215622";"0,109796985983849";"-0,0853714793920517"
"-0,13844108581543";"-3,05715584754944";"-12,8760471343994";"-0,0643309056758881";"-0,0159704983234406";"-0,170323669910431"
"0,523075580596924";"-2,17688155174255";"-3,11058402061462";"0,0743060708045959";"-0,0790539979934692";"-0,184943825006485"
"-1,13508462905884";"-1,64888262748718";"-1,28726696968079";"0,0482614636421204";"0,0528163015842438";"-0,121400326490402"
"-1,01473426818848";"-2,61753559112549";"-11,951943397522";"-0,0151759833097458";"0,0690975487232208";"-0,148109450936317"
"-1,3412458896637";"-1,50944137573242";"-11,794225692749";"0,0989812761545181";"0,0245869755744934";"-0,153171107172966"
"0,160100698471069";"-1,33603525161743";"-1,6028528213501";"0,091968834400177";"-0,052909791469574";"-0,145158052444458"
"-0,339326858520508";"-2,69819855690002";"-4,13204717636108";"-0,0328494310379028";"0,0219910740852356";"-0,146384745836258"
"-1,41789150238037";"-2,90480542182922";"-11,9053411483765";"-0,0650310441851616";"0,0827964842319489";"-0,12820640206337"
"0,223125457763672";"-1,27822029590607";"-10,9110116958618";"0,0927733927965164";"-0,0755868554115295";"-0,148749336600304"
"-0,245747089385986";"-1,25837647914886";"-4,67366552352905";"0,12698669731617";"0,00382563471794128";"-0,173891663551331"
"-1,375403881073";"-1,92755818367004";"-3,37219429016113";"0,0212685093283653";"0,0932975709438324";"-0,101856231689453"
"-0,574468612670898";"-2,76010298728943";"-11,3927688598633";"-0,0470671430230141";"0,0222296118736267";"-0,134047210216522"
"0,141080379486084";"-2,21058082580566";"-10,110203742981";"0,0526351928710938";"-0,0850691497325897";"-0,188240826129913"
"-1,0432071685791";"-1,58021652698517";"-1,41938245296478";"0,133866429328918";"0,0566375553607941";"-0,174793541431427"
"-0,235252141952515";"-2,10842370986938";"-3,58835768699646";"-0,0469312518835068";"0,00548043847084045";"-0,112441413104534"
"-0,300495386123657";"-1,66978585720062";"-14,8286380767822";"0,059780940413475";"0,014936238527298";"-0,15116959810257"
"-0,149929285049438";"-2,10787057876587";"-6,81994819641113";"0,125698059797287";"-0,0847869068384171";"-0,0922255367040634"
"-0,611745595932007";"-1,92372894287109";"0,286374151706696";"0,0218868851661682";"0,041363000869751";"-0,154149308800697"
"-0,0629935264587402";"-2,01354598999023";"-10,8954448699951";"-0,0185355544090271";"0,00450974702835083";"-0,162427216768265"
"-1,14056968688965";"-2,05243253707886";"-13,1010627746582";"0,0290348082780838";"0,0209448635578156";"-0,163915753364563"
"0,102123737335205";"-1,84108138084412";"-5,51516819000244";"0,0815548151731491";"-0,0850895941257477";"-0,159843787550926"
"-0,580016613006592";"-2,7197482585907";"-2,50981163978577";"-0,0339459702372551";"0,0555271208286285";"-0,0982546359300613"
"-0,83186674118042";"-2,44468212127686";"-9,97347259521484";"-0,0403499454259872";"0,0605946928262711";"-0,089136004447937"
"-1,05602359771729";"-1,08655977249146";"-13,5298309326172";"0,0715119242668152";"0,0424521863460541";"-0,160774260759354"
"-0,539462089538574";"-2,25277781486511";"-3,59812211990356";"0,0975827574729919";"-0,0157288312911987";"-0,171449452638626"
"-1,32861065864563";"-2,24375009536743";"-2,43130588531494";"0,0384958684444427";"0,10120977461338";"-0,126172035932541"
"-0,298576831817627";"-1,32889938354492";"-11,6290197372437";"0,0194069147109985";"0,0179845094680786";"-0,206854254007339"
"0,58446478843689";"-1,42893385887146";"-10,4856424331665";"0,0877906829118729";"-0,0911302417516708";"-0,122530683875084"
"-0,435449600219727";"-3,37665987014771";"-2,00008416175842";"0,0423817783594131";"-0,0445000827312469";"-0,097433514893055"
"-0,374447584152222";"-1,88785302639008";"-6,7672004699707";"0,0122755616903305";"0,0446116626262665";"-0,122234150767326"
"-1,73461580276489";"-0,271443605422974";"-13,5450239181519";"0,108478188514709";"0,114653795957565";"-0,177738979458809"
"-0,47693920135498";"-1,97370171546936";"-8,97588157653809";"0,071218878030777";"-0,0567822307348251";"-0,125404208898544"
"-0,659081935882568";"-2,45442247390747";"-0,294625133275986";"0,0421790182590485";"-0,0234732329845428";"-0,188175648450851"
"-0,0946493148803711";"-2,44236183166504";"-9,89865303039551";"-0,0309667959809303";"0,0569014251232147";"-0,0833795145153999"
"-1,27757358551025";"-1,12258291244507";"-13,4393882751465";"0,0736803114414215";"0,0817254185676575";"-0,119231082499027"
"0,558123588562012";"-2,33388733863831";"-2,51897835731506";"0,0452356785535812";"-0,135094746947289";"-0,15503366291523"
"-1,08335590362549";"-1,39732241630554";"-3,06976985931396";"0,126037821173668";"0,0648951530456543";"-0,138677716255188"
"-0,820000648498535";"-2,01085138320923";"-10,6679964065552";"0,0476778447628021";"0,0787977278232574";"-0,150923296809196"
"-0,966636657714844";"-0,32763671875";"-12,5369462966919";"0,113809362053871";"0,0566444545984268";"-0,140060901641846"
"0,336627960205078";"-1,72356796264648";"-2,75462055206299";"0,105320602655411";"-0,110672920942307";"-0,178675934672356"
"-0,620506286621094";"-4,17525672912598";"-4,94906377792358";"-0,0652817487716675";"0,016481339931488";"-0,0934546291828156"
"-0,17811131477356";"-1,65161776542664";"-12,1154546737671";"-6,77704811096191E-05";"0,0571873188018799";"-0,102868869900703"
"-1,64338231086731";"-0,699073553085327";"-8,49403858184814";"0,109045267105103";"0,0487823933362961";"-0,146930605173111"
"-1,25686740875244";"-2,2707314491272";"-3,63123440742493";"0,0845209211111069";"-0,0216050744056702";"-0,163822844624519"
"-1,65054702758789";"-1,98427975177765";"-5,21508884429932";"0,0525196641683578";"0,125204548239708";"-0,1168412566185"
"-0,47023606300354";"-1,77833867073059";"-12,6456031799316";"0,00274740159511566";"0,0835810601711273";"-0,0925726518034935"
"-0,464493989944458";"-1,24131071567535";"-9,43297576904297";"0,0947314649820328";"-0,0140262246131897";"-0,148064792156219"
"-0,983598947525024";"-1,21134126186371";"-2,20846462249756";"0,135810792446136";"0,00887498259544373";"-0,159539237618446"
"-0,981423377990723";"-3,12147402763367";"-6,34509372711182";"-0,0574198737740517";"0,0786802768707275";"-0,123926438391209"
"0,0667147636413574";"-1,79144263267517";"-12,1623620986938";"0,0501383394002914";"0,00770357251167297";"-0,158070102334023"
"-0,33647632598877";"-1,31424415111542";"-8,90716552734375";"0,0862226635217667";"-0,0315679311752319";"-0,169890731573105"
"-0,996398687362671";"-1,10432839393616";"-0,296905845403671";"0,150771602988243";"-0,0117651224136353";"-0,130460307002068"
"-0,494002342224121";"-3,66243982315063";"-9,18758869171143";"-0,07801803201437";"0,0364593118429184";"-0,0587725266814232"
"0,586319923400879";"-1,70658445358276";"-13,2110576629639";"0,00334222614765167";"-0,0198792219161987";"-0,131191402673721"
"-0,136803150177002";"-1,07682025432587";"-5,00576639175415";"0,0996516048908234";"-0,0744879394769669";"-0,154320925474167"
"-1,87792682647705";"-3,51329231262207";"-2,12085676193237";"-0,0152246057987213";"0,0425301492214203";"-0,156811445951462"
"-0,216354846954346";"-1,70177102088928";"-10,2170276641846";"0,0484543442726135";"0,0341435074806213";"-0,129228070378304"
"0,659043312072754";"-1,57022309303284";"-12,2942924499512";"0,0172430574893951";"-0,0365293025970459";"-0,189457550644875"
"0,086895227432251";"-1,56980490684509";"-4,81489515304565";"0,116308197379112";"-0,0738083273172379";"-0,111867919564247"
"-1,42673563957214";"-2,13836264610291";"-4,10159540176392";"-0,00671748816967011";"0,072692021727562";"-0,129752352833748"
"-0,374114990234375";"-2,19347667694092";"-12,2731237411499";"0,0281844735145569";"0,0555031895637512";"-0,162582948803902"
"-0,717370986938477";"-2,04266142845154";"-11,0145645141602";"0,0194542706012726";"0,0499143302440643";"-0,146189019083977"
"-0,432730913162231";"-1,6778519153595";"-3,97928929328918";"0,106471821665764";"-0,0284108221530914";"-0,149073392152786"
"-1,95956492424011";"-1,82618629932404";"-3,71063780784607";"0,0562845915555954";"0,0694809257984161";"-0,165834292769432"
"-0,58843731880188";"-3,11128807067871";"-12,9787034988403";"-0,0645933449268341";"0,0502486079931259";"-0,0732494592666626"
"2,11358547210693";"-1,27240180969238";"-8,00539875030518";"0,0804642736911774";"-0,171757519245148";"-0,2076386064291"
"-0,966200351715088";"-1,9927031993866";"-2,19180345535278";"0,048424556851387";"-0,00901857018470764";"-0,192766264081001"
"-1,66601991653442";"-2,7979691028595";"-8,59228038787842";"0,0111558139324188";"0,0578647553920746";"-0,139612630009651"
"-0,413969993591309";"-1,15752232074738";"-13,1661672592163";"0,0702710151672363";"0,0518685579299927";"-0,14468802511692"
"1,05810642242432";"-1,33918738365173";"-4,91858434677124";"0,0878587663173676";"-0,0887488126754761";"-0,169978260993958"
"-2,15624666213989";"-1,39283716678619";"-3,69799280166626";"0,120418526232243";"0,112417563796043";"-0,101053692400455"
"-1,00101757049561";"-2,01057982444763";"-11,0464143753052";"0,0270174294710159";"0,0522730946540833";"-0,154817447066307"
"-0,761022567749023";"-2,76853537559509";"-10,9955005645752";"-0,0263566821813583";"0,0780912339687347";"-0,180273562669754"
"0,449317932128906";"-1,9442036151886";"-4,89949750900269";"0,0610145330429077";"-0,0770286917686462";"-0,158923551440239"
"-1,70536303520203";"-1,85828375816345";"-3,90177583694458";"0,0796003937721252";"0,0756358057260513";"-0,126222610473633"
"-2,36823868751526";"-1,6305490732193";"-9,29251766204834";"0,0384959429502487";"0,116780653595924";"-0,131917208433151"
"0,390892744064331";"-1,48145580291748";"-10,3926191329956";"0,0969839841127396";"-0,0337816178798676";"-0,0921310558915138"
"1,65407705307007";"-1,61809325218201";"-4,58820629119873";"0,0739488303661346";"-0,147778242826462";"-0,223067879676819"
"-2,14111757278442";"-2,30387997627258";"-5,41468334197998";"0,00699393451213837";"0,104683309793472";"-0,160489901900291"
"-1,32295966148376";"-2,40678262710571";"-12,1752815246582";"0,0083831399679184";"0,0523861646652222";"-0,134803548455238"
"0,668437719345093";"-1,46836364269257";"-8,77118301391602";"0,0711393505334854";"-0,0434845089912415";"-0,126942023634911"
"-0,36911940574646";"-1,09204983711243";"-2,91756272315979";"0,107158958911896";"0,0104315578937531";"-0,115104302763939"
"-1,94863748550415";"-2,98657250404358";"-6,55924940109253";"-0,0420684814453125";"0,104990363121033";"-0,0700114890933037"
"-0,589400053024292";"-1,78724110126495";"-11,769458770752";"0,0648215413093567";"0,0227811634540558";"-0,136068537831306"
"0,5619797706604";"-1,73328733444214";"-7,58769941329956";"0,0773398727178574";"-0,0604453682899475";"-0,178674280643463"
"-0,483134746551514";"-0,75355327129364";"-3,03693985939026";"0,145156517624855";"0,00344231724739075";"-0,153516098856926"
"-1,34524297714233";"-2,96035671234131";"-7,5369119644165";"-0,0365104898810387";"0,0613811612129211";"-0,137359857559204"
"-1,11796832084656";"-1,7209724187851";"-11,4986295700073";"0,059320867061615";"0,0211452543735504";"-0,132211908698082"
"0,358294248580933";"-1,18607008457184";"-5,12008905410767";"0,113640606403351";"-0,0678732395172119";"-0,162427365779877"
"-0,424065589904785";"-2,24874758720398";"-2,52393960952759";"0,000681161880493164";"0,0126772820949554";"-0,143698945641518"
"-1,93178749084473";"-1,92322850227356";"-9,62716293334961";"0,0545357465744019";"0,108261555433273";"-0,182277709245682"
"-0,968291759490967";"-2,28333210945129";"-11,33203125";"-0,00363369286060333";"0,00344482064247131";"-0,136002063751221"
"-0,119173288345337";"-0,698886394500732";"-5,15779781341553";"0,173524051904678";"0,0203317552804947";"-0,120731949806213"
"-0,95131516456604";"-2,36292457580566";"-2,0835964679718";"-0,00989145040512085";"0,0449437350034714";"-0,119903527200222"
"-0,688217401504517";"-2,11706185340881";"-11,1921215057373";"0,0327614694833755";"0,0247860550880432";"-0,096048928797245"
"-0,609013557434082";"-3,02129793167114";"-11,9134397506714";"-0,0495536774396896";"0,0140906870365143";"-0,16504043340683"
"-0,361965656280518";"-1,51348686218262";"-2,64665937423706";"0,141477003693581";"-0,000452667474746704";"-0,165032714605331"
"-1,13427424430847";"-1,11515724658966";"-4,18184661865234";"0,0495817363262177";"0,066943883895874";"-0,170690506696701"
"-0,0442228317260742";"-2,84564542770386";"-13,0098209381104";"-0,0330191403627396";"-0,0195493698120117";"-0,175455898046494"
"-1,22410416603088";"-1,62310039997101";"-9,7708854675293";"0,103534325957298";"0,0179637521505356";"-0,129523366689682"
"-0,0625927448272705";"-2,40566468238831";"-2,61195015907288";"-0,0158834308385849";"-0,0155592262744904";"-0,133913889527321"
"-0,410151243209839";"-1,48722577095032";"-8,43684482574463";"0,0595510751008987";"0,0325801968574524";"-0,15464985370636"
"-1,29817318916321";"-2,62974905967712";"-11,6917486190796";"-0,0331332981586456";"0,0508104264736176";"-0,162830278277397"
"0,282573223114014";"-2,40985035896301";"-7,35478115081787";"0,0251097828149796";"-0,0961447060108185";"-0,169073060154915"
"-0,611063957214355";"-1,40660381317139";"-3,45869517326355";"0,0950402021408081";"0,0436289012432098";"-0,125441491603851"
"-1,15092420578003";"-1,16636550426483";"-7,26668214797974";"0,0879715904593468";"0,0885959714651108";"-0,0989784747362137"
"-0,627721309661865";"-3,16275882720947";"-12,1001987457275";"-0,0715762376785278";"0,0203489065170288";"-0,14160817861557"
"0,442756414413452";"-1,73722124099731";"-5,81170606613159";"0,112689211964607";"-0,103775203227997";"-0,144034266471863"
"-1,22384357452393";"-1,54149627685547";"-2,53215456008911";"0,106843814253807";"0,0723923444747925";"-0,131730377674103"
"-1,18594598770142";"-1,73310470581055";"-8,71097564697266";"-0,0140367299318314";"0,0747776925563812";"-0,185595273971558"
"0,041691780090332";"-2,10572552680969";"-10,7538280487061";"0,0290819108486176";"-0,0340529978275299";"-0,135327249765396"
"-0,638675689697266";"-2,5115065574646";"-5,12082958221436";"0,0784248560667038";"-0,0319879651069641";"-0,135884493589401"
"-1,34851956367493";"-0,959485113620758";"-4,24742031097412";"0,101481720805168";"0,103238835930824";"-0,133021742105484"
"-1,33048605918884";"-1,4643337726593";"-12,0262432098389";"0,0263399034738541";"0,104574233293533";"-0,148785814642906"
"-0,668095827102661";"-2,22847700119019";"-9,39903450012207";"0,0360736697912216";"-0,0305148363113403";"-0,146928653120995"
"-0,0826859474182129";"-1,2153205871582";"-3,32240748405457";"0,123909398913383";"-0,0541033148765564";"-0,153131991624832"
"-1,28020167350769";"-2,43326950073242";"-6,27941513061523";"-0,0253197699785233";"0,124408543109894";"-0,114656001329422"
"-0,582905769348145";"-1,70694017410278";"-12,196949005127";"0,0222517624497414";"0,0390680283308029";"-0,0705887675285339"
"0,647822856903076";"-1,97202265262604";"-8,09731483459473";"0,0362808704376221";"-0,108612239360809";"-0,183137387037277"
"-0,774176597595215";"-1,57007169723511";"-3,42486667633057";"0,130793020129204";"0,00876924395561218";"-0,193806767463684"
"-1,57551193237305";"-2,48256874084473";"-6,71681213378906";"-0,0173996984958649";"0,129250049591064";"-0,10182598233223"
"-0,404278755187988";"-0,650444746017456";"-12,0396909713745";"0,0873894542455673";"0,0199873447418213";"-0,182599008083344"
"-0,166048645973206";"-2,59135890007019";"-9,64330673217773";"0,0386809483170509";"-0,0147392861545086";"0,0112381232902408"
"-0,756425321102142";"-0,402196228504181";"-6,08824777603149";"0,0950243771076202";"0,047410361468792";"0,0304649490863085"
"-1,43887865543365";"-2,80387187004089";"-1,58960807323456";"-0,000231893733143806";"0,0941073969006538";"0,0288834813982248"
"-1,086834192276";"-1,95424604415894";"-5,0196385383606";"0,0507136732339859";"0,0795697197318077";"0,0240253284573555"
"0,0904858410358429";"-0,00977323949337006";"-6,28225088119507";"0,0519693456590176";"-0,0191524960100651";"0,015568183735013"
"-1,00042462348938";"-1,17657494544983";"-2,57401537895203";"0,0264896955341101";"-0,00172362104058266";"0,019623875617981"
"-0,686969339847565";"-1,0408855676651";"-2,51971316337585";"0,0203460585325956";"0,0101254768669605";"0,0309299603104591"
"-0,497700572013855";"-0,0353021621704102";"-4,61560344696045";"0,0822240114212036";"0,00159860961139202";"0,00754570169374347"
"-1,7560168504715";"-0,0975904762744904";"-5,24803304672241";"0,0705828368663788";"0,0987224578857422";"-0,00363190658390522"
"-0,0902629941701889";"-0,846725225448608";"-2,74793362617493";"-0,00251202657818794";"-0,0259403511881828";"0,0249448604881763"
"-0,301628470420837";"0,249182015657425";"-2,01088094711304";"0,0658127516508102";"-0,0281563065946102";"0,0172830484807491"
"-0,820748925209045";"-0,467050731182098";"-2,65729713439941";"-0,0053331833332777";"0,0255076829344034";"0,0142247546464205"
"0,0110584795475006";"-0,0150679722428322";"-2,69152569770813";"0,0453196428716183";"-0,0176437180489302";"0,00613440480083227"
"-0,789378583431244";"0,15200774371624";"-4,55872678756714";"0,0414923131465912";"0,0191115587949753";"0,00818288512527943"
"-0,316522181034088";"0,456726342439651";"-2,77802181243896";"0,0437945127487183";"-0,000701740384101868";"0,00909700430929661"
"-0,0806072801351547";"-0,28508135676384";"-3,18076586723328";"0,00404685828834772";"0,0112704606726766";"0,0137859657406807"
"-0,236651420593262";"0,0207890272140503";"-2,37255454063416";"0,0311068408191204";"-0,00314339250326157";"0,0164059773087502"
"-0,136491894721985";"0,660564661026001";"-2,81095409393311";"0,0281666461378336";"-0,00203225761651993";"0,0136696817353368"
"0,15620481967926";"-0,176870658993721";"-2,8010675907135";"0,0124460300430655";"0,000157236121594906";"0,0137576460838318"
"-0,223325252532959";"0,29389026761055";"-2,63779902458191";"0,0277145002037287";"-0,000915691256523132";"0,0128203649073839"
"0,146468162536621";"0,382907927036285";"-2,40825176239014";"0,0247164666652679";"0,00257142446935177";"0,00969330780208111"
"-0,084531158208847";"-0,0718577206134796";"-2,32532691955566";"0,0154792238026857";"-9,36053693294525E-05";"0,0191132705658674"
"-0,0248546898365021";"0,323876619338989";"-2,35302424430847";"0,0107031334191561";"0,00446818582713604";"0,0104436306282878"
"0,0975584089756012";"-0,138081431388855";"-2,30077910423279";"0,0122625082731247";"0,00294920522719622";"0,0113331284373999"
"-0,168680101633072";"0,42273622751236";"-2,15951180458069";"0,0192832704633474";"0,00616464018821716";"0,0141672138124704"
"0,0549192130565643";"-0,121595099568367";"-2,03885102272034";"0,010338393971324";"0,00762671418488026";"0,0148641038686037"
"-0,108947545289993";"0,384429097175598";"-1,97068774700165";"0,016632504761219";"0,000569656491279602";"0,0117975603789091"
"0,146533489227295";"-0,09514020383358";"-1,94658517837524";"0,0126648265868425";"0,00315215066075325";"0,0169809646904469"
"-0,122198939323425";"0,402830600738525";"-1,9234516620636";"0,0190096404403448";"-4,15109097957611E-05";"0,0124299731105566"
"0,0662226229906082";"-0,121449336409569";"-1,96620118618011";"0,00970740430057049";"0,00551784131675959";"0,0131695605814457"
"0,0367625653743744";"0,440465420484543";"-1,84481382369995";"0,0189321432262659";"-0,00371261313557625";"0,0122503917664289"
"-0,0379746556282043";"-0,0370319485664368";"-1,82890689373016";"0,0222814623266459";"0,0054132379591465";"0,0137203177437186"
"0,230599224567413";"0,359443604946136";"-1,70573747158051";"0,0142864575609565";"-0,0107095614075661";"0,0122667532414198"
"-0,162143692374229";"-0,141734182834625";"-1,74008417129517";"0,00886614434421062";"0,00286546535789967";"0,0133141223341227"
"0,183699190616608";"0,303713947534561";"-1,65119779109955";"0,0157036557793617";"0,00290628336369991";"0,0118517018854618"
"-0,196846723556519";"0,0902598798274994";"-1,57958424091339";"0,0123847974464297";"0,00134613364934921";"0,0131095536053181"
"0,150367334485054";"0,0736072063446045";"-1,62512373924255";"0,0151645699515939";"0,00398493651300669";"0,011710993014276"
"0,0291230082511902";"0,290164113044739";"-1,53296601772308";"0,0117711452767253";"-0,00593014247715473";"0,0104355299845338"
"-0,167572721838951";"-0,0591210275888443";"-1,45901262760162";"0,0151141760870814";"0,00759340263903141";"0,0107965655624866"
"0,316785752773285";"0,272435784339905";"-1,45171618461609";"0,0151115013286471";"-0,00703494250774384";"0,0128436768427491"
"-0,409099698066711";"0,0898773670196533";"-1,38757729530334";"0,0114601161330938";"0,0152544341981411";"0,0166935008019209"
"0,288317918777466";"0,0308214239776134";"-1,4221259355545";"0,0143697559833527";"-0,00761019671335816";"0,00980254542082548"
"-0,0966562330722809";"0,228755995631218";"-1,3085423707962";"0,00875930767506361";"0,00478752702474594";"0,0122102685272694"
"-0,0724999755620956";"0,00781328976154327";"-1,36888408660889";"0,0122983055189252";"-0,000436538830399513";"0,0112154241651297"
"0,186078384518623";"0,13247986137867";"-1,32730042934418";"0,0147563964128494";"0,000103230588138103";"0,00990345329046249"
"0,0123157799243927";"0,181517198681831";"-1,34945273399353";"0,00941096059978008";"-0,00642216019332409";"0,01336320489645"
"-0,0224902927875519";"-0,0429907143115997";"-1,2655543088913";"0,00687165651470423";"-0,00102449953556061";"0,0137836113572121"
"0,155884325504303";"0,00211285799741745";"-1,29079520702362";"0,0023162504658103";"-0,000607544556260109";"0,0120440293103456"
"0,0195392072200775";"0,149213403463364";"-1,31865310668945";"0,00546232145279646";"-0,00278916582465172";"0,0125773036852479"
"-0,0968327671289444";"0,0299528837203979";"-1,20235240459442";"0,0107429604977369";"0,00141229666769505";"0,0100519983097911"
"0,141434729099274";"0,103212282061577";"-1,18287396430969";"0,01393355242908";"-9,52612608671188E-05";"0,0133863463997841"
"-0,0416938215494156";"0,166533932089806";"-1,1990739107132";"0,00802254676818848";"0,00159034132957458";"0,00889019295573235"
"-0,0296618938446045";"0,0603626295924187";"-1,18275892734528";"0,0105207320302725";"-0,000799741595983505";"0,0109683088958263"
"0,130867153406143";"0,0938833951950073";"-1,17168772220612";"0,0125096328556538";"-0,00377619825303555";"0,0144373197108507"
"0,0903340876102448";"0,0968336760997772";"-1,10605072975159";"0,00480288546532393";"-0,00409870222210884";"0,00983893498778343"
"0,12558202445507";"-0,209705397486687";"-1,20910775661469";"-0,0179068744182587";"-0,0134867057204247";"0,00397426076233387"
"-0,0319792330265045";"-0,0370284020900726";"-1,15438282489777";"0,00297325290739536";"0,00217126123607159";"0,0129349939525127"
"0,0834759473800659";"0,133946239948273";"-1,03049778938293";"0,0130107058212161";"0,00078749842941761";"0,0112201049923897"
"-0,0360715091228485";"0,17813403904438";"-1,13484644889832";"0,0110843991860747";"0,00120638497173786";"0,0119802393019199"
"0,0176358073949814";"0,0686957016587257";"-1,04654431343079";"0,00946292746812105";"-0,00295833684504032";"0,00939095299690962"
"0,0423295497894287";"0,050968199968338";"-1,03922927379608";"0,00825060345232487";"-0,00107548944652081";"0,01229696162045"
"0,0737552493810654";"0,0826468020677567";"-0,962999165058136";"0,00752543145790696";"-0,00233147758990526";"0,0080938171595335"
"-0,0113286077976227";"0,145717710256577";"-1,04483044147491";"0,0102607980370522";"0,00113058835268021";"0,0104287043213844"
"0,0349636226892471";"0,0312694907188416";"-0,932091891765594";"0,00556482933461666";"-0,00332494080066681";"0,0112924175336957"
"0,0311220735311508";"0,047910675406456";"-0,968274414539337";"0,00689656194299459";"-0,000735517591238022";"0,0089255953207612"
"0,0166093409061432";"0,122602544724941";"-0,959800183773041";"0,0107677532359958";"0,000980546697974205";"0,01151611097157"
"0,0324536114931107";"0,109822854399681";"-0,984345555305481";"0,00843722745776176";"-0,00146491080522537";"0,0100750122219324"
"0,0242340266704559";"0,0550842732191086";"-0,890768229961395";"0,00780328270047903";"-0,000734368339180946";"0,0151230245828629"
"-0,00458142161369324";"0,102279968559742";"-0,953762590885162";"0,00800392031669617";"0,00168959423899651";"0,0116071598604321"
"-0,0159820020198822";"0,136332213878632";"-0,872877717018127";"0,0119003411382437";"0,000654008239507675";"0,0115394964814186"
"-0,00452336668968201";"0,0326784998178482";"-0,899343132972717";"0,00586065743118525";"0,000769736245274544";"0,00934772752225399"
"0,030427873134613";"0,0604425147175789";"-0,946057260036469";"0,00668769981712103";"9,41883772611618E-05";"0,0101284570991993"
"0,0449241101741791";"0,125563979148865";"-0,880366921424866";"0,00990442931652069";"-0,000182522460818291";"0,0087342094630003"
"0,0221589803695679";"0,119152650237083";"-0,83809757232666";"0,00676056230440736";"-0,00195988267660141";"0,0102296927943826"
"-0,0338686108589172";"0,0823922902345657";"-0,847920954227448";"0,00809707306325436";"-0,000169327482581139";"0,0103993909433484"
"0,0302108377218246";"-0,00987859815359116";"-0,870970964431763";"0,00436897575855255";"-0,00283041317015886";"0,00924259703606367"
"0,0388296730816364";"0,0172070413827896";"-0,81873619556427";"0,00626125745475292";"-0,000918594188988209";"0,00217501446604729"
"0,103507608175278";"0,114479526877403";"-0,859937250614166";"0,00846646539866924";"-0,00128840282559395";"0,0108569590374827"
"0,0387026965618134";"0,167813673615456";"-0,832649648189545";"0,00760545814409852";"-0,00255168601870537";"0,0100636873394251"
"-0,0769543200731277";"0,112412750720978";"-0,847794055938721";"0,00709397997707129";"-0,000290397554636002";"0,0100282039493322"
"-0,0349655598402023";"0,000956475734710693";"-0,803085803985596";"0,00689291162416339";"-0,000731188803911209";"0,008770901709795"
"0,0318287909030914";"-0,0259801149368286";"-0,841180980205536";"0,00559864239767194";"7,657241076231E-05";"0,00853260140866041"
"0,109227851033211";"0,0905200392007828";"-0,770617306232452";"0,0098290229216218";"0,000299376435577869";"0,0079767145216465"
"0,0909602791070938";"0,171946629881859";"-0,74278312921524";"0,00876657851040363";"-0,000778404995799065";"0,008624785579741"
"0,00478428602218628";"0,19855934381485";"-0,79198956489563";"0,00708894990384579";"-0,00241024978458881";"0,0097470935434103"
"-0,0894892960786819";"0,108194999396801";"-0,770750522613525";"0,0075395992025733";"-0,00052952766418457";"0,010200665332377"
"-0,0680899769067764";"-0,00244174152612686";"-0,770525813102722";"0,00652146898210049";"-0,00111266691237688";"0,00704618450254202"
"0,00474946200847626";"-0,0259667187929153";"-0,791635155677795";"0,00789946783334017";"0,00121397711336613";"0,0110909510403872"
"0,143722102046013";"-0,0198114365339279";"-0,758344054222107";"0,00466324295848608";"-0,00290651898831129";"0,00953926611691713"
"0,152321249246597";"0,122931033372879";"-0,716442346572876";"0,00714609213173389";"-0,000580270774662495";"0,00888373423367739"
"0,0659995973110199";"0,226349025964737";"-0,717709004878998";"0,00855349004268646";"0,000230578705668449";"0,00990058667957783"
"-0,0421350747346878";"0,206825315952301";"-0,751834154129028";"0,00646552350372076";"-0,00183315016329288";"0,00838121026754379"
"-0,108602330088615";"0,114765197038651";"-0,720744788646698";"0,00669452827423811";"-0,00232551433146";"0,00955612771213055"
"-0,101772367954254";"-0,0303375422954559";"-0,720342099666595";"0,00485847750678658";"-0,00150353834033012";"0,00879661645740271"
"-0,0159831792116165";"-0,0701092034578323";"-0,754875659942627";"0,00688185077160597";"-0,000494968146085739";"0,00984130427241325"
"0,110670655965805";"-0,07109434902668";"-0,742218852043152";"0,00521046528592706";"-0,00116501934826374";"0,0100467205047607"
"0,173147737979889";"0,0432098023593426";"-0,717189967632294";"0,00714387558400631";"-0,000110979191958904";"0,0104649104177952"
"0,185711875557899";"0,136037617921829";"-0,695351481437683";"0,00439456012099981";"-0,00158536341041327";"0,00806544534862041"
"0,10317587852478";"0,251022398471832";"-0,692315399646759";"0,0057755745947361";"-0,00277367047965527";"0,00953254383057356"
"-0,0358971953392029";"0,271805047988892";"-0,716730833053589";"0,00822330545634031";"-0,00186974741518497";"0,00824218615889549"
"-0,137999281287193";"0,164079040288925";"-0,69676411151886";"0,00648536160588264";"-0,0016194898635149";"0,00956644862890244"
"-0,162290707230568";"0,0560787245631218";"-0,685136079788208";"0,00659890845417976";"-0,00115096569061279";"0,00772138405591249"
"-0,089267298579216";"-0,0752004235982895";"-0,701448082923889";"0,00435065338388085";"-0,00285375863313675";"0,0093076890334487"
"-0,0130519941449165";"-0,108339361846447";"-0,678220152854919";"0,00703582493588328";"-0,00104014296084642";"0,00638069352135062"
"0,072374515235424";"-0,133218839764595";"-0,614457011222839";"0,00415814481675625";"-0,00069364532828331";"0,00541790947318077"
"0,165662437677383";"-0,0337482392787933";"-0,710694968700409";"0,00653859740123153";"0,000709023326635361";"0,00893925968557596"
"0,232261270284653";"0,0538459904491901";"-0,651071906089783";"0,00452705379575491";"-0,00171651598066092";"0,0107524739578366"
"0,216165021061897";"0,152145743370056";"-0,664349496364594";"0,00394532363861799";"-0,00202347990125418";"0,00933736283332109"
"0,119381248950958";"0,259890139102936";"-0,624654948711395";"0,0062157716602087";"-0,000951854512095451";"0,00807763915508986"
"0,0221031010150909";"0,268013507127762";"-0,66514527797699";"0,005099693313241";"-0,00159194134175777";"0,00932142697274685"
"-0,0677188038825989";"0,241192013025284";"-0,64197188615799";"0,00445165671408176";"-0,00156114995479584";"0,00867077335715294"
"-0,123259514570236";"0,192216530442238";"-0,65269547700882";"0,00545800291001797";"-0,00273757986724377";"0,0090241301804781"
"-0,149115115404129";"0,096647322177887";"-0,654006361961365";"0,00485993549227715";"-0,0026162751019001";"0,00871570967137814"
"-0,146126955747604";"0,0167096555233002";"-0,630238354206085";"0,00530233606696129";"-0,00258572585880756";"0,00876402854919434"
"-0,14549332857132";"-0,0466001778841019";"-0,609800159931183";"0,00516611617058516";"-0,000536547973752022";"0,0101514905691147"
"-0,0377240031957626";"-0,0681885629892349";"-0,613183796405792";"0,00630829017609358";"-0,00249597243964672";"0,00774671230465174"
"0,0119996070861816";"-0,111841633915901";"-0,646743774414063";"0,00441802851855755";"-0,00132107641547918";"0,0080197136849165"
"0,0550365298986435";"-0,0848088040947914";"-0,604425132274628";"0,00641680741682649";"0,000149784609675407";"0,00894670374691486"
"0,132654011249542";"-0,0652578324079514";"-0,595755457878113";"0,00461205467581749";"-0,00156153179705143";"0,00874496810138226"
"0,146094858646393";"-0,0143968686461449";"-0,615511178970337";"0,00479355035349727";"1,38841569423676E-05";"0,00909237656742334"
"0,238586723804474";"0,0710352063179016";"-0,66005152463913";"0,00565426982939243";"0,00144980801269412";"0,00886474549770355"
"0,121187090873718";"0,150928422808647";"-0,666545569896698";"0,00432523526251316";"0,000844079069793224";"0,00850292667746544"
"0,074287474155426";"0,140721574425697";"-0,559476256370544";"0,00474029220640659";"-0,00030842050909996";"0,00809360295534134"
"0,0677986592054367";"0,128501072525978";"-0,550534784793854";"0,00368360802531242";"-0,000882808119058609";"0,0086197666823864"
"0,0596350878477097";"0,14533631503582";"-0,634726405143738";"0,00234541762620211";"-0,000604255124926567";"0,00903262197971344"
"0,0389766544103622";"0,128962352871895";"-0,571504175662994";"0,00259936926886439";"-0,00182214938104153";"0,00860177539288998"
"-0,00653943419456482";"0,138112083077431";"-0,607406973838806";"0,00353174796327949";"-0,00115036033093929";"0,00819500721991062"
"0,0170692354440689";"0,120459005236626";"-0,608538508415222";"0,002080038189888";"-0,00111798942089081";"0,00907869357615709"
"-0,0164228081703186";"0,0970439091324806";"-0,562249779701233";"0,00258222641423345";"-0,00142199359834194";"0,00684817973524332"
"0,0150832086801529";"0,0867204070091248";"-0,594917714595795";"0,000954781658947468";"-0,0034234244376421";"0,00892716646194458"
"-0,0439031273126602";"0,0727534294128418";"-0,550842702388763";"0,00326124671846628";"-0,00201603397727013";"0,00923334155231714"
"-0,0451181083917618";"0,0652033537626266";"-0,59917938709259";"0,00094044953584671";"-0,00188739039003849";"0,00758632365614176"
"-0,00693312287330627";"0,0309635400772095";"-0,619504034519196";"0,000633278861641884";"-0,00176033191382885";"0,0109959356486797"
"0,00840768218040466";"0,0874339416623116";"-0,565185487270355";"0,0037642284296453";"-0,00273706484586";"0,00398879684507847"
"-0,0248504281044006";"0,0833306387066841";"-0,580455183982849";"0,00410385150462389";"-0,00378273241221905";"0,0110123474150896"
"0,0224328935146332";"0,0283564180135727";"-0,564582109451294";"0,0011964337900281";"-0,00405928678810596";"0,00875979289412498"
"0,00373160839080811";"0,0408352613449097";"-0,603749513626099";"0,0027543343603611";"-0,00442645139992237";"0,0140366703271866"
"0,0310806483030319";"0,0402862280607224";"-0,539911091327667";"0,00137588009238243";"-0,00369610823690891";"0,00899216346442699"
"0,00813983380794525";"0,0491384789347649";"-0,574496328830719";"0,00086692813783884";"-0,00293272454291582";"0,00491059338673949"
"0,0248662605881691";"0,0659597516059875";"-0,60653954744339";"0,001554497750476";"-0,00388414366170764";"-0,00223887269385159"
"0,0223207995295525";"0,0686168298125267";"-0,560508728027344";"0,00204094219952822";"-0,00429670698940754";"-0,00217733578756452"
"0,0182504057884216";"0,0575114116072655";"-0,570818305015564";"0,00191712379455566";"-0,00429106410592794";"-0,00115155370440334"
"0,0296035036444664";"0,0711869969964027";"-0,555754482746124";"0,00270504248328507";"-0,00483635067939758";"-0,000438683608081192"
"0,0216114688664675";"0,0604403540492058";"-0,535962343215942";"0,00210421252995729";"-0,00444746064022183";"-0,000288779730908573"
"0,00645999796688557";"0,0579885914921761";"-0,574349641799927";"0,00142429501283914";"-0,00287058483809233";"2,30604491662234E-05"
"0,015550447627902";"0,0742712318897247";"-0,584398329257965";"0,00262622465379536";"-0,00359160895459354";"0,000307396316202357"
"0,0183341410011053";"0,0635353028774261";"-0,554733216762543";"0,00185842567589134";"-0,00389591604471207";"-0,000296765065286309"
"0,0218169540166855";"0,0577402301132679";"-0,564181685447693";"0,00150321901310235";"-0,00408903462812305";"-0,000315234210574999"
"0,0163549669086933";"0,0697496384382248";"-0,551969230175018";"0,00260776071809232";"-0,00419254321604967";"-0,000411449611419812"
"0,0156051712110639";"0,0674804747104645";"-0,533864378929138";"0,00217583682388067";"-0,00367093668319285";"-0,000143430705065839"
"0,0293555874377489";"0,053835965692997";"-0,568071842193604";"0,00148084829561412";"-0,00505111925303936";"-0,000132114335428923"
"0,018370958045125";"0,0644494742155075";"-0,539327800273895";"0,00191154237836599";"-0,0038062883540988";"-0,000389426393667236"
"0,0160167552530766";"0,0549277402460575";"-0,568461835384369";"0,0013845122884959";"-0,00389236956834793";"-0,000104093414847739"
